Filename,Param_1,Param_2,Param_3,Param_4,Param_5,Param_6,Param_7,Param_8,Tool,Result,Time_Seconds
p_0.00_2000.00_0.00_2000.00_0.0800_10000.00_0.50_0.50.smt2,0.00,2000.00,0.00,2000.00,0.0800,10000.00,0.50,0.50,Spacer,TIMEOUT,323.9496
p_0.00_2000.00_0.00_2000.00_0.0800_10000.00_0.50_0.50.smt2,0.00,2000.00,0.00,2000.00,0.0800,10000.00,0.50,0.50,Golem,TIMEOUT,322.7689
p_0.00_2000.00_0.00_2000.00_0.0800_10000.00_0.50_1.00.smt2,0.00,2000.00,0.00,2000.00,0.0800,10000.00,0.50,1.00,Spacer,TIMEOUT,319.9223
p_0.00_2000.00_0.00_2000.00_0.0800_10000.00_0.50_1.00.smt2,0.00,2000.00,0.00,2000.00,0.0800,10000.00,0.50,1.00,Golem,TIMEOUT,322.8777
p_0.00_2000.00_0.00_2000.00_0.0800_10000.00_1.00_0.50.smt2,0.00,2000.00,0.00,2000.00,0.0800,10000.00,1.00,0.50,Spacer,TIMEOUT,323.5850
p_0.00_2000.00_0.00_2000.00_0.0800_10000.00_1.00_0.50.smt2,0.00,2000.00,0.00,2000.00,0.0800,10000.00,1.00,0.50,Golem,TIMEOUT,325.4046
p_0.00_2000.00_0.00_2000.00_0.0800_10000.00_1.00_1.00.smt2,0.00,2000.00,0.00,2000.00,0.0800,10000.00,1.00,1.00,Spacer,TIMEOUT,323.7419
p_0.00_2000.00_0.00_2000.00_0.0800_10000.00_1.00_1.00.smt2,0.00,2000.00,0.00,2000.00,0.0800,10000.00,1.00,1.00,Golem,TIMEOUT,324.1918
p_0.00_2000.00_0.00_2000.00_0.0800_110.00_0.50_0.50.smt2,0.00,2000.00,0.00,2000.00,0.0800,110.00,0.50,0.50,Spacer,sat (   (define-fun Inv ((x!0 Real)    (x!1 Real)    (x!2 Real)    (x!3 Real)    (x!4 Real)    (x!5 Real)) Bool     (let ((a!1 (or (not (>= x!4 108.0))                    (>= (+ (* 1.0869565217? x!0) (* (- 1.0869565217?) x!5))                        (- 0.5907372400?))))           (a!2 (or (<= x!4 0.0)                    (<= (+ (* 0.0002600129? x!0) (* (- 0.0002600129?) x!5))                        0.4784237493?)))           (a!3 (or (<= x!4 1.0)                    (<= (+ (* 0.0002826227? x!0) (* (- 0.0002826227?) x!5)) 0.5)))           (a!4 (or (not (>= x!4 12.0))                    (<= (+ (* 0.0003071986? x!0) (* (- 0.0003071986?) x!5)) 0.5)))           (a!5 (or (not (>= x!4 14.0))                    (<= (+ (* 1.0869565217? x!0) (* (- 1.0869565217?) x!5))                        1497.4025871985?)))           (a!6 (or (not (>= x!4 13.0))                    (<= (+ (* 0.0003339115? x!0) (* (- 0.0003339115?) x!5)) 0.5)))           (a!7 (or (not (>= x!4 15.0))                    (<= (+ (* 1.0869565217? x!0) (* (- 1.0869565217?) x!5))                        1377.6103802226?)))           (a!8 (or (not (>= x!4 16.0))                    (<= (+ (* 1.0869565217? x!0) (* (- 1.0869565217?) x!5))                        1267.4015498048?)))           (a!9 (or (not (>= x!4 17.0))                    (<= (+ (* 1.0869565217? x!0) (* (- 1.0869565217?) x!5))                        1166.0094258204?)))           (a!10 (or (not (>= x!4 18.0))                     (<= (+ (* 0.0005066316? x!0) (* (- 0.0005066316?) x!5)) 0.5)))           (a!11 (or (not (>= x!4 20.0))                     (<= (+ (* 1.0869565217? x!0) (* (- 1.0869565217?) x!5))                         907.9575477732?)))           (a!12 (or (not (>= x!4 19.0))                     (<= (+ (* 0.0005506865? x!0) (* (- 0.0005506865?) x!5)) 0.5)))           (a!13 (or (not (>= x!4 21.0))                     (<= (+ (* 1.0869565217? x!0) (* (- 1.0869565217?) x!5))                         835.3209439514?)))           (a!14 (or (not (>= x!4 22.0))                     (<= (+ (* 1.0869565217? x!0) (* (- 1.0869565217?) x!5))                         768.4952684352?)))           (a!15 (or (not (>= x!4 23.0))                     (<= (+ (* 1.0869565217? x!0) (* (- 1.0869565217?) x!5))                         707.0156469604?)))           (a!16 (or (not (>= x!4 24.0))                     (<= (+ (* 1.0869565217? x!0) (* (- 1.0869565217?) x!5))                         650.4543952036?)))           (a!17 (or (not (>= x!4 25.0))                     (<= (+ (* 1.0869565217? x!0) (* (- 1.0869565217?) x!5))                         598.4180435873?)))           (a!18 (or (not (>= x!4 26.0))                     (<= (+ (* 1.0869565217? x!0) (* (- 1.0869565217?) x!5))                         550.5446001003?)))           (a!19 (or (not (>= x!4 27.0))                     (<= (+ (* 0.0010730052? x!0) (* (- 0.0010730052?) x!5)) 0.5)))           (a!20 (or (not (>= x!4 29.0))                     (<= (+ (* 1.0869565217? x!0) (* (- 1.0869565217?) x!5))                         428.7024735629?)))           (a!21 (or (not (>= x!4 28.0))                     (<= (+ (* 0.0011663100? x!0) (* (- 0.0011663100?) x!5)) 0.5)))           (a!22 (or (not (>= x!4 30.0))                     (<= (+ (* 0.0013779655? x!0) (* (- 0.0013779655?) x!5)) 0.5)))           (a!23 (or (not (>= x!4 31.0))                     (<= (+ (* 0.0014977886? x!0) (* (- 0.0014977886?) x!5)) 0.5)))           (a!24 (or (not (>= x!4 32.0))                     (<= (+ (* 1.0869565217? x!0) (* (- 1.0869565217?) x!5))                         333.8254717337?)))           (a!25 (or (not (>= x!4 33.0))                     (<= (+ (* 0.0017695990? x!0) (* (- 0.0017695990?) x!5)) 0.5)))           (a!26 (or (not (>= x!4 34.0))                     (<= (+ (* 1.0869565217? x!0) (* (- 1.0869565217?) x!5))                         282.5498792754?)))           (a!27 (or (not (>= x!4 35.0))                     (<= (+ (* 0.0020907361? x!0) (* (- 0.0020907361?) x!5)) 0.5)))           (a!28 (or (not (>= x!4 36.0))                     (<= (+ (* 0.0022725392? x!0) (* (- 0.0022725392?) x!5)) 0.5)))           (a!29 (or (not (>= x!4 37.0))                     (<= (+ (* 1.0869565217? x!0) (* (- 1.0869565217?) x!5))                         220.0182003932?)))           (a!30 (or (not (>= x!4 39.0))                     (<= (+ (* 1.0869565217? x!0) (* (- 1.0869565217?) x!5))                         186.2234048128?)))           (a!31 (or (not (>= x!4 38.0))                     (<= (+ (* 0.0026849471? x!0) (* (- 0.0026849471?) x!5)) 0.5)))           (a!32 (or (not (>= x!4 40.0))                     (<= (+ (* 0.0031721965? x!0) (* (- 0.0031721965?) x!5)) 0.5)))           (a!33 (or (not (>= x!4 41.0))                     (<= (+ (* 1.0869565217? x!0) (* (- 1.0869565217?) x!5))                         157.6194898336?)))           (a!34 (or (not (>= x!4 43.0))                     (<= (+ (* 1.0869565217? x!0) (* (- 1.0869565217?) x!5))                         133.4091361951?)))           (a!35 (or (not (>= x!4 42.0))                     (<= (+ (* 0.0037478692? x!0) (* (- 0.0037478692?) x!5)) 0.5)))           (a!36 (or (not (>= x!4 45.0))                     (<= (+ (* 1.0869565217? x!0) (* (- 1.0869565217?) x!5))                         112.9174928755?)))           (a!37 (or (not (>= x!4 44.0))                     (<= (+ (* 0.0044280118? x!0) (* (- 0.0044280118?) x!5)) 0.5)))           (a!38 (or (not (>= x!4 46.0))                     (<= (+ (* 1.0869565217? x!0) (* (- 1.0869565217?) x!5))                         103.8840934455?)))           (a!39 (or (not (>= x!4 47.0))                     (<= (+ (* 1.0869565217? x!0) (* (- 1.0869565217?) x!5))                         95.5733659698?)))           (a!40 (or (not (>= x!4 49.0))                     (<= (+ (* 1.0869565217? x!0) (* (- 1.0869565217?) x!5))                         80.8932969569?)))           (a!41 (or (not (>= x!4 48.0))                     (<= (+ (* 1.0869565217? x!0) (* (- 1.0869565217?) x!5))                         87.9274966923?)))           (a!42 (or (not (>= x!4 51.0))                     (<= (+ (* 1.0869565217? x!0) (* (- 1.0869565217?) x!5))                         68.4680865443?)))           (a!43 (or (not (>= x!4 50.0))                     (<= (+ (* 1.0869565217? x!0) (* (- 1.0869565217?) x!5))                         74.4218332003?)))           (a!44 (or (not (>= x!4 52.0))                     (<= (+ (* 1.0869565217? x!0) (* (- 1.0869565217?) x!5))                         62.9906396207?)))           (a!45 (or (not (>= x!4 53.0))                     (<= (+ (* 1.0869565217? x!0) (* (- 1.0869565217?) x!5))                         57.9513884511?)))           (a!46 (or (not (>= x!4 54.0))                     (<= (+ (* 1.0869565217? x!0) (* (- 1.0869565217?) x!5))                         53.3152773750?)))           (a!47 (or (not (>= x!4 55.0))                     (<= (+ (* 1.0869565217? x!0) (* (- 1.0869565217?) x!5))                         49.0500551850?)))           (a!48 (or (not (>= x!4 56.0))                     (<= (+ (* 1.0869565217? x!0) (* (- 1.0869565217?) x!5))                         45.1260507702?)))           (a!49 (or (not (>= x!4 57.0))                     (<= (+ (* 1.0869565217? x!0) (* (- 1.0869565217?) x!5))                         41.5159667086?)))           (a!50 (or (not (>= x!4 58.0))                     (<= (+ (* 1.0869565217? x!0) (* (- 1.0869565217?) x!5))                         38.1946893719?)))           (a!51 (or (not (>= x!4 59.0))                     (<= (+ (* 1.0869565217? x!0) (* (- 1.0869565217?) x!5))                         35.1391142221?)))           (a!52 (or (not (>= x!4 60.0))                     (<= (+ (* 1.0869565217? x!0) (* (- 1.0869565217?) x!5))                         32.3279850843?)))           (a!53 (or (not (>= x!4 61.0))                     (<= (+ (* 1.0869565217? x!0) (* (- 1.0869565217?) x!5))                         29.7417462776?)))           (a!54 (or (not (>= x!4 62.0))                     (<= (+ (* 1.0869565217? x!0) (* (- 1.0869565217?) x!5))                         27.3624065754?)))           (a!55 (or (not (>= x!4 63.0))                     (<= (+ (* 1.0869565217? x!0) (* (- 1.0869565217?) x!5))                         25.1734140493?)))           (a!56 (or (not (>= x!4 64.0))                     (<= (+ (* 1.0869565217? x!0) (* (- 1.0869565217?) x!5))                         23.1595409254?)))           (a!57 (or (not (>= x!4 65.0))                     (<= (+ (* 1.0869565217? x!0) (* (- 1.0869565217?) x!5))                         21.3067776514?)))           (a!58 (or (not (>= x!4 67.0))                     (<= (+ (* 1.0869565217? x!0) (* (- 1.0869565217?) x!5))                         18.0340566041?)))           (a!59 (or (not (>= x!4 66.0))                     (<= (+ (* 1.0869565217? x!0) (* (- 1.0869565217?) x!5))                         19.6022354392?)))           (a!60 (or (not (>= x!4 68.0))                     (<= (+ (* 1.0869565217? x!0) (* (- 1.0869565217?) x!5))                         16.5913320758?)))           (a!61 (or (not (>= x!4 69.0))                     (<= (+ (* 1.0869565217? x!0) (* (- 1.0869565217?) x!5))                         15.2640255097?)))           (a!62 (or (not (>= x!4 70.0))                     (<= (+ (* 1.0869565217? x!0) (* (- 1.0869565217?) x!5))                         14.0429034689?)))           (a!63 (or (not (>= x!4 71.0))                     (<= (+ (* 1.0869565217? x!0) (* (- 1.0869565217?) x!5))                         12.9194711914?)))           (a!64 (or (not (>= x!4 72.0))                     (<= (+ (* 1.0869565217? x!0) (* (- 1.0869565217?) x!5))                         11.8859134961?)))           (a!65 (or (not (>= x!4 73.0))                     (<= (+ (* 1.0869565217? x!0) (* (- 1.0869565217?) x!5))                         10.9350404164?)))           (a!66 (or (not (>= x!4 74.0))                     (<= (+ (* 1.0869565217? x!0) (* (- 1.0869565217?) x!5))                         10.0602371831?)))           (a!67 (or (not (>= x!4 75.0))                     (<= (+ (* 1.0869565217? x!0) (* (- 1.0869565217?) x!5))                         9.2554182084?)))           (a!68 (or (not (>= x!4 76.0))                     (<= (+ (* 1.0869565217? x!0) (* (- 1.0869565217?) x!5))                         8.5149847518?)))           (a!69 (or (not (>= x!4 78.0))                     (<= (+ (* 1.0869565217? x!0) (* (- 1.0869565217?) x!5))                         7.2070830939?)))           (a!70 (or (not (>= x!4 77.0))                     (<= (+ (* 1.0869565217? x!0) (* (- 1.0869565217?) x!5))                         7.8337859716?)))           (a!71 (or (not (>= x!4 79.0))                     (<= (+ (* 1.0869565217? x!0) (* (- 1.0869565217?) x!5))                         6.6305164464?)))           (a!72 (or (not (>= x!4 80.0))                     (<= (+ (* 1.0869565217? x!0) (* (- 1.0869565217?) x!5))                         6.1000751306?)))           (a!73 (or (not (>= x!4 82.0))                     (<= (+ (* 1.0869565217? x!0) (* (- 1.0869565217?) x!5))                         5.1631035906?)))           (a!74 (or (not (>= x!4 81.0))                     (<= (+ (* 1.0869565217? x!0) (* (- 1.0869565217?) x!5))                         5.6120691202?)))           (a!75 (or (not (>= x!4 83.0))                     (<= (+ (* 1.0869565217? x!0) (* (- 1.0869565217?) x!5))                         4.7500553033?)))           (a!76 (or (not (>= x!4 84.0))                     (<= (+ (* 1.0869565217? x!0) (* (- 1.0869565217?) x!5))                         4.3700508791?)))           (a!77 (or (not (>= x!4 85.0))                     (<= (+ (* 1.0869565217? x!0) (* (- 1.0869565217?) x!5))                         4.0204468087?)))           (a!78 (or (not (>= x!4 86.0))                     (<= (+ (* 1.0869565217? x!0) (* (- 1.0869565217?) x!5))                         3.6988110640?)))           (a!79 (or (not (>= x!4 87.0))                     (<= (+ (* 1.0869565217? x!0) (* (- 1.0869565217?) x!5))                         3.4029061789?)))           (a!80 (or (not (>= x!4 89.0))                     (<= (+ (* 1.0869565217? x!0) (* (- 1.0869565217?) x!5))                         2.8802197898?)))           (a!81 (or (not (>= x!4 88.0))                     (<= (+ (* 1.0869565217? x!0) (* (- 1.0869565217?) x!5))                         3.1306736846?)))           (a!82 (or (not (>= x!4 90.0))                     (<= (+ (* 1.0869565217? x!0) (* (- 1.0869565217?) x!5))                         2.6498022066?)))           (a!83 (or (not (>= x!4 91.0))                     (<= (+ (* 1.0869565217? x!0) (* (- 1.0869565217?) x!5))                         2.4378180301?)))           (a!84 (or (not (>= x!4 92.0))                     (<= (+ (* 1.0869565217? x!0) (* (- 1.0869565217?) x!5))                         2.2427925877?)))           (a!85 (or (not (>= x!4 93.0))                     (<= (+ (* 1.0869565217? x!0) (* (- 1.0869565217?) x!5))                         2.0633691807?)))           (a!86 (or (not (>= x!4 94.0))                     (<= (+ (* 1.0869565217? x!0) (* (- 1.0869565217?) x!5))                         1.8982996462?)))           (a!87 (or (not (>= x!4 95.0))                     (<= (+ (* 1.0869565217? x!0) (* (- 1.0869565217?) x!5))                         1.7464356745?)))           (a!88 (or (not (>= x!4 96.0))                     (<= (+ (* 1.0869565217? x!0) (* (- 1.0869565217?) x!5))                         1.6067208205?)))           (a!89 (or (not (>= x!4 97.0))                     (<= (+ (* 1.0869565217? x!0) (* (- 1.0869565217?) x!5))                         1.4781831549?)))           (a!90 (or (not (>= x!4 98.0))                     (<= (+ (* 1.0869565217? x!0) (* (- 1.0869565217?) x!5))                         1.3599285025?)))           (a!91 (or (not (>= x!4 99.0))                     (<= (+ (* 1.0869565217? x!0) (* (- 1.0869565217?) x!5))                         1.2511342223?)))           (a!92 (or (not (>= x!4 100.0))                     (<= (+ (* 1.0869565217? x!0) (* (- 1.0869565217?) x!5))                         1.1510434845?)))           (a!93 (or (not (>= x!4 101.0))                     (<= (+ (* 1.0869565217? x!0) (* (- 1.0869565217?) x!5))                         1.0589600057?)))           (a!94 (or (not (>= x!4 102.0))                     (<= (+ (* 1.0869565217? x!0) (* (- 1.0869565217?) x!5))                         0.9742432053?)))           (a!95 (or (not (>= x!4 103.0))                     (<= (+ (* 1.0869565217? x!0) (* (- 1.0869565217?) x!5))                         0.8963037489?)))           (a!96 (or (not (>= x!4 104.0))                     (<= (+ (* 1.0869565217? x!0) (* (- 1.0869565217?) x!5))                         0.8245994489?)))           (a!97 (or (not (>= x!4 105.0))                     (<= (+ (* 1.0869565217? x!0) (* (- 1.0869565217?) x!5))                         0.7586314930?)))           (a!98 (or (not (>= x!4 106.0))                     (<= (+ (* 1.0869565217? x!0) (* (- 1.0869565217?) x!5))                         0.6979409736?)))           (a!99 (or (<= (+ (* 1.0869565217? x!0) (* (- 1.0869565217?) x!5))                         0.6421056957?)                     (not (>= x!4 107.0))))           (a!100 (or (not (>= x!4 108.0))                      (<= (+ (* 1.0869565217? x!0) (* (- 1.0869565217?) x!5))                          0.5907372400?)))           (a!101 (or (<= x!4 0.0)                      (>= (+ (* 0.0002600129? x!0) (* (- 0.0002600129?) x!5))                          (- 0.5))))           (a!102 (or (<= x!4 1.0)                      (>= (+ (* 1.0869565217? x!0) (* (- 1.0869565217?) x!5))                          (- 1922.9814600950?))))           (a!103 (or (<= x!4 2.0)                      (>= (+ (* 0.0003071986? x!0) (* (- 0.0003071986?) x!5))                          (- 0.5))))           (a!104 (or (<= x!4 3.0)                      (>= (+ (* 0.0003339115? x!0) (* (- 0.0003339115?) x!5))                          (- 0.5))))           (a!105 (or (<= x!4 4.0)                      (>= (+ (* 0.0003629473? x!0) (* (- 0.0003629473?) x!5))                          (- 0.5))))           (a!106 (or (<= x!4 5.0)                      (>= (+ (* 0.0003945079? x!0) (* (- 0.0003945079?) x!5))                          (- 0.5))))           (a!107 (or (<= x!4 6.0)                      (>= (+ (* 0.0004288130? x!0) (* (- 0.0004288130?) x!5))                          (- 0.5))))           (a!108 (or (<= x!4 7.0)                      (>= (+ (* 0.0004661010? x!0) (* (- 0.0004661010?) x!5))                          (- 0.5))))           (a!109 (or (not (>= x!4 19.0))                      (>= (+ (* 1.0869565217? x!0) (* (- 1.0869565217?) x!5))                          (- 986.9103780144?))))           (a!110 (or (<= x!4 8.0)                      (>= (+ (* 0.0005066316? x!0) (* (- 0.0005066316?) x!5))                          (- 0.5))))           (a!111 (or (not (>= x!4 20.0))                      (>= (+ (* 1.0869565217? x!0) (* (- 1.0869565217?) x!5))                          (- 907.9575477732?))))           (a!112 (or (not (>= x!4 21.0))                      (>= (+ (* 0.0006506220? x!0) (* (- 0.0006506220?) x!5))                          (- 0.5))))           (a!113 (or (not (>= x!4 22.0))                      (>= (+ (* 0.0007071979? x!0) (* (- 0.0007071979?) x!5))                          (- 0.5))))           (a!114 (or (not (>= x!4 23.0))                      (>= (+ (* 0.0007686933? x!0) (* (- 0.0007686933?) x!5))                          (- 0.5))))           (a!115 (or (not (>= x!4 24.0))                      (>= (+ (* 0.0008355363? x!0) (* (- 0.0008355363?) x!5))                          (- 0.5))))           (a!116 (or (not (>= x!4 25.0))                      (>= (+ (* 0.0009081916? x!0) (* (- 0.0009081916?) x!5))                          (- 0.5))))           (a!117 (or (not (>= x!4 26.0))                      (>= (+ (* 1.0869565217? x!0) (* (- 1.0869565217?) x!5))                          (- 550.5446001003?))))           (a!118 (or (not (>= x!4 27.0))                      (>= (+ (* 0.0010730052? x!0) (* (- 0.0010730052?) x!5))                          (- 0.5))))           (a!119 (or (not (>= x!4 28.0))                      (>= (+ (* 0.0011663100? x!0) (* (- 0.0011663100?) x!5))                          (- 0.5))))           (a!120 (or (not (>= x!4 29.0))                      (>= (+ (* 0.0012677283? x!0) (* (- 0.0012677283?) x!5))                          (- 0.5))))           (a!121 (or (not (>= x!4 30.0))                      (>= (+ (* 0.0013779655? x!0) (* (- 0.0013779655?) x!5))                          (- 0.5))))           (a!122 (or (not (>= x!4 31.0))                      (>= (+ (* 0.0014977886? x!0) (* (- 0.0014977886?) x!5))                          (- 0.5))))           (a!123 (or (not (>= x!4 33.0))                      (>= (+ (* 1.0869565217? x!0) (* (- 1.0869565217?) x!5))                          (- 307.1194339950?))))           (a!124 (or (not (>= x!4 32.0))                      (>= (+ (* 0.0016280311? x!0) (* (- 0.0016280311?) x!5))                          (- 0.5))))           (a!125 (or (not (>= x!4 34.0))                      (>= (+ (* 0.0019234772? x!0) (* (- 0.0019234772?) x!5))                          (- 0.5))))           (a!126 (or (not (>= x!4 35.0))                      (>= (+ (* 0.0020907361? x!0) (* (- 0.0020907361?) x!5))                          (- 0.5))))           (a!127 (or (not (>= x!4 36.0))                      (>= (+ (* 0.0022725392? x!0) (* (- 0.0022725392?) x!5))                          (- 0.5))))           (a!128 (or (not (>= x!4 38.0))                      (>= (+ (* 1.0869565217? x!0) (* (- 1.0869565217?) x!5))                          (- 202.4167443618?))))           (a!129 (or (not (>= x!4 37.0))                      (>= (+ (* 0.0024701513? x!0) (* (- 0.0024701513?) x!5))                          (- 0.5))))           (a!130 (or (not (>= x!4 39.0))                      (>= (+ (* 1.0869565217? x!0) (* (- 1.0869565217?) x!5))                          (- 186.2234048128?))))           (a!131 (or (not (>= x!4 40.0))                      (>= (+ (* 1.0869565217? x!0) (* (- 1.0869565217?) x!5))                          (- 171.3255324278?))))           (a!132 (or (not (>= x!4 41.0))                      (>= (+ (* 1.0869565217? x!0) (* (- 1.0869565217?) x!5))                          (- 157.6194898336?))))           (a!133 (or (not (>= x!4 42.0))                      (>= (+ (* 0.0037478692? x!0) (* (- 0.0037478692?) x!5))                          (- 0.5))))           (a!134 (or (not (>= x!4 43.0))                      (>= (+ (* 0.0040737709? x!0) (* (- 0.0040737709?) x!5))                          (- 0.5))))           (a!135 (or (not (>= x!4 44.0))                      (>= (+ (* 0.0044280118? x!0) (* (- 0.0044280118?) x!5))                          (- 0.5))))           (a!136 (or (not (>= x!4 45.0))                      (>= (+ (* 0.0048130563? x!0) (* (- 0.0048130563?) x!5))                          (- 0.5))))           (a!137 (or (not (>= x!4 46.0))                      (>= (+ (* 0.0052315830? x!0) (* (- 0.0052315830?) x!5))                          (- 0.5))))           (a!138 (or (not (>= x!4 47.0))                      (>= (+ (* 0.0056865032? x!0) (* (- 0.0056865032?) x!5))                          (- 0.5))))           (a!139 (or (not (>= x!4 48.0))                      (>= (+ (* 0.0061809818? x!0) (* (- 0.0061809818?) x!5))                          (- 0.5))))           (a!140 (or (not (>= x!4 50.0))                      (>= (+ (* 1.0869565217? x!0) (* (- 1.0869565217?) x!5))                          (- 74.4218332003?))))           (a!141 (or (not (>= x!4 49.0))                      (>= (+ (* 0.0067184585? x!0) (* (- 0.0067184585?) x!5))                          (- 0.5))))           (a!142 (or (not (>= x!4 51.0))                      (>= (+ (* 1.0869565217? x!0) (* (- 1.0869565217?) x!5))                          (- 68.4680865443?))))           (a!143 (or (not (>= x!4 52.0))                      (>= (+ (* 0.0086279209? x!0) (* (- 0.0086279209?) x!5))                          (- 0.5))))           (a!144 (or (not (>= x!4 53.0))                      (>= (+ (* 0.0093781749? x!0) (* (- 0.0093781749?) x!5))                          (- 0.5))))           (a!145 (or (not (>= x!4 54.0))                      (>= (+ (* 1.0869565217? x!0) (* (- 1.0869565217?) x!5))                          (- 53.3152773750?))))           (a!146 (or (not (>= x!4 55.0))                      (>= (+ (* 1.0869565217? x!0) (* (- 1.0869565217?) x!5))                          (- 49.0500551850?))))           (a!147 (or (not (>= x!4 56.0))                      (>= (+ (* 0.0120435591? x!0) (* (- 0.0120435591?) x!5))                          (- 0.5))))           (a!148 (or (not (>= x!4 58.0))                      (>= (+ (* 1.0869565217? x!0) (* (- 1.0869565217?) x!5))                          (- 38.1946893719?))))           (a!149 (or (not (>= x!4 57.0))                      (>= (+ (* 0.0130908251? x!0) (* (- 0.0130908251?) x!5))                          (- 0.5))))           (a!150 (or (not (>= x!4 59.0))                      (>= (+ (* 1.0869565217? x!0) (* (- 1.0869565217?) x!5))                          (- 35.1391142221?))))           (a!151 (or (not (>= x!4 61.0))                      (>= (+ (* 1.0869565217? x!0) (* (- 1.0869565217?) x!5))                          (- 29.7417462776?))))           (a!152 (or (not (>= x!4 60.0))                      (>= (+ (* 0.0168113867? x!0) (* (- 0.0168113867?) x!5))                          (- 0.5))))           (a!153 (or (not (>= x!4 62.0))                      (>= (+ (* 0.0198622244? x!0) (* (- 0.0198622244?) x!5))                          (- 0.5))))           (a!154 (or (not (>= x!4 64.0))                      (>= (+ (* 1.0869565217? x!0) (* (- 1.0869565217?) x!5))                          (- 23.1595409254?))))           (a!155 (or (not (>= x!4 63.0))                      (>= (+ (* 0.0215893744? x!0) (* (- 0.0215893744?) x!5))                          (- 0.5))))           (a!156 (or (not (>= x!4 65.0))                      (>= (+ (* 0.0255072948? x!0) (* (- 0.0255072948?) x!5))                          (- 0.5))))           (a!157 (or (not (>= x!4 66.0))                      (>= (+ (* 0.0277253205? x!0) (* (- 0.0277253205?) x!5))                          (- 0.5))))           (a!158 (or (not (>= x!4 67.0))                      (>= (+ (* 0.0301362179? x!0) (* (- 0.0301362179?) x!5))                          (- 0.5))))           (a!159 (or (not (>= x!4 68.0))                      (>= (+ (* 0.0327567586? x!0) (* (- 0.0327567586?) x!5))                          (- 0.5))))           (a!160 (or (not (>= x!4 69.0))                      (>= (+ (* 0.0356051724? x!0) (* (- 0.0356051724?) x!5))                          (- 0.5))))           (a!161 (or (not (>= x!4 70.0))                      (>= (+ (* 0.0387012744? x!0) (* (- 0.0387012744?) x!5))                          (- 0.5))))           (a!162 (or (not (>= x!4 71.0))                      (>= (+ (* 1.0869565217? x!0) (* (- 1.0869565217?) x!5))                          (- 12.9194711914?))))           (a!163 (or (not (>= x!4 72.0))                      (>= (+ (* 1.0869565217? x!0) (* (- 1.0869565217?) x!5))                          (- 11.8859134961?))))           (a!164 (or (not (>= x!4 73.0))                      (>= (+ (* 0.0497006174? x!0) (* (- 0.0497006174?) x!5))                          (- 0.5))))           (a!165 (or (not (>= x!4 74.0))                      (>= (+ (* 1.0869565217? x!0) (* (- 1.0869565217?) x!5))                          (- 10.0602371831?))))           (a!166 (or (not (>= x!4 75.0))                      (>= (+ (* 1.0869565217? x!0) (* (- 1.0869565217?) x!5))                          (- 9.2554182084?))))           (a!167 (or (not (>= x!4 77.0))                      (>= (+ (* 1.0869565217? x!0) (* (- 1.0869565217?) x!5))                          (- 7.8337859716?))))           (a!168 (or (not (>= x!4 76.0))                      (>= (+ (* 0.0638260991? x!0) (* (- 0.0638260991?) x!5))                          (- 0.5))))           (a!169 (or (not (>= x!4 78.0))                      (>= (+ (* 1.0869565217? x!0) (* (- 1.0869565217?) x!5))                          (- 7.2070830939?))))           (a!170 (or (not (>= x!4 79.0))                      (>= (+ (* 0.0819662035? x!0) (* (- 0.0819662035?) x!5))                          (- 0.5))))           (a!171 (or (not (>= x!4 80.0))                      (>= (+ (* 1.0869565217? x!0) (* (- 1.0869565217?) x!5))                          (- 6.1000751306?))))           (a!172 (or (not (>= x!4 82.0))                      (>= (+ (* 1.0869565217? x!0) (* (- 1.0869565217?) x!5))                          (- 5.1631035906?))))           (a!173 (or (not (>= x!4 81.0))                      (>= (+ (* 0.0968409777? x!0) (* (- 0.0968409777?) x!5))                          (- 0.5))))           (a!174 (or (not (>= x!4 83.0))                      (>= (+ (* 0.1144151438? x!0) (* (- 0.1144151438?) x!5))                          (- 0.5))))           (a!175 (or (not (>= x!4 84.0))                      (>= (+ (* 0.1243642868? x!0) (* (- 0.1243642868?) x!5))                          (- 0.5))))           (a!176 (or (not (>= x!4 85.0))                      (>= (+ (* 0.1351785726? x!0) (* (- 0.1351785726?) x!5))                          (- 0.5))))           (a!177 (or (not (>= x!4 86.0))                      (>= (+ (* 0.1469332310? x!0) (* (- 0.1469332310?) x!5))                          (- 0.5))))           (a!178 (or (not (>= x!4 88.0))                      (>= (+ (* 0.1735978628? x!0) (* (- 0.1735978628?) x!5))                          (- 0.5))))           (a!179 (or (not (>= x!4 87.0))                      (>= (+ (* 0.1597100338? x!0) (* (- 0.1597100338?) x!5))                          (- 0.5))))           (a!180 (or (not (>= x!4 89.0))                      (>= (+ (* 0.1886933291? x!0) (* (- 0.1886933291?) x!5))                          (- 0.5))))           (a!181 (or (not (>= x!4 90.0))                      (>= (+ (* 1.0869565217? x!0) (* (- 1.0869565217?) x!5))                          (- 2.6498022066?))))           (a!182 (or (not (>= x!4 91.0))                      (>= (+ (* 0.2229363529? x!0) (* (- 0.2229363529?) x!5))                          (- 0.5))))           (a!183 (or (not (>= x!4 92.0))                      (>= (+ (* 0.2423221228? x!0) (* (- 0.2423221228?) x!5))                          (- 0.5))))           (a!184 (or (not (>= x!4 93.0))                      (>= (+ (* 0.2633936117? x!0) (* (- 0.2633936117?) x!5))                          (- 0.5))))           (a!185 (or (not (>= x!4 94.0))                      (>= (+ (* 0.2862974040? x!0) (* (- 0.2862974040?) x!5))                          (- 0.5))))           (a!186 (or (not (>= x!4 95.0))                      (>= (+ (* 0.3111928305? x!0) (* (- 0.3111928305?) x!5))                          (- 0.5))))           (a!187 (or (not (>= x!4 96.0))                      (>= (+ (* 0.3382530766? x!0) (* (- 0.3382530766?) x!5))                          (- 0.5))))           (a!188 (or (not (>= x!4 98.0))                      (>= (+ (* 1.0869565217? x!0) (* (- 1.0869565217?) x!5))                          (- 1.3599285025?))))           (a!189 (or (not (>= x!4 97.0))                      (>= (+ (* 0.3676663876? x!0) (* (- 0.3676663876?) x!5))                          (- 0.5))))           (a!190 (or (not (>= x!4 99.0))                      (>= (+ (* 1.0869565217? x!0) (* (- 1.0869565217?) x!5))                          (- 1.2511342223?))))           (a!191 (or (not (>= x!4 100.0))                      (>= (+ (* 0.4721613632? x!0) (* (- 0.4721613632?) x!5))                          (- 0.5))))           (a!192 (or (not (>= x!4 101.0))                      (>= (+ (* 0.5132188731? x!0) (* (- 0.5132188731?) x!5))                          (- 0.5))))           (a!193 (or (not (>= x!4 102.0))                      (>= (+ (* 0.5578466012? x!0) (* (- 0.5578466012?) x!5))                          (- 0.5))))           (a!194 (or (not (>= x!4 103.0))                      (>= (+ (* 0.6063550013? x!0) (* (- 0.6063550013?) x!5))                          (- 0.5))))           (a!195 (or (not (>= x!4 106.0))                      (>= (+ (* 0.778688 x!0) (* (- 0.778688) x!5)) (- 0.5))))           (a!196 (or (not (>= x!4 104.0))                      (>= (+ (* 0.6590815232 x!0) (* (- 0.6590815232) x!5))                          (- 0.5))))           (a!197 (or (not (>= x!4 105.0))                      (>= (+ (* 0.71639296 x!0) (* (- 0.71639296) x!5)) (- 0.5))))           (a!198 (or (not (>= x!4 107.0))                      (>= (+ (* 1.0869565217? x!0) (* (- 1.0869565217?) x!5))                          (- 0.6421056957?)))))       (and a!1            (<= (+ x!0 (* (- 1.0) x!5)) 2000.0)            a!2            a!3            a!4            a!5            a!6            a!7            a!8            a!9            a!10            a!11            a!12            a!13            a!14            a!15            a!16            a!17            a!18            a!19            a!20            a!21            a!22            a!23            a!24            a!25            a!26            a!27            a!28            a!29            a!30            a!31            a!32            a!33            a!34            a!35            a!36            a!37            a!38            a!39            a!40            a!41            a!42            a!43            a!44            a!45            a!46            a!47            a!48            a!49            a!50            a!51            a!52            a!53            a!54            a!55            a!56            a!57            a!58            a!59            a!60            a!61            a!62            a!63            a!64            a!65            a!66            a!67            a!68            a!69            a!70            a!71            a!72            a!73            a!74            a!75            a!76            a!77            a!78            a!79            a!80            a!81            a!82            a!83            a!84            a!85            a!86            a!87            a!88            a!89            a!90            a!91            a!92            a!93            a!94            a!95            a!96            a!97            a!98            a!99            a!100            (>= (+ (* 0.0002392118? x!0) (* (- 0.0002392118?) x!5)) (- 0.5))            a!101            a!102            a!103            a!104            a!105            a!106            a!107            a!108            a!109            a!110            a!111            a!112            a!113            a!114            a!115            a!116            a!117            a!118            a!119            a!120            a!121            a!122            a!123            a!124            a!125            a!126            a!127            a!128            a!129            a!130            a!131            a!132            a!133            a!134            a!135            a!136            a!137            a!138            a!139            a!140            a!141            a!142            a!143            a!144            a!145            a!146            a!147            a!148            a!149            a!150            a!151            a!152            a!153            a!154            a!155            a!156            a!157            a!158            a!159            a!160            a!161            a!162            a!163            a!164            a!165            a!166            a!167            a!168            a!169            a!170            a!171            a!172            a!173            a!174            a!175            a!176            a!177            a!178            a!179            a!180            a!181            a!182            a!183            a!184            a!185            a!186            a!187            a!188            a!189            a!190            a!191            a!192            a!193            a!194            a!195            a!196            a!197            a!198))) ),211.0831
p_0.00_2000.00_0.00_2000.00_0.0800_110.00_0.50_0.50.smt2,0.00,2000.00,0.00,2000.00,0.0800,110.00,0.50,0.50,Golem,sat,3.1366
p_0.00_2000.00_0.00_2000.00_0.0800_110.00_0.50_1.00.smt2,0.00,2000.00,0.00,2000.00,0.0800,110.00,0.50,1.00,Spacer,sat (   (define-fun Inv ((x!0 Real)    (x!1 Real)    (x!2 Real)    (x!3 Real)    (x!4 Real)    (x!5 Real)) Bool     (let ((a!1 (or (not (>= x!4 108.0))                    (>= (+ (* 1.0869565217? x!0) (* (- 1.0869565217?) x!5))                        (- 1.1814744801?))))           (a!2 (or (<= x!4 0.0)                    (<= (+ (* 0.0002600129? x!0) (* (- 0.0002600129?) x!5))                        0.4784237493?)))           (a!3 (or (<= x!4 1.0)                    (<= (+ (* 0.0002826227? x!0) (* (- 0.0002826227?) x!5)) 0.5)))           (a!4 (or (not (>= x!4 12.0))                    (<= (+ (* 0.0003071986? x!0) (* (- 0.0003071986?) x!5)) 0.5)))           (a!5 (or (<= (+ (* 1.0869565217? x!0) (* (- 1.0869565217?) x!5))                        1497.4025871985?)                    (not (>= x!4 14.0))))           (a!6 (or (not (>= x!4 13.0))                    (<= (+ (* 0.0003339115? x!0) (* (- 0.0003339115?) x!5)) 0.5)))           (a!7 (or (not (>= x!4 15.0))                    (<= (+ (* 1.0869565217? x!0) (* (- 1.0869565217?) x!5))                        1377.6103802226?)))           (a!8 (or (not (>= x!4 16.0))                    (<= (+ (* 1.0869565217? x!0) (* (- 1.0869565217?) x!5))                        1267.4015498048?)))           (a!9 (or (not (>= x!4 17.0))                    (<= (+ (* 1.0869565217? x!0) (* (- 1.0869565217?) x!5))                        1166.0094258204?)))           (a!10 (or (not (>= x!4 18.0))                     (<= (+ (* 0.0005066316? x!0) (* (- 0.0005066316?) x!5)) 0.5)))           (a!11 (or (not (>= x!4 20.0))                     (<= (+ (* 1.0869565217? x!0) (* (- 1.0869565217?) x!5))                         907.9575477732?)))           (a!12 (or (not (>= x!4 19.0))                     (<= (+ (* 0.0005506865? x!0) (* (- 0.0005506865?) x!5)) 0.5)))           (a!13 (or (not (>= x!4 21.0))                     (<= (+ (* 1.0869565217? x!0) (* (- 1.0869565217?) x!5))                         835.3209439514?)))           (a!14 (or (not (>= x!4 22.0))                     (<= (+ (* 1.0869565217? x!0) (* (- 1.0869565217?) x!5))                         768.4952684352?)))           (a!15 (or (not (>= x!4 23.0))                     (<= (+ (* 1.0869565217? x!0) (* (- 1.0869565217?) x!5))                         707.0156469604?)))           (a!16 (or (not (>= x!4 24.0))                     (<= (+ (* 1.0869565217? x!0) (* (- 1.0869565217?) x!5))                         650.4543952036?)))           (a!17 (or (not (>= x!4 25.0))                     (<= (+ (* 1.0869565217? x!0) (* (- 1.0869565217?) x!5))                         598.4180435873?)))           (a!18 (or (not (>= x!4 26.0))                     (<= (+ (* 1.0869565217? x!0) (* (- 1.0869565217?) x!5))                         550.5446001003?)))           (a!19 (or (not (>= x!4 27.0))                     (<= (+ (* 0.0010730052? x!0) (* (- 0.0010730052?) x!5)) 0.5)))           (a!20 (or (not (>= x!4 29.0))                     (<= (+ (* 1.0869565217? x!0) (* (- 1.0869565217?) x!5))                         428.7024735629?)))           (a!21 (or (not (>= x!4 28.0))                     (<= (+ (* 0.0011663100? x!0) (* (- 0.0011663100?) x!5)) 0.5)))           (a!22 (or (not (>= x!4 30.0))                     (<= (+ (* 0.0013779655? x!0) (* (- 0.0013779655?) x!5)) 0.5)))           (a!23 (or (not (>= x!4 31.0))                     (<= (+ (* 0.0014977886? x!0) (* (- 0.0014977886?) x!5)) 0.5)))           (a!24 (or (not (>= x!4 32.0))                     (<= (+ (* 1.0869565217? x!0) (* (- 1.0869565217?) x!5))                         333.8254717337?)))           (a!25 (or (not (>= x!4 33.0))                     (<= (+ (* 0.0017695990? x!0) (* (- 0.0017695990?) x!5)) 0.5)))           (a!26 (or (not (>= x!4 34.0))                     (<= (+ (* 1.0869565217? x!0) (* (- 1.0869565217?) x!5))                         282.5498792754?)))           (a!27 (or (not (>= x!4 35.0))                     (<= (+ (* 0.0020907361? x!0) (* (- 0.0020907361?) x!5)) 0.5)))           (a!28 (or (not (>= x!4 36.0))                     (<= (+ (* 0.0022725392? x!0) (* (- 0.0022725392?) x!5)) 0.5)))           (a!29 (or (not (>= x!4 37.0))                     (<= (+ (* 1.0869565217? x!0) (* (- 1.0869565217?) x!5))                         220.0182003932?)))           (a!30 (or (not (>= x!4 39.0))                     (<= (+ (* 1.0869565217? x!0) (* (- 1.0869565217?) x!5))                         186.2234048128?)))           (a!31 (or (not (>= x!4 38.0))                     (<= (+ (* 0.0026849471? x!0) (* (- 0.0026849471?) x!5)) 0.5)))           (a!32 (or (not (>= x!4 40.0))                     (<= (+ (* 0.0031721965? x!0) (* (- 0.0031721965?) x!5)) 0.5)))           (a!33 (or (not (>= x!4 41.0))                     (<= (+ (* 1.0869565217? x!0) (* (- 1.0869565217?) x!5))                         157.6194898336?)))           (a!34 (or (not (>= x!4 43.0))                     (<= (+ (* 1.0869565217? x!0) (* (- 1.0869565217?) x!5))                         133.4091361951?)))           (a!35 (or (not (>= x!4 42.0))                     (<= (+ (* 0.0037478692? x!0) (* (- 0.0037478692?) x!5)) 0.5)))           (a!36 (or (not (>= x!4 45.0))                     (<= (+ (* 1.0869565217? x!0) (* (- 1.0869565217?) x!5))                         112.9174928755?)))           (a!37 (or (not (>= x!4 44.0))                     (<= (+ (* 0.0044280118? x!0) (* (- 0.0044280118?) x!5)) 0.5)))           (a!38 (or (not (>= x!4 46.0))                     (<= (+ (* 1.0869565217? x!0) (* (- 1.0869565217?) x!5))                         103.8840934455?)))           (a!39 (or (not (>= x!4 47.0))                     (<= (+ (* 1.0869565217? x!0) (* (- 1.0869565217?) x!5))                         95.5733659698?)))           (a!40 (or (not (>= x!4 49.0))                     (<= (+ (* 1.0869565217? x!0) (* (- 1.0869565217?) x!5))                         80.8932969569?)))           (a!41 (or (not (>= x!4 48.0))                     (<= (+ (* 1.0869565217? x!0) (* (- 1.0869565217?) x!5))                         87.9274966923?)))           (a!42 (or (not (>= x!4 51.0))                     (<= (+ (* 1.0869565217? x!0) (* (- 1.0869565217?) x!5))                         68.4680865443?)))           (a!43 (or (not (>= x!4 50.0))                     (<= (+ (* 1.0869565217? x!0) (* (- 1.0869565217?) x!5))                         74.4218332003?)))           (a!44 (or (not (>= x!4 52.0))                     (<= (+ (* 1.0869565217? x!0) (* (- 1.0869565217?) x!5))                         62.9906396207?)))           (a!45 (or (not (>= x!4 53.0))                     (<= (+ (* 1.0869565217? x!0) (* (- 1.0869565217?) x!5))                         57.9513884511?)))           (a!46 (or (not (>= x!4 54.0))                     (<= (+ (* 1.0869565217? x!0) (* (- 1.0869565217?) x!5))                         53.3152773750?)))           (a!47 (or (not (>= x!4 55.0))                     (<= (+ (* 1.0869565217? x!0) (* (- 1.0869565217?) x!5))                         49.0500551850?)))           (a!48 (or (not (>= x!4 56.0))                     (<= (+ (* 1.0869565217? x!0) (* (- 1.0869565217?) x!5))                         45.1260507702?)))           (a!49 (or (not (>= x!4 57.0))                     (<= (+ (* 1.0869565217? x!0) (* (- 1.0869565217?) x!5))                         41.5159667086?)))           (a!50 (or (not (>= x!4 58.0))                     (<= (+ (* 1.0869565217? x!0) (* (- 1.0869565217?) x!5))                         38.1946893719?)))           (a!51 (or (not (>= x!4 59.0))                     (<= (+ (* 1.0869565217? x!0) (* (- 1.0869565217?) x!5))                         35.1391142221?)))           (a!52 (or (not (>= x!4 60.0))                     (<= (+ (* 1.0869565217? x!0) (* (- 1.0869565217?) x!5))                         32.3279850843?)))           (a!53 (or (not (>= x!4 61.0))                     (<= (+ (* 1.0869565217? x!0) (* (- 1.0869565217?) x!5))                         29.7417462776?)))           (a!54 (or (not (>= x!4 62.0))                     (<= (+ (* 1.0869565217? x!0) (* (- 1.0869565217?) x!5))                         27.3624065754?)))           (a!55 (or (not (>= x!4 63.0))                     (<= (+ (* 1.0869565217? x!0) (* (- 1.0869565217?) x!5))                         25.1734140493?)))           (a!56 (or (not (>= x!4 64.0))                     (<= (+ (* 1.0869565217? x!0) (* (- 1.0869565217?) x!5))                         23.1595409254?)))           (a!57 (or (not (>= x!4 65.0))                     (<= (+ (* 1.0869565217? x!0) (* (- 1.0869565217?) x!5))                         21.3067776514?)))           (a!58 (or (not (>= x!4 67.0))                     (<= (+ (* 1.0869565217? x!0) (* (- 1.0869565217?) x!5))                         18.0340566041?)))           (a!59 (or (not (>= x!4 66.0))                     (<= (+ (* 1.0869565217? x!0) (* (- 1.0869565217?) x!5))                         19.6022354392?)))           (a!60 (or (not (>= x!4 68.0))                     (<= (+ (* 1.0869565217? x!0) (* (- 1.0869565217?) x!5))                         16.5913320758?)))           (a!61 (or (not (>= x!4 69.0))                     (<= (+ (* 1.0869565217? x!0) (* (- 1.0869565217?) x!5))                         15.2640255097?)))           (a!62 (or (not (>= x!4 70.0))                     (<= (+ (* 1.0869565217? x!0) (* (- 1.0869565217?) x!5))                         14.0429034689?)))           (a!63 (or (not (>= x!4 71.0))                     (<= (+ (* 1.0869565217? x!0) (* (- 1.0869565217?) x!5))                         12.9194711914?)))           (a!64 (or (not (>= x!4 72.0))                     (<= (+ (* 1.0869565217? x!0) (* (- 1.0869565217?) x!5))                         11.8859134961?)))           (a!65 (or (not (>= x!4 73.0))                     (<= (+ (* 1.0869565217? x!0) (* (- 1.0869565217?) x!5))                         10.9350404164?)))           (a!66 (or (not (>= x!4 74.0))                     (<= (+ (* 1.0869565217? x!0) (* (- 1.0869565217?) x!5))                         10.0602371831?)))           (a!67 (or (not (>= x!4 75.0))                     (<= (+ (* 1.0869565217? x!0) (* (- 1.0869565217?) x!5))                         9.2554182084?)))           (a!68 (or (not (>= x!4 76.0))                     (<= (+ (* 1.0869565217? x!0) (* (- 1.0869565217?) x!5))                         8.5149847518?)))           (a!69 (or (not (>= x!4 78.0))                     (<= (+ (* 1.0869565217? x!0) (* (- 1.0869565217?) x!5))                         7.2070830939?)))           (a!70 (or (not (>= x!4 77.0))                     (<= (+ (* 1.0869565217? x!0) (* (- 1.0869565217?) x!5))                         7.8337859716?)))           (a!71 (or (not (>= x!4 79.0))                     (<= (+ (* 1.0869565217? x!0) (* (- 1.0869565217?) x!5))                         6.6305164464?)))           (a!72 (or (not (>= x!4 80.0))                     (<= (+ (* 1.0869565217? x!0) (* (- 1.0869565217?) x!5))                         6.1000751306?)))           (a!73 (or (not (>= x!4 82.0))                     (<= (+ (* 1.0869565217? x!0) (* (- 1.0869565217?) x!5))                         5.1631035906?)))           (a!74 (or (not (>= x!4 81.0))                     (<= (+ (* 1.0869565217? x!0) (* (- 1.0869565217?) x!5))                         5.6120691202?)))           (a!75 (or (not (>= x!4 83.0))                     (<= (+ (* 1.0869565217? x!0) (* (- 1.0869565217?) x!5))                         4.7500553033?)))           (a!76 (or (not (>= x!4 84.0))                     (<= (+ (* 1.0869565217? x!0) (* (- 1.0869565217?) x!5))                         4.3700508791?)))           (a!77 (or (not (>= x!4 85.0))                     (<= (+ (* 1.0869565217? x!0) (* (- 1.0869565217?) x!5))                         4.0204468087?)))           (a!78 (or (not (>= x!4 86.0))                     (<= (+ (* 1.0869565217? x!0) (* (- 1.0869565217?) x!5))                         3.6988110640?)))           (a!79 (or (not (>= x!4 87.0))                     (<= (+ (* 1.0869565217? x!0) (* (- 1.0869565217?) x!5))                         3.4029061789?)))           (a!80 (or (not (>= x!4 89.0))                     (<= (+ (* 1.0869565217? x!0) (* (- 1.0869565217?) x!5))                         2.8802197898?)))           (a!81 (or (not (>= x!4 88.0))                     (<= (+ (* 1.0869565217? x!0) (* (- 1.0869565217?) x!5))                         3.1306736846?)))           (a!82 (or (not (>= x!4 90.0))                     (<= (+ (* 1.0869565217? x!0) (* (- 1.0869565217?) x!5))                         2.6498022066?)))           (a!83 (or (not (>= x!4 91.0))                     (<= (+ (* 1.0869565217? x!0) (* (- 1.0869565217?) x!5))                         2.4378180301?)))           (a!84 (or (not (>= x!4 92.0))                     (<= (+ (* 1.0869565217? x!0) (* (- 1.0869565217?) x!5))                         2.2427925877?)))           (a!85 (or (not (>= x!4 93.0))                     (<= (+ (* 1.0869565217? x!0) (* (- 1.0869565217?) x!5))                         2.0633691807?)))           (a!86 (or (not (>= x!4 94.0))                     (<= (+ (* 1.0869565217? x!0) (* (- 1.0869565217?) x!5))                         1.8982996462?)))           (a!87 (or (not (>= x!4 95.0))                     (<= (+ (* 1.0869565217? x!0) (* (- 1.0869565217?) x!5))                         1.7464356745?)))           (a!88 (or (not (>= x!4 96.0))                     (<= (+ (* 1.0869565217? x!0) (* (- 1.0869565217?) x!5))                         1.6067208205?)))           (a!89 (or (not (>= x!4 97.0))                     (<= (+ (* 1.0869565217? x!0) (* (- 1.0869565217?) x!5))                         1.4781831549?)))           (a!90 (or (not (>= x!4 98.0))                     (<= (+ (* 1.0869565217? x!0) (* (- 1.0869565217?) x!5))                         1.3599285025?)))           (a!91 (or (not (>= x!4 99.0))                     (<= (+ (* 1.0869565217? x!0) (* (- 1.0869565217?) x!5))                         1.2511342223?)))           (a!92 (or (not (>= x!4 100.0))                     (<= (+ (* 1.0869565217? x!0) (* (- 1.0869565217?) x!5))                         1.1510434845?)))           (a!93 (or (not (>= x!4 101.0))                     (<= (+ (* 1.0869565217? x!0) (* (- 1.0869565217?) x!5))                         1.0589600057?)))           (a!94 (or (not (>= x!4 102.0))                     (<= (+ (* 1.0869565217? x!0) (* (- 1.0869565217?) x!5))                         0.9742432053?)))           (a!95 (or (not (>= x!4 103.0))                     (<= (+ (* 1.0869565217? x!0) (* (- 1.0869565217?) x!5))                         0.8963037489?)))           (a!96 (or (<= (+ (* 1.0869565217? x!0) (* (- 1.0869565217?) x!5))                         0.8245994489?)                     (not (>= x!4 104.0))))           (a!97 (or (<= (+ (* 1.0869565217? x!0) (* (- 1.0869565217?) x!5))                         0.7586314930?)                     (not (>= x!4 105.0))))           (a!98 (or (<= (+ (* 1.0869565217? x!0) (* (- 1.0869565217?) x!5))                         0.6979409736?)                     (not (>= x!4 106.0))))           (a!99 (or (<= (+ (* 1.0869565217? x!0) (* (- 1.0869565217?) x!5))                         0.6421056957?)                     (not (>= x!4 107.0))))           (a!100 (or (not (>= x!4 108.0))                      (<= (+ (* 1.0869565217? x!0) (* (- 1.0869565217?) x!5))                          0.5907372400?)))           (a!101 (or (not (>= x!4 19.0))                      (>= (+ (* 0.0005506865? x!0) (* (- 0.0005506865?) x!5))                          (- 1.0))))           (a!102 (or (<= x!4 0.0)                      (>= (+ (* 0.0005066316? x!0) (* (- 0.0005066316?) x!5))                          (- 1.0))))           (a!103 (or (not (>= x!4 20.0))                      (>= (+ (* 0.0005985723? x!0) (* (- 0.0005985723?) x!5))                          (- 1.0))))           (a!104 (or (not (>= x!4 21.0))                      (>= (+ (* 0.0006506220? x!0) (* (- 0.0006506220?) x!5))                          (- 1.0))))           (a!105 (or (not (>= x!4 22.0))                      (>= (+ (* 0.0007071979? x!0) (* (- 0.0007071979?) x!5))                          (- 1.0))))           (a!106 (or (not (>= x!4 23.0))                      (>= (+ (* 0.0007686933? x!0) (* (- 0.0007686933?) x!5))                          (- 1.0))))           (a!107 (or (not (>= x!4 24.0))                      (>= (+ (* 0.0008355363? x!0) (* (- 0.0008355363?) x!5))                          (- 1.0))))           (a!108 (or (not (>= x!4 25.0))                      (>= (+ (* 0.0009081916? x!0) (* (- 0.0009081916?) x!5))                          (- 1.0))))           (a!109 (or (not (>= x!4 26.0))                      (>= (+ (* 0.0009871648? x!0) (* (- 0.0009871648?) x!5))                          (- 1.0))))           (a!110 (or (not (>= x!4 27.0))                      (>= (+ (* 0.0010730052? x!0) (* (- 0.0010730052?) x!5))                          (- 1.0))))           (a!111 (or (not (>= x!4 28.0))                      (>= (+ (* 0.0011663100? x!0) (* (- 0.0011663100?) x!5))                          (- 1.0))))           (a!112 (or (not (>= x!4 29.0))                      (>= (+ (* 0.0012677283? x!0) (* (- 0.0012677283?) x!5))                          (- 1.0))))           (a!113 (or (not (>= x!4 30.0))                      (>= (+ (* 0.0013779655? x!0) (* (- 0.0013779655?) x!5))                          (- 1.0))))           (a!114 (or (not (>= x!4 31.0))                      (>= (+ (* 0.0014977886? x!0) (* (- 0.0014977886?) x!5))                          (- 1.0))))           (a!115 (or (not (>= x!4 32.0))                      (>= (+ (* 0.0016280311? x!0) (* (- 0.0016280311?) x!5))                          (- 1.0))))           (a!116 (or (not (>= x!4 33.0))                      (>= (+ (* 0.0017695990? x!0) (* (- 0.0017695990?) x!5))                          (- 1.0))))           (a!117 (or (not (>= x!4 34.0))                      (>= (+ (* 0.0019234772? x!0) (* (- 0.0019234772?) x!5))                          (- 1.0))))           (a!118 (or (not (>= x!4 35.0))                      (>= (+ (* 0.0020907361? x!0) (* (- 0.0020907361?) x!5))                          (- 1.0))))           (a!119 (or (not (>= x!4 36.0))                      (>= (+ (* 0.0022725392? x!0) (* (- 0.0022725392?) x!5))                          (- 1.0))))           (a!120 (or (not (>= x!4 37.0))                      (>= (+ (* 0.0024701513? x!0) (* (- 0.0024701513?) x!5))                          (- 1.0))))           (a!121 (or (not (>= x!4 38.0))                      (>= (+ (* 0.0026849471? x!0) (* (- 0.0026849471?) x!5))                          (- 1.0))))           (a!122 (or (not (>= x!4 39.0))                      (>= (+ (* 0.0029184208? x!0) (* (- 0.0029184208?) x!5))                          (- 1.0))))           (a!123 (or (not (>= x!4 40.0))                      (>= (+ (* 0.0031721965? x!0) (* (- 0.0031721965?) x!5))                          (- 1.0))))           (a!124 (or (not (>= x!4 41.0))                      (>= (+ (* 0.0034480397? x!0) (* (- 0.0034480397?) x!5))                          (- 1.0))))           (a!125 (or (not (>= x!4 42.0))                      (>= (+ (* 0.0037478692? x!0) (* (- 0.0037478692?) x!5))                          (- 1.0))))           (a!126 (or (not (>= x!4 43.0))                      (>= (+ (* 0.0040737709? x!0) (* (- 0.0040737709?) x!5))                          (- 1.0))))           (a!127 (or (not (>= x!4 44.0))                      (>= (+ (* 0.0044280118? x!0) (* (- 0.0044280118?) x!5))                          (- 1.0))))           (a!128 (or (not (>= x!4 45.0))                      (>= (+ (* 0.0048130563? x!0) (* (- 0.0048130563?) x!5))                          (- 1.0))))           (a!129 (or (not (>= x!4 46.0))                      (>= (+ (* 0.0052315830? x!0) (* (- 0.0052315830?) x!5))                          (- 1.0))))           (a!130 (or (not (>= x!4 47.0))                      (>= (+ (* 0.0056865032? x!0) (* (- 0.0056865032?) x!5))                          (- 1.0))))           (a!131 (or (not (>= x!4 48.0))                      (>= (+ (* 0.0061809818? x!0) (* (- 0.0061809818?) x!5))                          (- 1.0))))           (a!132 (or (not (>= x!4 49.0))                      (>= (+ (* 0.0067184585? x!0) (* (- 0.0067184585?) x!5))                          (- 1.0))))           (a!133 (or (not (>= x!4 50.0))                      (>= (+ (* 0.0073026723? x!0) (* (- 0.0073026723?) x!5))                          (- 1.0))))           (a!134 (or (not (>= x!4 51.0))                      (>= (+ (* 0.0079376872? x!0) (* (- 0.0079376872?) x!5))                          (- 1.0))))           (a!135 (or (not (>= x!4 52.0))                      (>= (+ (* 0.0086279209? x!0) (* (- 0.0086279209?) x!5))                          (- 1.0))))           (a!136 (or (not (>= x!4 53.0))                      (>= (+ (* 0.0093781749? x!0) (* (- 0.0093781749?) x!5))                          (- 1.0))))           (a!137 (or (not (>= x!4 54.0))                      (>= (+ (* 0.0101936684? x!0) (* (- 0.0101936684?) x!5))                          (- 1.0))))           (a!138 (or (not (>= x!4 55.0))                      (>= (+ (* 0.0110800744? x!0) (* (- 0.0110800744?) x!5))                          (- 1.0))))           (a!139 (or (not (>= x!4 56.0))                      (>= (+ (* 0.0120435591? x!0) (* (- 0.0120435591?) x!5))                          (- 1.0))))           (a!140 (or (not (>= x!4 57.0))                      (>= (+ (* 0.0130908251? x!0) (* (- 0.0130908251?) x!5))                          (- 1.0))))           (a!141 (or (not (>= x!4 58.0))                      (>= (+ (* 0.0142291577? x!0) (* (- 0.0142291577?) x!5))                          (- 1.0))))           (a!142 (or (not (>= x!4 59.0))                      (>= (+ (* 0.0154664758? x!0) (* (- 0.0154664758?) x!5))                          (- 1.0))))           (a!143 (or (not (>= x!4 60.0))                      (>= (+ (* 0.0168113867? x!0) (* (- 0.0168113867?) x!5))                          (- 1.0))))           (a!144 (or (not (>= x!4 61.0))                      (>= (+ (* 0.0182732464? x!0) (* (- 0.0182732464?) x!5))                          (- 1.0))))           (a!145 (or (not (>= x!4 62.0))                      (>= (+ (* 0.0198622244? x!0) (* (- 0.0198622244?) x!5))                          (- 1.0))))           (a!146 (or (not (>= x!4 63.0))                      (>= (+ (* 0.0215893744? x!0) (* (- 0.0215893744?) x!5))                          (- 1.0))))           (a!147 (or (not (>= x!4 64.0))                      (>= (+ (* 0.0234667113? x!0) (* (- 0.0234667113?) x!5))                          (- 1.0))))           (a!148 (or (not (>= x!4 65.0))                      (>= (+ (* 0.0255072948? x!0) (* (- 0.0255072948?) x!5))                          (- 1.0))))           (a!149 (or (not (>= x!4 66.0))                      (>= (+ (* 0.0277253205? x!0) (* (- 0.0277253205?) x!5))                          (- 1.0))))           (a!150 (or (not (>= x!4 67.0))                      (>= (+ (* 0.0301362179? x!0) (* (- 0.0301362179?) x!5))                          (- 1.0))))           (a!151 (or (not (>= x!4 68.0))                      (>= (+ (* 0.0327567586? x!0) (* (- 0.0327567586?) x!5))                          (- 1.0))))           (a!152 (or (not (>= x!4 69.0))                      (>= (+ (* 0.0356051724? x!0) (* (- 0.0356051724?) x!5))                          (- 1.0))))           (a!153 (or (not (>= x!4 70.0))                      (>= (+ (* 0.0387012744? x!0) (* (- 0.0387012744?) x!5))                          (- 1.0))))           (a!154 (or (not (>= x!4 71.0))                      (>= (+ (* 0.0420666026? x!0) (* (- 0.0420666026?) x!5))                          (- 1.0))))           (a!155 (or (not (>= x!4 72.0))                      (>= (+ (* 0.0457245680? x!0) (* (- 0.0457245680?) x!5))                          (- 1.0))))           (a!156 (or (not (>= x!4 73.0))                      (>= (+ (* 0.0497006174? x!0) (* (- 0.0497006174?) x!5))                          (- 1.0))))           (a!157 (or (not (>= x!4 74.0))                      (>= (+ (* 0.0540224103? x!0) (* (- 0.0540224103?) x!5))                          (- 1.0))))           (a!158 (or (not (>= x!4 75.0))                      (>= (+ (* 0.0587200112? x!0) (* (- 0.0587200112?) x!5))                          (- 1.0))))           (a!159 (or (not (>= x!4 76.0))                      (>= (+ (* 0.0638260991? x!0) (* (- 0.0638260991?) x!5))                          (- 1.0))))           (a!160 (or (not (>= x!4 77.0))                      (>= (+ (* 0.0693761947? x!0) (* (- 0.0693761947?) x!5))                          (- 1.0))))           (a!161 (or (not (>= x!4 78.0))                      (>= (+ (* 0.0754089072? x!0) (* (- 0.0754089072?) x!5))                          (- 1.0))))           (a!162 (or (not (>= x!4 79.0))                      (>= (+ (* 0.0819662035? x!0) (* (- 0.0819662035?) x!5))                          (- 1.0))))           (a!163 (or (not (>= x!4 80.0))                      (>= (+ (* 0.0890936995? x!0) (* (- 0.0890936995?) x!5))                          (- 1.0))))           (a!164 (or (not (>= x!4 81.0))                      (>= (+ (* 0.0968409777? x!0) (* (- 0.0968409777?) x!5))                          (- 1.0))))           (a!165 (or (not (>= x!4 84.0))                      (>= (+ (* 0.1243642868? x!0) (* (- 0.1243642868?) x!5))                          (- 1.0))))           (a!166 (or (not (>= x!4 82.0))                      (>= (+ (* 0.1052619323? x!0) (* (- 0.1052619323?) x!5))                          (- 1.0))))           (a!167 (or (not (>= x!4 83.0))                      (>= (+ (* 0.1144151438? x!0) (* (- 0.1144151438?) x!5))                          (- 1.0))))           (a!168 (or (not (>= x!4 85.0))                      (>= (+ (* 0.1351785726? x!0) (* (- 0.1351785726?) x!5))                          (- 1.0))))           (a!169 (or (not (>= x!4 86.0))                      (>= (+ (* 1.0869565217? x!0) (* (- 1.0869565217?) x!5))                          (- 7.3976221281?))))           (a!170 (or (not (>= x!4 87.0))                      (>= (+ (* 1.0869565217? x!0) (* (- 1.0869565217?) x!5))                          (- 6.8058123578?))))           (a!171 (or (not (>= x!4 88.0))                      (>= (+ (* 0.1735978628? x!0) (* (- 0.1735978628?) x!5))                          (- 1.0))))           (a!172 (or (not (>= x!4 89.0))                      (>= (+ (* 1.0869565217? x!0) (* (- 1.0869565217?) x!5))                          (- 5.7604395797?))))           (a!173 (or (not (>= x!4 90.0))                      (>= (+ (* 1.1814744801? x!0) (* (- 1.1814744801?) x!5))                          (- 5.7604395797?))))           (a!174 (or (not (>= x!4 91.0))                      (>= (+ (* 1.2842113914? x!0) (* (- 1.2842113914?) x!5))                          (- 5.7604395797?))))           (a!175 (or (not (>= x!4 92.0))                      (>= (+ (* 1.3958819472? x!0) (* (- 1.3958819472?) x!5))                          (- 5.7604395797?))))           (a!176 (or (not (>= x!4 93.0))                      (>= (+ (* 1.5172629861? x!0) (* (- 1.5172629861?) x!5))                          (- 5.7604395797?))))           (a!177 (or (not (>= x!4 94.0))                      (>= (+ (* 1.6491988979? x!0) (* (- 1.6491988979?) x!5))                          (- 5.7604395797?))))           (a!178 (or (not (>= x!4 95.0))                      (>= (+ (* 1.0869565217? x!0) (* (- 1.0869565217?) x!5))                          (- 3.4928713491?))))           (a!179 (or (not (>= x!4 96.0))                      (>= (+ (* 1.0869565217? x!0) (* (- 1.0869565217?) x!5))                          (- 3.2134416411?))))           (a!180 (or (not (>= x!4 97.0))                      (>= (+ (* 1.0869565217? x!0) (* (- 1.0869565217?) x!5))                          (- 2.9563663098?))))           (a!181 (or (not (>= x!4 98.0))                      (>= (+ (* 1.0869565217? x!0) (* (- 1.0869565217?) x!5))                          (- 2.7198570050?))))           (a!182 (or (not (>= x!4 99.0))                      (>= (+ (* 1.0869565217? x!0) (* (- 1.0869565217?) x!5))                          (- 2.5022684446?))))           (a!183 (or (not (>= x!4 100.0))                      (>= (+ (* 1.0869565217? x!0) (* (- 1.0869565217?) x!5))                          (- 2.3020869691?))))           (a!184 (or (not (>= x!4 101.0))                      (>= (+ (* 1.0869565217? x!0) (* (- 1.0869565217?) x!5))                          (- 2.1179200115?))))           (a!185 (or (not (>= x!4 102.0))                      (>= (+ (* 1.0869565217? x!0) (* (- 1.0869565217?) x!5))                          (- 1.9484864106?))))           (a!186 (or (not (>= x!4 103.0))                      (>= (+ (* 1.0869565217? x!0) (* (- 1.0869565217?) x!5))                          (- 1.7926074978?))))           (a!187 (or (not (>= x!4 104.0))                      (>= (+ (* 1.0869565217? x!0) (* (- 1.0869565217?) x!5))                          (- 1.6491988979?))))           (a!188 (or (not (>= x!4 105.0))                      (>= (+ (* 1.0869565217? x!0) (* (- 1.0869565217?) x!5))                          (- 1.5172629861?))))           (a!189 (or (not (>= x!4 106.0))                      (>= (+ (* 0.778688 x!0) (* (- 0.778688) x!5)) (- 1.0))))           (a!190 (or (not (>= x!4 107.0))                      (>= (+ (* 1.0869565217? x!0) (* (- 1.0869565217?) x!5))                          (- 1.2842113914?)))))       (and a!1            (<= (+ x!0 (* (- 1.0) x!5)) 2000.0)            a!2            a!3            a!4            a!5            a!6            a!7            a!8            a!9            a!10            a!11            a!12            a!13            a!14            a!15            a!16            a!17            a!18            a!19            a!20            a!21            a!22            a!23            a!24            a!25            a!26            a!27            a!28            a!29            a!30            a!31            a!32            a!33            a!34            a!35            a!36            a!37            a!38            a!39            a!40            a!41            a!42            a!43            a!44            a!45            a!46            a!47            a!48            a!49            a!50            a!51            a!52            a!53            a!54            a!55            a!56            a!57            a!58            a!59            a!60            a!61            a!62            a!63            a!64            a!65            a!66            a!67            a!68            a!69            a!70            a!71            a!72            a!73            a!74            a!75            a!76            a!77            a!78            a!79            a!80            a!81            a!82            a!83            a!84            a!85            a!86            a!87            a!88            a!89            a!90            a!91            a!92            a!93            a!94            a!95            a!96            a!97            a!98            a!99            a!100            (>= (+ (* 0.0004661010? x!0) (* (- 0.0004661010?) x!5)) (- 1.0))            a!101            a!102            a!103            a!104            a!105            a!106            a!107            a!108            a!109            a!110            a!111            a!112            a!113            a!114            a!115            a!116            a!117            a!118            a!119            a!120            a!121            a!122            a!123            a!124            a!125            a!126            a!127            a!128            a!129            a!130            a!131            a!132            a!133            a!134            a!135            a!136            a!137            a!138            a!139            a!140            a!141            a!142            a!143            a!144            a!145            a!146            a!147            a!148            a!149            a!150            a!151            a!152            a!153            a!154            a!155            a!156            a!157            a!158            a!159            a!160            a!161            a!162            a!163            a!164            a!165            a!166            a!167            a!168            a!169            a!170            a!171            a!172            a!173            a!174            a!175            a!176            a!177            a!178            a!179            a!180            a!181            a!182            a!183            a!184            a!185            a!186            a!187            a!188            a!189            a!190))) ),162.5630
p_0.00_2000.00_0.00_2000.00_0.0800_110.00_0.50_1.00.smt2,0.00,2000.00,0.00,2000.00,0.0800,110.00,0.50,1.00,Golem,sat,3.1379
p_0.00_2000.00_0.00_2000.00_0.0800_110.00_1.00_0.50.smt2,0.00,2000.00,0.00,2000.00,0.0800,110.00,1.00,0.50,Spacer,sat (   (define-fun Inv ((x!0 Real)    (x!1 Real)    (x!2 Real)    (x!3 Real)    (x!4 Real)    (x!5 Real)) Bool     (let ((a!1 (or (not (>= x!4 108.0))                    (>= (+ (* 1.0869565217? x!0) (* (- 1.0869565217?) x!5))                        (- 0.5907372400?))))           (a!2 (or (<= x!4 0.0)                    (<= (+ (* 0.0005066316? x!0) (* (- 0.0005066316?) x!5))                        0.9322021740?)))           (a!3 (or (<= x!4 1.0)                    (<= (+ (* 1.0869565217? x!0) (* (- 1.0869565217?) x!5))                        1973.8207560288?)))           (a!4 (or (not (>= x!4 21.0))                    (<= (+ (* 0.0006506220? x!0) (* (- 0.0006506220?) x!5)) 1.0)))           (a!5 (or (not (>= x!4 20.0))                    (<= (+ (* 1.0869565217? x!0) (* (- 1.0869565217?) x!5))                        1815.9150955465?)))           (a!6 (or (not (>= x!4 22.0))                    (<= (+ (* 0.0007071979? x!0) (* (- 0.0007071979?) x!5)) 1.0)))           (a!7 (or (not (>= x!4 23.0))                    (<= (+ (* 0.0007686933? x!0) (* (- 0.0007686933?) x!5)) 1.0)))           (a!8 (or (not (>= x!4 24.0))                    (<= (+ (* 0.0008355363? x!0) (* (- 0.0008355363?) x!5)) 1.0)))           (a!9 (or (not (>= x!4 25.0))                    (<= (+ (* 0.0009081916? x!0) (* (- 0.0009081916?) x!5)) 1.0)))           (a!10 (or (not (>= x!4 26.0))                     (<= (+ (* 0.0009871648? x!0) (* (- 0.0009871648?) x!5)) 1.0)))           (a!11 (or (not (>= x!4 27.0))                     (<= (+ (* 0.0010730052? x!0) (* (- 0.0010730052?) x!5)) 1.0)))           (a!12 (or (not (>= x!4 28.0))                     (<= (+ (* 0.0011663100? x!0) (* (- 0.0011663100?) x!5)) 1.0)))           (a!13 (or (not (>= x!4 29.0))                     (<= (+ (* 0.0012677283? x!0) (* (- 0.0012677283?) x!5)) 1.0)))           (a!14 (or (not (>= x!4 30.0))                     (<= (+ (* 0.0013779655? x!0) (* (- 0.0013779655?) x!5)) 1.0)))           (a!15 (or (not (>= x!4 31.0))                     (<= (+ (* 0.0014977886? x!0) (* (- 0.0014977886?) x!5)) 1.0)))           (a!16 (or (not (>= x!4 32.0))                     (<= (+ (* 0.0016280311? x!0) (* (- 0.0016280311?) x!5)) 1.0)))           (a!17 (or (not (>= x!4 33.0))                     (<= (+ (* 0.0017695990? x!0) (* (- 0.0017695990?) x!5)) 1.0)))           (a!18 (or (not (>= x!4 34.0))                     (<= (+ (* 0.0019234772? x!0) (* (- 0.0019234772?) x!5)) 1.0)))           (a!19 (or (not (>= x!4 35.0))                     (<= (+ (* 0.0020907361? x!0) (* (- 0.0020907361?) x!5)) 1.0)))           (a!20 (or (not (>= x!4 36.0))                     (<= (+ (* 0.0022725392? x!0) (* (- 0.0022725392?) x!5)) 1.0)))           (a!21 (or (not (>= x!4 37.0))                     (<= (+ (* 0.0024701513? x!0) (* (- 0.0024701513?) x!5)) 1.0)))           (a!22 (or (not (>= x!4 38.0))                     (<= (+ (* 0.0026849471? x!0) (* (- 0.0026849471?) x!5)) 1.0)))           (a!23 (or (not (>= x!4 39.0))                     (<= (+ (* 0.0029184208? x!0) (* (- 0.0029184208?) x!5)) 1.0)))           (a!24 (or (not (>= x!4 40.0))                     (<= (+ (* 0.0031721965? x!0) (* (- 0.0031721965?) x!5)) 1.0)))           (a!25 (or (not (>= x!4 41.0))                     (<= (+ (* 0.0034480397? x!0) (* (- 0.0034480397?) x!5)) 1.0)))           (a!26 (or (not (>= x!4 42.0))                     (<= (+ (* 0.0037478692? x!0) (* (- 0.0037478692?) x!5)) 1.0)))           (a!27 (or (not (>= x!4 43.0))                     (<= (+ (* 0.0040737709? x!0) (* (- 0.0040737709?) x!5)) 1.0)))           (a!28 (or (not (>= x!4 44.0))                     (<= (+ (* 0.0044280118? x!0) (* (- 0.0044280118?) x!5)) 1.0)))           (a!29 (or (not (>= x!4 45.0))                     (<= (+ (* 0.0048130563? x!0) (* (- 0.0048130563?) x!5)) 1.0)))           (a!30 (or (not (>= x!4 46.0))                     (<= (+ (* 0.0052315830? x!0) (* (- 0.0052315830?) x!5)) 1.0)))           (a!31 (or (not (>= x!4 47.0))                     (<= (+ (* 0.0056865032? x!0) (* (- 0.0056865032?) x!5)) 1.0)))           (a!32 (or (not (>= x!4 48.0))                     (<= (+ (* 0.0061809818? x!0) (* (- 0.0061809818?) x!5)) 1.0)))           (a!33 (or (not (>= x!4 49.0))                     (<= (+ (* 0.0067184585? x!0) (* (- 0.0067184585?) x!5)) 1.0)))           (a!34 (or (not (>= x!4 50.0))                     (<= (+ (* 0.0073026723? x!0) (* (- 0.0073026723?) x!5)) 1.0)))           (a!35 (or (not (>= x!4 51.0))                     (<= (+ (* 0.0079376872? x!0) (* (- 0.0079376872?) x!5)) 1.0)))           (a!36 (or (not (>= x!4 52.0))                     (<= (+ (* 0.0086279209? x!0) (* (- 0.0086279209?) x!5)) 1.0)))           (a!37 (or (not (>= x!4 53.0))                     (<= (+ (* 0.0093781749? x!0) (* (- 0.0093781749?) x!5)) 1.0)))           (a!38 (or (not (>= x!4 54.0))                     (<= (+ (* 0.0101936684? x!0) (* (- 0.0101936684?) x!5)) 1.0)))           (a!39 (or (not (>= x!4 55.0))                     (<= (+ (* 0.0110800744? x!0) (* (- 0.0110800744?) x!5)) 1.0)))           (a!40 (or (not (>= x!4 56.0))                     (<= (+ (* 0.0120435591? x!0) (* (- 0.0120435591?) x!5)) 1.0)))           (a!41 (or (not (>= x!4 57.0))                     (<= (+ (* 0.0130908251? x!0) (* (- 0.0130908251?) x!5)) 1.0)))           (a!42 (or (not (>= x!4 58.0))                     (<= (+ (* 0.0142291577? x!0) (* (- 0.0142291577?) x!5)) 1.0)))           (a!43 (or (not (>= x!4 59.0))                     (<= (+ (* 0.0154664758? x!0) (* (- 0.0154664758?) x!5)) 1.0)))           (a!44 (or (not (>= x!4 60.0))                     (<= (+ (* 0.0168113867? x!0) (* (- 0.0168113867?) x!5)) 1.0)))           (a!45 (or (not (>= x!4 61.0))                     (<= (+ (* 0.0182732464? x!0) (* (- 0.0182732464?) x!5)) 1.0)))           (a!46 (or (not (>= x!4 62.0))                     (<= (+ (* 0.0198622244? x!0) (* (- 0.0198622244?) x!5)) 1.0)))           (a!47 (or (not (>= x!4 63.0))                     (<= (+ (* 0.0215893744? x!0) (* (- 0.0215893744?) x!5)) 1.0)))           (a!48 (or (not (>= x!4 64.0))                     (<= (+ (* 0.0234667113? x!0) (* (- 0.0234667113?) x!5)) 1.0)))           (a!49 (or (not (>= x!4 65.0))                     (<= (+ (* 0.0255072948? x!0) (* (- 0.0255072948?) x!5)) 1.0)))           (a!50 (or (not (>= x!4 66.0))                     (<= (+ (* 0.0277253205? x!0) (* (- 0.0277253205?) x!5)) 1.0)))           (a!51 (or (not (>= x!4 67.0))                     (<= (+ (* 0.0301362179? x!0) (* (- 0.0301362179?) x!5)) 1.0)))           (a!52 (or (not (>= x!4 68.0))                     (<= (+ (* 0.0327567586? x!0) (* (- 0.0327567586?) x!5)) 1.0)))           (a!53 (or (not (>= x!4 69.0))                     (<= (+ (* 0.0356051724? x!0) (* (- 0.0356051724?) x!5)) 1.0)))           (a!54 (or (not (>= x!4 70.0))                     (<= (+ (* 0.0387012744? x!0) (* (- 0.0387012744?) x!5)) 1.0)))           (a!55 (or (not (>= x!4 71.0))                     (<= (+ (* 0.0420666026? x!0) (* (- 0.0420666026?) x!5)) 1.0)))           (a!56 (or (not (>= x!4 72.0))                     (<= (+ (* 0.0457245680? x!0) (* (- 0.0457245680?) x!5)) 1.0)))           (a!57 (or (not (>= x!4 73.0))                     (<= (+ (* 0.0497006174? x!0) (* (- 0.0497006174?) x!5)) 1.0)))           (a!58 (or (not (>= x!4 74.0))                     (<= (+ (* 0.0540224103? x!0) (* (- 0.0540224103?) x!5)) 1.0)))           (a!59 (or (not (>= x!4 75.0))                     (<= (+ (* 0.0587200112? x!0) (* (- 0.0587200112?) x!5)) 1.0)))           (a!60 (or (not (>= x!4 76.0))                     (<= (+ (* 0.0638260991? x!0) (* (- 0.0638260991?) x!5)) 1.0)))           (a!61 (or (not (>= x!4 77.0))                     (<= (+ (* 0.0693761947? x!0) (* (- 0.0693761947?) x!5)) 1.0)))           (a!62 (or (not (>= x!4 78.0))                     (<= (+ (* 0.0754089072? x!0) (* (- 0.0754089072?) x!5)) 1.0)))           (a!63 (or (not (>= x!4 79.0))                     (<= (+ (* 0.0819662035? x!0) (* (- 0.0819662035?) x!5)) 1.0)))           (a!64 (or (not (>= x!4 80.0))                     (<= (+ (* 0.0890936995? x!0) (* (- 0.0890936995?) x!5)) 1.0)))           (a!65 (or (not (>= x!4 81.0))                     (<= (+ (* 0.0968409777? x!0) (* (- 0.0968409777?) x!5)) 1.0)))           (a!66 (or (not (>= x!4 82.0))                     (<= (+ (* 0.1052619323? x!0) (* (- 0.1052619323?) x!5)) 1.0)))           (a!67 (or (not (>= x!4 83.0))                     (<= (+ (* 0.1144151438? x!0) (* (- 0.1144151438?) x!5)) 1.0)))           (a!68 (or (not (>= x!4 84.0))                     (<= (+ (* 0.1243642868? x!0) (* (- 0.1243642868?) x!5)) 1.0)))           (a!69 (or (not (>= x!4 85.0))                     (<= (+ (* 0.1351785726? x!0) (* (- 0.1351785726?) x!5)) 1.0)))           (a!70 (or (not (>= x!4 86.0))                     (<= (+ (* 0.1469332310? x!0) (* (- 0.1469332310?) x!5)) 1.0)))           (a!71 (or (not (>= x!4 87.0))                     (<= (+ (* 0.1597100338? x!0) (* (- 0.1597100338?) x!5)) 1.0)))           (a!72 (or (not (>= x!4 88.0))                     (<= (+ (* 0.1735978628? x!0) (* (- 0.1735978628?) x!5)) 1.0)))           (a!73 (or (not (>= x!4 89.0))                     (<= (+ (* 0.1886933291? x!0) (* (- 0.1886933291?) x!5)) 1.0)))           (a!74 (or (not (>= x!4 90.0))                     (<= (+ (* 0.2051014447? x!0) (* (- 0.2051014447?) x!5)) 1.0)))           (a!75 (or (not (>= x!4 91.0))                     (<= (+ (* 0.2229363529? x!0) (* (- 0.2229363529?) x!5)) 1.0)))           (a!76 (or (not (>= x!4 92.0))                     (<= (+ (* 0.2423221228? x!0) (* (- 0.2423221228?) x!5)) 1.0)))           (a!77 (or (not (>= x!4 93.0))                     (<= (+ (* 0.2633936117? x!0) (* (- 0.2633936117?) x!5)) 1.0)))           (a!78 (or (not (>= x!4 94.0))                     (<= (+ (* 0.2862974040? x!0) (* (- 0.2862974040?) x!5)) 1.0)))           (a!79 (or (not (>= x!4 95.0))                     (<= (+ (* 0.3111928305? x!0) (* (- 0.3111928305?) x!5)) 1.0)))           (a!80 (or (not (>= x!4 96.0))                     (<= (+ (* 0.3382530766? x!0) (* (- 0.3382530766?) x!5)) 1.0)))           (a!81 (or (not (>= x!4 97.0))                     (<= (+ (* 0.3676663876? x!0) (* (- 0.3676663876?) x!5)) 1.0)))           (a!82 (or (not (>= x!4 98.0))                     (<= (+ (* 0.3996373778? x!0) (* (- 0.3996373778?) x!5)) 1.0)))           (a!83 (or (not (>= x!4 99.0))                     (<= (+ (* 0.4343884542? x!0) (* (- 0.4343884542?) x!5)) 1.0)))           (a!84 (or (not (>= x!4 100.0))                     (<= (+ (* 0.4721613632? x!0) (* (- 0.4721613632?) x!5)) 1.0)))           (a!85 (or (not (>= x!4 101.0))                     (<= (+ (* 0.5132188731? x!0) (* (- 0.5132188731?) x!5)) 1.0)))           (a!86 (or (not (>= x!4 102.0))                     (<= (+ (* 0.5578466012? x!0) (* (- 0.5578466012?) x!5)) 1.0)))           (a!87 (or (not (>= x!4 103.0))                     (<= (+ (* 0.6063550013? x!0) (* (- 0.6063550013?) x!5)) 1.0)))           (a!88 (or (not (>= x!4 104.0))                     (<= (+ (* 0.6590815232 x!0) (* (- 0.6590815232) x!5)) 1.0)))           (a!89 (or (not (>= x!4 105.0))                     (<= (+ (* 0.71639296 x!0) (* (- 0.71639296) x!5)) 1.0)))           (a!90 (or (not (>= x!4 106.0))                     (<= (+ (* 0.778688 x!0) (* (- 0.778688) x!5)) 1.0)))           (a!91 (or (not (>= x!4 107.0))                     (<= (+ (* 0.8464 x!0) (* (- 0.8464) x!5)) 1.0)))           (a!92 (or (not (>= x!4 108.0))                     (<= (+ (* 0.92 x!0) (* (- 0.92) x!5)) 1.0)))           (a!93 (or (<= x!4 0.0)                     (>= (+ (* 0.0002600129? x!0) (* (- 0.0002600129?) x!5))                         (- 0.4784237493?))))           (a!94 (or (<= x!4 1.0)                     (>= (+ (* 0.0002826227? x!0) (* (- 0.0002826227?) x!5))                         (- 0.5))))           (a!95 (or (<= x!4 2.0)                     (>= (+ (* 0.0003071986? x!0) (* (- 0.0003071986?) x!5))                         (- 0.5))))           (a!96 (or (not (>= x!4 13.0))                     (>= (+ (* 0.0003339115? x!0) (* (- 0.0003339115?) x!5))                         (- 0.5))))           (a!97 (or (>= (+ (* 0.0003629473? x!0) (* (- 0.0003629473?) x!5))                         (- 0.5))                     (not (>= x!4 14.0))))           (a!98 (or (>= (+ (* 0.0003945079? x!0) (* (- 0.0003945079?) x!5))                         (- 0.5))                     (not (>= x!4 15.0))))           (a!99 (or (>= (+ (* 0.0004288130? x!0) (* (- 0.0004288130?) x!5))                         (- 0.5))                     (not (>= x!4 16.0))))           (a!100 (or (>= (+ (* 0.0004661010? x!0) (* (- 0.0004661010?) x!5))                          (- 0.5))                      (not (>= x!4 17.0))))           (a!101 (or (not (>= x!4 18.0))                      (>= (+ (* 0.0005066316? x!0) (* (- 0.0005066316?) x!5))                          (- 0.5))))           (a!102 (or (>= (+ (* 0.0005506865? x!0) (* (- 0.0005506865?) x!5))                          (- 0.5))                      (not (>= x!4 19.0))))           (a!103 (or (not (>= x!4 20.0))                      (>= (+ (* 1.0869565217? x!0) (* (- 1.0869565217?) x!5))                          (- 907.9575477732?))))           (a!104 (or (not (>= x!4 21.0))                      (>= (+ (* 1.0869565217? x!0) (* (- 1.0869565217?) x!5))                          (- 835.3209439514?))))           (a!105 (or (not (>= x!4 22.0))                      (>= (+ (* 0.0007071979? x!0) (* (- 0.0007071979?) x!5))                          (- 0.5))))           (a!106 (or (not (>= x!4 23.0))                      (>= (+ (* 0.0007686933? x!0) (* (- 0.0007686933?) x!5))                          (- 0.5))))           (a!107 (or (>= (+ (* 0.0008355363? x!0) (* (- 0.0008355363?) x!5))                          (- 0.5))                      (not (>= x!4 24.0))))           (a!108 (or (>= (+ (* 0.0009081916? x!0) (* (- 0.0009081916?) x!5))                          (- 0.5))                      (not (>= x!4 25.0))))           (a!109 (or (not (>= x!4 26.0))                      (>= (+ (* 0.0009871648? x!0) (* (- 0.0009871648?) x!5))                          (- 0.5))))           (a!110 (or (not (>= x!4 27.0))                      (>= (+ (* 0.0010730052? x!0) (* (- 0.0010730052?) x!5))                          (- 0.5))))           (a!111 (or (not (>= x!4 28.0))                      (>= (+ (* 0.0011663100? x!0) (* (- 0.0011663100?) x!5))                          (- 0.5))))           (a!112 (or (not (>= x!4 29.0))                      (>= (+ (* 0.0012677283? x!0) (* (- 0.0012677283?) x!5))                          (- 0.5))))           (a!113 (or (not (>= x!4 30.0))                      (>= (+ (* 0.0013779655? x!0) (* (- 0.0013779655?) x!5))                          (- 0.5))))           (a!114 (or (not (>= x!4 31.0))                      (>= (+ (* 0.0014977886? x!0) (* (- 0.0014977886?) x!5))                          (- 0.5))))           (a!115 (or (not (>= x!4 32.0))                      (>= (+ (* 0.0016280311? x!0) (* (- 0.0016280311?) x!5))                          (- 0.5))))           (a!116 (or (not (>= x!4 33.0))                      (>= (+ (* 0.0017695990? x!0) (* (- 0.0017695990?) x!5))                          (- 0.5))))           (a!117 (or (not (>= x!4 34.0))                      (>= (+ (* 0.0019234772? x!0) (* (- 0.0019234772?) x!5))                          (- 0.5))))           (a!118 (or (not (>= x!4 35.0))                      (>= (+ (* 0.0020907361? x!0) (* (- 0.0020907361?) x!5))                          (- 0.5))))           (a!119 (or (not (>= x!4 36.0))                      (>= (+ (* 0.0022725392? x!0) (* (- 0.0022725392?) x!5))                          (- 0.5))))           (a!120 (or (not (>= x!4 37.0))                      (>= (+ (* 0.0024701513? x!0) (* (- 0.0024701513?) x!5))                          (- 0.5))))           (a!121 (or (not (>= x!4 38.0))                      (>= (+ (* 0.0026849471? x!0) (* (- 0.0026849471?) x!5))                          (- 0.5))))           (a!122 (or (not (>= x!4 39.0))                      (>= (+ (* 0.0029184208? x!0) (* (- 0.0029184208?) x!5))                          (- 0.5))))           (a!123 (or (not (>= x!4 40.0))                      (>= (+ (* 0.0031721965? x!0) (* (- 0.0031721965?) x!5))                          (- 0.5))))           (a!124 (or (not (>= x!4 41.0))                      (>= (+ (* 0.0034480397? x!0) (* (- 0.0034480397?) x!5))                          (- 0.5))))           (a!125 (or (not (>= x!4 42.0))                      (>= (+ (* 0.0037478692? x!0) (* (- 0.0037478692?) x!5))                          (- 0.5))))           (a!126 (or (not (>= x!4 43.0))                      (>= (+ (* 0.0040737709? x!0) (* (- 0.0040737709?) x!5))                          (- 0.5))))           (a!127 (or (not (>= x!4 44.0))                      (>= (+ (* 0.0044280118? x!0) (* (- 0.0044280118?) x!5))                          (- 0.5))))           (a!128 (or (>= (+ (* 0.0048130563? x!0) (* (- 0.0048130563?) x!5))                          (- 0.5))                      (not (>= x!4 45.0))))           (a!129 (or (not (>= x!4 46.0))                      (>= (+ (* 0.0052315830? x!0) (* (- 0.0052315830?) x!5))                          (- 0.5))))           (a!130 (or (>= (+ (* 0.0056865032? x!0) (* (- 0.0056865032?) x!5))                          (- 0.5))                      (not (>= x!4 47.0))))           (a!131 (or (not (>= x!4 48.0))                      (>= (+ (* 0.0061809818? x!0) (* (- 0.0061809818?) x!5))                          (- 0.5))))           (a!132 (or (not (>= x!4 49.0))                      (>= (+ (* 0.0067184585? x!0) (* (- 0.0067184585?) x!5))                          (- 0.5))))           (a!133 (or (not (>= x!4 50.0))                      (>= (+ (* 0.0073026723? x!0) (* (- 0.0073026723?) x!5))                          (- 0.5))))           (a!134 (or (not (>= x!4 51.0))                      (>= (+ (* 0.0079376872? x!0) (* (- 0.0079376872?) x!5))                          (- 0.5))))           (a!135 (or (not (>= x!4 52.0))                      (>= (+ (* 0.0086279209? x!0) (* (- 0.0086279209?) x!5))                          (- 0.5))))           (a!136 (or (not (>= x!4 53.0))                      (>= (+ (* 0.0093781749? x!0) (* (- 0.0093781749?) x!5))                          (- 0.5))))           (a!137 (or (not (>= x!4 54.0))                      (>= (+ (* 0.0101936684? x!0) (* (- 0.0101936684?) x!5))                          (- 0.5))))           (a!138 (or (not (>= x!4 55.0))                      (>= (+ (* 0.0110800744? x!0) (* (- 0.0110800744?) x!5))                          (- 0.5))))           (a!139 (or (not (>= x!4 57.0))                      (>= (+ (* 0.0130908251? x!0) (* (- 0.0130908251?) x!5))                          (- 0.5))))           (a!140 (or (not (>= x!4 56.0))                      (>= (+ (* 0.0120435591? x!0) (* (- 0.0120435591?) x!5))                          (- 0.5))))           (a!141 (or (not (>= x!4 58.0))                      (>= (+ (* 1.0869565217? x!0) (* (- 1.0869565217?) x!5))                          (- 38.1946893719?))))           (a!142 (or (not (>= x!4 59.0))                      (>= (+ (* 1.0869565217? x!0) (* (- 1.0869565217?) x!5))                          (- 35.1391142221?))))           (a!143 (or (not (>= x!4 60.0))                      (>= (+ (* 0.0168113867? x!0) (* (- 0.0168113867?) x!5))                          (- 0.5))))           (a!144 (or (not (>= x!4 61.0))                      (>= (+ (* 0.0182732464? x!0) (* (- 0.0182732464?) x!5))                          (- 0.5))))           (a!145 (or (not (>= x!4 62.0))                      (>= (+ (* 1.0869565217? x!0) (* (- 1.0869565217?) x!5))                          (- 27.3624065754?))))           (a!146 (or (not (>= x!4 63.0))                      (>= (+ (* 1.1814744801? x!0) (* (- 1.1814744801?) x!5))                          (- 27.3624065754?))))           (a!147 (or (not (>= x!4 64.0))                      (>= (+ (* 1.0869565217? x!0) (* (- 1.0869565217?) x!5))                          (- 23.1595409254?))))           (a!148 (or (not (>= x!4 65.0))                      (>= (+ (* 0.0255072948? x!0) (* (- 0.0255072948?) x!5))                          (- 0.5))))           (a!149 (or (not (>= x!4 66.0))                      (>= (+ (* 0.0277253205? x!0) (* (- 0.0277253205?) x!5))                          (- 0.5))))           (a!150 (or (not (>= x!4 67.0))                      (>= (+ (* 0.0301362179? x!0) (* (- 0.0301362179?) x!5))                          (- 0.5))))           (a!151 (or (not (>= x!4 68.0))                      (>= (+ (* 0.0327567586? x!0) (* (- 0.0327567586?) x!5))                          (- 0.5))))           (a!152 (or (not (>= x!4 69.0))                      (>= (+ (* 0.0356051724? x!0) (* (- 0.0356051724?) x!5))                          (- 0.5))))           (a!153 (or (not (>= x!4 70.0))                      (>= (+ (* 0.0387012744? x!0) (* (- 0.0387012744?) x!5))                          (- 0.5))))           (a!154 (or (not (>= x!4 71.0))                      (>= (+ (* 0.0420666026? x!0) (* (- 0.0420666026?) x!5))                          (- 0.5))))           (a!155 (or (not (>= x!4 72.0))                      (>= (+ (* 0.0457245680? x!0) (* (- 0.0457245680?) x!5))                          (- 0.5))))           (a!156 (or (not (>= x!4 73.0))                      (>= (+ (* 0.0497006174? x!0) (* (- 0.0497006174?) x!5))                          (- 0.5))))           (a!157 (or (not (>= x!4 74.0))                      (>= (+ (* 0.0540224103? x!0) (* (- 0.0540224103?) x!5))                          (- 0.5))))           (a!158 (or (not (>= x!4 75.0))                      (>= (+ (* 0.0587200112? x!0) (* (- 0.0587200112?) x!5))                          (- 0.5))))           (a!159 (or (not (>= x!4 76.0))                      (>= (+ (* 0.0638260991? x!0) (* (- 0.0638260991?) x!5))                          (- 0.5))))           (a!160 (or (not (>= x!4 77.0))                      (>= (+ (* 0.0693761947? x!0) (* (- 0.0693761947?) x!5))                          (- 0.5))))           (a!161 (or (not (>= x!4 78.0))                      (>= (+ (* 0.0754089072? x!0) (* (- 0.0754089072?) x!5))                          (- 0.5))))           (a!162 (or (not (>= x!4 79.0))                      (>= (+ (* 0.0819662035? x!0) (* (- 0.0819662035?) x!5))                          (- 0.5))))           (a!163 (or (not (>= x!4 80.0))                      (>= (+ (* 0.0890936995? x!0) (* (- 0.0890936995?) x!5))                          (- 0.5))))           (a!164 (or (not (>= x!4 81.0))                      (>= (+ (* 0.0968409777? x!0) (* (- 0.0968409777?) x!5))                          (- 0.5))))           (a!165 (or (not (>= x!4 82.0))                      (>= (+ (* 0.1052619323? x!0) (* (- 0.1052619323?) x!5))                          (- 0.5))))           (a!166 (or (not (>= x!4 83.0))                      (>= (+ (* 0.1144151438? x!0) (* (- 0.1144151438?) x!5))                          (- 0.5))))           (a!167 (or (not (>= x!4 84.0))                      (>= (+ (* 0.1243642868? x!0) (* (- 0.1243642868?) x!5))                          (- 0.5))))           (a!168 (or (not (>= x!4 85.0))                      (>= (+ (* 0.1351785726? x!0) (* (- 0.1351785726?) x!5))                          (- 0.5))))           (a!169 (or (not (>= x!4 86.0))                      (>= (+ (* 0.1469332310? x!0) (* (- 0.1469332310?) x!5))                          (- 0.5))))           (a!170 (or (not (>= x!4 87.0))                      (>= (+ (* 0.1597100338? x!0) (* (- 0.1597100338?) x!5))                          (- 0.5))))           (a!171 (or (not (>= x!4 88.0))                      (>= (+ (* 0.1735978628? x!0) (* (- 0.1735978628?) x!5))                          (- 0.5))))           (a!172 (or (not (>= x!4 89.0))                      (>= (+ (* 0.1886933291? x!0) (* (- 0.1886933291?) x!5))                          (- 0.5))))           (a!173 (or (not (>= x!4 90.0))                      (>= (+ (* 0.2051014447? x!0) (* (- 0.2051014447?) x!5))                          (- 0.5))))           (a!174 (or (not (>= x!4 91.0))                      (>= (+ (* 0.2229363529? x!0) (* (- 0.2229363529?) x!5))                          (- 0.5))))           (a!175 (or (not (>= x!4 92.0))                      (>= (+ (* 0.2423221228? x!0) (* (- 0.2423221228?) x!5))                          (- 0.5))))           (a!176 (or (not (>= x!4 93.0))                      (>= (+ (* 0.2633936117? x!0) (* (- 0.2633936117?) x!5))                          (- 0.5))))           (a!177 (or (not (>= x!4 94.0))                      (>= (+ (* 0.2862974040? x!0) (* (- 0.2862974040?) x!5))                          (- 0.5))))           (a!178 (or (not (>= x!4 95.0))                      (>= (+ (* 0.3111928305? x!0) (* (- 0.3111928305?) x!5))                          (- 0.5))))           (a!179 (or (not (>= x!4 96.0))                      (>= (+ (* 0.3382530766? x!0) (* (- 0.3382530766?) x!5))                          (- 0.5))))           (a!180 (or (not (>= x!4 97.0))                      (>= (+ (* 0.3676663876? x!0) (* (- 0.3676663876?) x!5))                          (- 0.5))))           (a!181 (or (not (>= x!4 98.0))                      (>= (+ (* 0.3996373778? x!0) (* (- 0.3996373778?) x!5))                          (- 0.5))))           (a!182 (or (not (>= x!4 99.0))                      (>= (+ (* 0.4343884542? x!0) (* (- 0.4343884542?) x!5))                          (- 0.5))))           (a!183 (or (not (>= x!4 100.0))                      (>= (+ (* 0.4721613632? x!0) (* (- 0.4721613632?) x!5))                          (- 0.5))))           (a!184 (or (not (>= x!4 101.0))                      (>= (+ (* 0.5132188731? x!0) (* (- 0.5132188731?) x!5))                          (- 0.5))))           (a!185 (or (not (>= x!4 102.0))                      (>= (+ (* 0.5578466012? x!0) (* (- 0.5578466012?) x!5))                          (- 0.5))))           (a!186 (or (not (>= x!4 103.0))                      (>= (+ (* 0.6063550013? x!0) (* (- 0.6063550013?) x!5))                          (- 0.5))))           (a!187 (or (not (>= x!4 104.0))                      (>= (+ (* 0.6590815232 x!0) (* (- 0.6590815232) x!5))                          (- 0.5))))           (a!188 (or (not (>= x!4 105.0))                      (>= (+ (* 0.71639296 x!0) (* (- 0.71639296) x!5)) (- 0.5))))           (a!189 (or (not (>= x!4 106.0))                      (>= (+ (* 0.778688 x!0) (* (- 0.778688) x!5)) (- 0.5))))           (a!190 (or (not (>= x!4 107.0))                      (>= (+ (* 1.0869565217? x!0) (* (- 1.0869565217?) x!5))                          (- 0.6421056957?)))))       (and a!1            (<= (+ x!0 (* (- 1.0) x!5)) 2000.0)            a!2            a!3            a!4            a!5            a!6            a!7            a!8            a!9            a!10            a!11            a!12            a!13            a!14            a!15            a!16            a!17            a!18            a!19            a!20            a!21            a!22            a!23            a!24            a!25            a!26            a!27            a!28            a!29            a!30            a!31            a!32            a!33            a!34            a!35            a!36            a!37            a!38            a!39            a!40            a!41            a!42            a!43            a!44            a!45            a!46            a!47            a!48            a!49            a!50            a!51            a!52            a!53            a!54            a!55            a!56            a!57            a!58            a!59            a!60            a!61            a!62            a!63            a!64            a!65            a!66            a!67            a!68            a!69            a!70            a!71            a!72            a!73            a!74            a!75            a!76            a!77            a!78            a!79            a!80            a!81            a!82            a!83            a!84            a!85            a!86            a!87            a!88            a!89            a!90            a!91            a!92            (>= (+ x!0 (* (- 1.0) x!5)) (- 2000.0))            a!93            a!94            a!95            a!96            a!97            a!98            a!99            a!100            a!101            a!102            a!103            a!104            a!105            a!106            a!107            a!108            a!109            a!110            a!111            a!112            a!113            a!114            a!115            a!116            a!117            a!118            a!119            a!120            a!121            a!122            a!123            a!124            a!125            a!126            a!127            a!128            a!129            a!130            a!131            a!132            a!133            a!134            a!135            a!136            a!137            a!138            a!139            a!140            a!141            a!142            a!143            a!144            a!145            a!146            a!147            a!148            a!149            a!150            a!151            a!152            a!153            a!154            a!155            a!156            a!157            a!158            a!159            a!160            a!161            a!162            a!163            a!164            a!165            a!166            a!167            a!168            a!169            a!170            a!171            a!172            a!173            a!174            a!175            a!176            a!177            a!178            a!179            a!180            a!181            a!182            a!183            a!184            a!185            a!186            a!187            a!188            a!189            a!190))) ),131.2568
p_0.00_2000.00_0.00_2000.00_0.0800_110.00_1.00_0.50.smt2,0.00,2000.00,0.00,2000.00,0.0800,110.00,1.00,0.50,Golem,sat,3.1387
p_0.00_2000.00_0.00_2000.00_0.0800_110.00_1.00_1.00.smt2,0.00,2000.00,0.00,2000.00,0.0800,110.00,1.00,1.00,Spacer,sat (   (define-fun Inv ((x!0 Real)    (x!1 Real)    (x!2 Real)    (x!3 Real)    (x!4 Real)    (x!5 Real)) Bool     (let ((a!1 (or (not (>= x!4 108.0))                    (>= (+ (* 0.92 x!0) (* (- 0.92) x!5)) (- 1.0))))           (a!2 (or (<= x!4 0.0)                    (<= (+ (* 0.0005066316? x!0) (* (- 0.0005066316?) x!5))                        0.9322021740?)))           (a!3 (or (<= x!4 1.0)                    (<= (+ (* 1.0869565217? x!0) (* (- 1.0869565217?) x!5))                        1973.8207560288?)))           (a!4 (or (not (>= x!4 21.0))                    (<= (+ (* 0.0006506220? x!0) (* (- 0.0006506220?) x!5)) 1.0)))           (a!5 (or (not (>= x!4 20.0))                    (<= (+ (* 1.0869565217? x!0) (* (- 1.0869565217?) x!5))                        1815.9150955465?)))           (a!6 (or (not (>= x!4 22.0))                    (<= (+ (* 0.0007071979? x!0) (* (- 0.0007071979?) x!5)) 1.0)))           (a!7 (or (not (>= x!4 23.0))                    (<= (+ (* 0.0007686933? x!0) (* (- 0.0007686933?) x!5)) 1.0)))           (a!8 (or (not (>= x!4 24.0))                    (<= (+ (* 0.0008355363? x!0) (* (- 0.0008355363?) x!5)) 1.0)))           (a!9 (or (not (>= x!4 25.0))                    (<= (+ (* 0.0009081916? x!0) (* (- 0.0009081916?) x!5)) 1.0)))           (a!10 (or (not (>= x!4 26.0))                     (<= (+ (* 0.0009871648? x!0) (* (- 0.0009871648?) x!5)) 1.0)))           (a!11 (or (not (>= x!4 27.0))                     (<= (+ (* 0.0010730052? x!0) (* (- 0.0010730052?) x!5)) 1.0)))           (a!12 (or (not (>= x!4 28.0))                     (<= (+ (* 0.0011663100? x!0) (* (- 0.0011663100?) x!5)) 1.0)))           (a!13 (or (not (>= x!4 29.0))                     (<= (+ (* 0.0012677283? x!0) (* (- 0.0012677283?) x!5)) 1.0)))           (a!14 (or (not (>= x!4 30.0))                     (<= (+ (* 0.0013779655? x!0) (* (- 0.0013779655?) x!5)) 1.0)))           (a!15 (or (not (>= x!4 31.0))                     (<= (+ (* 0.0014977886? x!0) (* (- 0.0014977886?) x!5)) 1.0)))           (a!16 (or (not (>= x!4 32.0))                     (<= (+ (* 0.0016280311? x!0) (* (- 0.0016280311?) x!5)) 1.0)))           (a!17 (or (not (>= x!4 33.0))                     (<= (+ (* 0.0017695990? x!0) (* (- 0.0017695990?) x!5)) 1.0)))           (a!18 (or (not (>= x!4 34.0))                     (<= (+ (* 0.0019234772? x!0) (* (- 0.0019234772?) x!5)) 1.0)))           (a!19 (or (not (>= x!4 35.0))                     (<= (+ (* 0.0020907361? x!0) (* (- 0.0020907361?) x!5)) 1.0)))           (a!20 (or (not (>= x!4 36.0))                     (<= (+ (* 0.0022725392? x!0) (* (- 0.0022725392?) x!5)) 1.0)))           (a!21 (or (not (>= x!4 37.0))                     (<= (+ (* 0.0024701513? x!0) (* (- 0.0024701513?) x!5)) 1.0)))           (a!22 (or (not (>= x!4 38.0))                     (<= (+ (* 0.0026849471? x!0) (* (- 0.0026849471?) x!5)) 1.0)))           (a!23 (or (not (>= x!4 39.0))                     (<= (+ (* 0.0029184208? x!0) (* (- 0.0029184208?) x!5)) 1.0)))           (a!24 (or (not (>= x!4 40.0))                     (<= (+ (* 0.0031721965? x!0) (* (- 0.0031721965?) x!5)) 1.0)))           (a!25 (or (not (>= x!4 41.0))                     (<= (+ (* 0.0034480397? x!0) (* (- 0.0034480397?) x!5)) 1.0)))           (a!26 (or (not (>= x!4 42.0))                     (<= (+ (* 0.0037478692? x!0) (* (- 0.0037478692?) x!5)) 1.0)))           (a!27 (or (not (>= x!4 43.0))                     (<= (+ (* 0.0040737709? x!0) (* (- 0.0040737709?) x!5)) 1.0)))           (a!28 (or (not (>= x!4 44.0))                     (<= (+ (* 0.0044280118? x!0) (* (- 0.0044280118?) x!5)) 1.0)))           (a!29 (or (not (>= x!4 45.0))                     (<= (+ (* 0.0048130563? x!0) (* (- 0.0048130563?) x!5)) 1.0)))           (a!30 (or (not (>= x!4 46.0))                     (<= (+ (* 0.0052315830? x!0) (* (- 0.0052315830?) x!5)) 1.0)))           (a!31 (or (not (>= x!4 47.0))                     (<= (+ (* 0.0056865032? x!0) (* (- 0.0056865032?) x!5)) 1.0)))           (a!32 (or (not (>= x!4 48.0))                     (<= (+ (* 0.0061809818? x!0) (* (- 0.0061809818?) x!5)) 1.0)))           (a!33 (or (not (>= x!4 49.0))                     (<= (+ (* 0.0067184585? x!0) (* (- 0.0067184585?) x!5)) 1.0)))           (a!34 (or (not (>= x!4 50.0))                     (<= (+ (* 0.0073026723? x!0) (* (- 0.0073026723?) x!5)) 1.0)))           (a!35 (or (not (>= x!4 51.0))                     (<= (+ (* 0.0079376872? x!0) (* (- 0.0079376872?) x!5)) 1.0)))           (a!36 (or (not (>= x!4 52.0))                     (<= (+ (* 0.0086279209? x!0) (* (- 0.0086279209?) x!5)) 1.0)))           (a!37 (or (not (>= x!4 53.0))                     (<= (+ (* 0.0093781749? x!0) (* (- 0.0093781749?) x!5)) 1.0)))           (a!38 (or (not (>= x!4 54.0))                     (<= (+ (* 0.0101936684? x!0) (* (- 0.0101936684?) x!5)) 1.0)))           (a!39 (or (not (>= x!4 55.0))                     (<= (+ (* 0.0110800744? x!0) (* (- 0.0110800744?) x!5)) 1.0)))           (a!40 (or (not (>= x!4 56.0))                     (<= (+ (* 0.0120435591? x!0) (* (- 0.0120435591?) x!5)) 1.0)))           (a!41 (or (not (>= x!4 57.0))                     (<= (+ (* 0.0130908251? x!0) (* (- 0.0130908251?) x!5)) 1.0)))           (a!42 (or (not (>= x!4 58.0))                     (<= (+ (* 0.0142291577? x!0) (* (- 0.0142291577?) x!5)) 1.0)))           (a!43 (or (not (>= x!4 59.0))                     (<= (+ (* 0.0154664758? x!0) (* (- 0.0154664758?) x!5)) 1.0)))           (a!44 (or (not (>= x!4 60.0))                     (<= (+ (* 0.0168113867? x!0) (* (- 0.0168113867?) x!5)) 1.0)))           (a!45 (or (not (>= x!4 61.0))                     (<= (+ (* 0.0182732464? x!0) (* (- 0.0182732464?) x!5)) 1.0)))           (a!46 (or (not (>= x!4 62.0))                     (<= (+ (* 0.0198622244? x!0) (* (- 0.0198622244?) x!5)) 1.0)))           (a!47 (or (not (>= x!4 63.0))                     (<= (+ (* 0.0215893744? x!0) (* (- 0.0215893744?) x!5)) 1.0)))           (a!48 (or (not (>= x!4 64.0))                     (<= (+ (* 0.0234667113? x!0) (* (- 0.0234667113?) x!5)) 1.0)))           (a!49 (or (not (>= x!4 65.0))                     (<= (+ (* 0.0255072948? x!0) (* (- 0.0255072948?) x!5)) 1.0)))           (a!50 (or (not (>= x!4 66.0))                     (<= (+ (* 0.0277253205? x!0) (* (- 0.0277253205?) x!5)) 1.0)))           (a!51 (or (not (>= x!4 67.0))                     (<= (+ (* 0.0301362179? x!0) (* (- 0.0301362179?) x!5)) 1.0)))           (a!52 (or (not (>= x!4 68.0))                     (<= (+ (* 0.0327567586? x!0) (* (- 0.0327567586?) x!5)) 1.0)))           (a!53 (or (not (>= x!4 69.0))                     (<= (+ (* 0.0356051724? x!0) (* (- 0.0356051724?) x!5)) 1.0)))           (a!54 (or (not (>= x!4 70.0))                     (<= (+ (* 0.0387012744? x!0) (* (- 0.0387012744?) x!5)) 1.0)))           (a!55 (or (not (>= x!4 71.0))                     (<= (+ (* 0.0420666026? x!0) (* (- 0.0420666026?) x!5)) 1.0)))           (a!56 (or (not (>= x!4 72.0))                     (<= (+ (* 0.0457245680? x!0) (* (- 0.0457245680?) x!5)) 1.0)))           (a!57 (or (not (>= x!4 73.0))                     (<= (+ (* 0.0497006174? x!0) (* (- 0.0497006174?) x!5)) 1.0)))           (a!58 (or (not (>= x!4 74.0))                     (<= (+ (* 0.0540224103? x!0) (* (- 0.0540224103?) x!5)) 1.0)))           (a!59 (or (not (>= x!4 75.0))                     (<= (+ (* 0.0587200112? x!0) (* (- 0.0587200112?) x!5)) 1.0)))           (a!60 (or (not (>= x!4 76.0))                     (<= (+ (* 0.0638260991? x!0) (* (- 0.0638260991?) x!5)) 1.0)))           (a!61 (or (not (>= x!4 77.0))                     (<= (+ (* 0.0693761947? x!0) (* (- 0.0693761947?) x!5)) 1.0)))           (a!62 (or (not (>= x!4 78.0))                     (<= (+ (* 0.0754089072? x!0) (* (- 0.0754089072?) x!5)) 1.0)))           (a!63 (or (not (>= x!4 79.0))                     (<= (+ (* 0.0819662035? x!0) (* (- 0.0819662035?) x!5)) 1.0)))           (a!64 (or (not (>= x!4 80.0))                     (<= (+ (* 0.0890936995? x!0) (* (- 0.0890936995?) x!5)) 1.0)))           (a!65 (or (not (>= x!4 81.0))                     (<= (+ (* 0.0968409777? x!0) (* (- 0.0968409777?) x!5)) 1.0)))           (a!66 (or (not (>= x!4 82.0))                     (<= (+ (* 0.1052619323? x!0) (* (- 0.1052619323?) x!5)) 1.0)))           (a!67 (or (not (>= x!4 83.0))                     (<= (+ (* 0.1144151438? x!0) (* (- 0.1144151438?) x!5)) 1.0)))           (a!68 (or (not (>= x!4 84.0))                     (<= (+ (* 0.1243642868? x!0) (* (- 0.1243642868?) x!5)) 1.0)))           (a!69 (or (not (>= x!4 85.0))                     (<= (+ (* 0.1351785726? x!0) (* (- 0.1351785726?) x!5)) 1.0)))           (a!70 (or (not (>= x!4 86.0))                     (<= (+ (* 0.1469332310? x!0) (* (- 0.1469332310?) x!5)) 1.0)))           (a!71 (or (not (>= x!4 87.0))                     (<= (+ (* 0.1597100338? x!0) (* (- 0.1597100338?) x!5)) 1.0)))           (a!72 (or (not (>= x!4 88.0))                     (<= (+ (* 0.1735978628? x!0) (* (- 0.1735978628?) x!5)) 1.0)))           (a!73 (or (not (>= x!4 89.0))                     (<= (+ (* 0.1886933291? x!0) (* (- 0.1886933291?) x!5)) 1.0)))           (a!74 (or (not (>= x!4 90.0))                     (<= (+ (* 0.2051014447? x!0) (* (- 0.2051014447?) x!5)) 1.0)))           (a!75 (or (not (>= x!4 91.0))                     (<= (+ (* 0.2229363529? x!0) (* (- 0.2229363529?) x!5)) 1.0)))           (a!76 (or (not (>= x!4 92.0))                     (<= (+ (* 0.2423221228? x!0) (* (- 0.2423221228?) x!5)) 1.0)))           (a!77 (or (not (>= x!4 93.0))                     (<= (+ (* 0.2633936117? x!0) (* (- 0.2633936117?) x!5)) 1.0)))           (a!78 (or (not (>= x!4 94.0))                     (<= (+ (* 0.2862974040? x!0) (* (- 0.2862974040?) x!5)) 1.0)))           (a!79 (or (not (>= x!4 95.0))                     (<= (+ (* 0.3111928305? x!0) (* (- 0.3111928305?) x!5)) 1.0)))           (a!80 (or (not (>= x!4 96.0))                     (<= (+ (* 0.3382530766? x!0) (* (- 0.3382530766?) x!5)) 1.0)))           (a!81 (or (not (>= x!4 97.0))                     (<= (+ (* 0.3676663876? x!0) (* (- 0.3676663876?) x!5)) 1.0)))           (a!82 (or (not (>= x!4 98.0))                     (<= (+ (* 0.3996373778? x!0) (* (- 0.3996373778?) x!5)) 1.0)))           (a!83 (or (not (>= x!4 99.0))                     (<= (+ (* 0.4343884542? x!0) (* (- 0.4343884542?) x!5)) 1.0)))           (a!84 (or (not (>= x!4 100.0))                     (<= (+ (* 0.4721613632? x!0) (* (- 0.4721613632?) x!5)) 1.0)))           (a!85 (or (not (>= x!4 101.0))                     (<= (+ (* 0.5132188731? x!0) (* (- 0.5132188731?) x!5)) 1.0)))           (a!86 (or (not (>= x!4 102.0))                     (<= (+ (* 0.5578466012? x!0) (* (- 0.5578466012?) x!5)) 1.0)))           (a!87 (or (not (>= x!4 103.0))                     (<= (+ (* 0.6063550013? x!0) (* (- 0.6063550013?) x!5)) 1.0)))           (a!88 (or (not (>= x!4 104.0))                     (<= (+ (* 0.6590815232 x!0) (* (- 0.6590815232) x!5)) 1.0)))           (a!89 (or (not (>= x!4 105.0))                     (<= (+ (* 0.71639296 x!0) (* (- 0.71639296) x!5)) 1.0)))           (a!90 (or (not (>= x!4 106.0))                     (<= (+ (* 0.778688 x!0) (* (- 0.778688) x!5)) 1.0)))           (a!91 (or (not (>= x!4 107.0))                     (<= (+ (* 0.8464 x!0) (* (- 0.8464) x!5)) 1.0)))           (a!92 (or (not (>= x!4 108.0))                     (<= (+ (* 0.92 x!0) (* (- 0.92) x!5)) 1.0)))           (a!93 (or (<= x!4 0.0)                     (>= (+ (* 0.0005066316? x!0) (* (- 0.0005066316?) x!5))                         (- 0.9322021740?))))           (a!94 (or (<= x!4 1.0)                     (>= (+ (* 1.0869565217? x!0) (* (- 1.0869565217?) x!5))                         (- 1973.8207560288?))))           (a!95 (or (<= x!4 2.0)                     (>= (+ (* 1.0869565217? x!0) (* (- 1.0869565217?) x!5))                         (- 1815.9150955465?))))           (a!96 (or (<= x!4 3.0)                     (>= (+ (* 1.0869565217? x!0) (* (- 1.0869565217?) x!5))                         (- 1670.6418879028?))))           (a!97 (or (not (>= x!4 22.0))                     (>= (+ (* 1.0869565217? x!0) (* (- 1.0869565217?) x!5))                         (- 1536.9905368705?))))           (a!98 (or (not (>= x!4 23.0))                     (>= (+ (* 1.0869565217? x!0) (* (- 1.0869565217?) x!5))                         (- 1414.0312939209?))))           (a!99 (or (not (>= x!4 24.0))                     (>= (+ (* 1.0869565217? x!0) (* (- 1.0869565217?) x!5))                         (- 1300.9087904072?))))           (a!100 (or (not (>= x!4 25.0))                      (>= (+ (* 1.0869565217? x!0) (* (- 1.0869565217?) x!5))                          (- 1196.8360871746?))))           (a!101 (or (not (>= x!4 26.0))                      (>= (+ (* 1.0869565217? x!0) (* (- 1.0869565217?) x!5))                          (- 1101.0892002007?))))           (a!102 (or (not (>= x!4 27.0))                      (>= (+ (* 1.0869565217? x!0) (* (- 1.0869565217?) x!5))                          (- 1013.0020641846?))))           (a!103 (or (not (>= x!4 28.0))                      (>= (+ (* 0.0011663100? x!0) (* (- 0.0011663100?) x!5))                          (- 1.0))))           (a!104 (or (not (>= x!4 29.0))                      (>= (+ (* 0.0012677283? x!0) (* (- 0.0012677283?) x!5))                          (- 1.0))))           (a!105 (or (not (>= x!4 30.0))                      (>= (+ (* 1.0869565217? x!0) (* (- 1.0869565217?) x!5))                          (- 788.8125513558?))))           (a!106 (or (not (>= x!4 31.0))                      (>= (+ (* 1.0869565217? x!0) (* (- 1.0869565217?) x!5))                          (- 725.7075472473?))))           (a!107 (or (not (>= x!4 32.0))                      (>= (+ (* 1.0869565217? x!0) (* (- 1.0869565217?) x!5))                          (- 667.6509434675?))))           (a!108 (or (not (>= x!4 33.0))                      (>= (+ (* 1.0869565217? x!0) (* (- 1.0869565217?) x!5))                          (- 614.2388679901?))))           (a!109 (or (not (>= x!4 34.0))                      (>= (+ (* 1.0869565217? x!0) (* (- 1.0869565217?) x!5))                          (- 565.0997585509?))))           (a!110 (or (not (>= x!4 35.0))                      (>= (+ (* 1.0869565217? x!0) (* (- 1.0869565217?) x!5))                          (- 519.8917778668?))))           (a!111 (or (not (>= x!4 36.0))                      (>= (+ (* 1.0869565217? x!0) (* (- 1.0869565217?) x!5))                          (- 478.3004356375?))))           (a!112 (or (not (>= x!4 37.0))                      (>= (+ (* 1.0869565217? x!0) (* (- 1.0869565217?) x!5))                          (- 440.0364007865?))))           (a!113 (or (not (>= x!4 38.0))                      (>= (+ (* 1.0869565217? x!0) (* (- 1.0869565217?) x!5))                          (- 404.8334887236?))))           (a!114 (or (not (>= x!4 39.0))                      (>= (+ (* 1.0869565217? x!0) (* (- 1.0869565217?) x!5))                          (- 372.4468096257?))))           (a!115 (or (not (>= x!4 40.0))                      (>= (+ (* 1.0869565217? x!0) (* (- 1.0869565217?) x!5))                          (- 342.6510648556?))))           (a!116 (or (not (>= x!4 41.0))                      (>= (+ (* 1.0869565217? x!0) (* (- 1.0869565217?) x!5))                          (- 315.2389796672?))))           (a!117 (or (not (>= x!4 42.0))                      (>= (+ (* 1.0869565217? x!0) (* (- 1.0869565217?) x!5))                          (- 290.0198612938?))))           (a!118 (or (not (>= x!4 43.0))                      (>= (+ (* 1.0869565217? x!0) (* (- 1.0869565217?) x!5))                          (- 266.8182723903?))))           (a!119 (or (not (>= x!4 44.0))                      (>= (+ (* 1.0869565217? x!0) (* (- 1.0869565217?) x!5))                          (- 245.4728105990?))))           (a!120 (or (not (>= x!4 45.0))                      (>= (+ (* 1.0869565217? x!0) (* (- 1.0869565217?) x!5))                          (- 225.8349857511?))))           (a!121 (or (not (>= x!4 46.0))                      (>= (+ (* 1.0869565217? x!0) (* (- 1.0869565217?) x!5))                          (- 207.7681868910?))))           (a!122 (or (not (>= x!4 47.0))                      (>= (+ (* 1.0869565217? x!0) (* (- 1.0869565217?) x!5))                          (- 191.1467319397?))))           (a!123 (or (not (>= x!4 48.0))                      (>= (+ (* 1.0869565217? x!0) (* (- 1.0869565217?) x!5))                          (- 175.8549933846?))))           (a!124 (or (not (>= x!4 49.0))                      (>= (+ (* 1.0869565217? x!0) (* (- 1.0869565217?) x!5))                          (- 161.7865939138?))))           (a!125 (or (not (>= x!4 50.0))                      (>= (+ (* 1.0869565217? x!0) (* (- 1.0869565217?) x!5))                          (- 148.8436664007?))))           (a!126 (or (not (>= x!4 51.0))                      (>= (+ (* 1.0869565217? x!0) (* (- 1.0869565217?) x!5))                          (- 136.9361730886?))))           (a!127 (or (not (>= x!4 52.0))                      (>= (+ (* 1.0869565217? x!0) (* (- 1.0869565217?) x!5))                          (- 125.9812792415?))))           (a!128 (or (not (>= x!4 53.0))                      (>= (+ (* 1.0869565217? x!0) (* (- 1.0869565217?) x!5))                          (- 115.9027769022?))))           (a!129 (or (not (>= x!4 54.0))                      (>= (+ (* 1.0869565217? x!0) (* (- 1.0869565217?) x!5))                          (- 106.6305547500?))))           (a!130 (or (not (>= x!4 55.0))                      (>= (+ (* 1.0869565217? x!0) (* (- 1.0869565217?) x!5))                          (- 98.1001103700?))))           (a!131 (or (not (>= x!4 56.0))                      (>= (+ (* 1.0869565217? x!0) (* (- 1.0869565217?) x!5))                          (- 90.2521015404?))))           (a!132 (or (not (>= x!4 57.0))                      (>= (+ (* 1.0869565217? x!0) (* (- 1.0869565217?) x!5))                          (- 83.0319334172?))))           (a!133 (or (not (>= x!4 58.0))                      (>= (+ (* 1.0869565217? x!0) (* (- 1.0869565217?) x!5))                          (- 76.3893787438?))))           (a!134 (or (not (>= x!4 59.0))                      (>= (+ (* 1.0869565217? x!0) (* (- 1.0869565217?) x!5))                          (- 70.2782284443?))))           (a!135 (or (not (>= x!4 60.0))                      (>= (+ (* 1.0869565217? x!0) (* (- 1.0869565217?) x!5))                          (- 64.6559701687?))))           (a!136 (or (not (>= x!4 61.0))                      (>= (+ (* 1.0869565217? x!0) (* (- 1.0869565217?) x!5))                          (- 59.4834925552?))))           (a!137 (or (not (>= x!4 62.0))                      (>= (+ (* 1.0869565217? x!0) (* (- 1.0869565217?) x!5))                          (- 54.7248131508?))))           (a!138 (or (not (>= x!4 63.0))                      (>= (+ (* 1.0869565217? x!0) (* (- 1.0869565217?) x!5))                          (- 50.3468280987?))))           (a!139 (or (not (>= x!4 64.0))                      (>= (+ (* 1.0869565217? x!0) (* (- 1.0869565217?) x!5))                          (- 46.3190818508?))))           (a!140 (or (not (>= x!4 65.0))                      (>= (+ (* 1.0869565217? x!0) (* (- 1.0869565217?) x!5))                          (- 42.6135553028?))))           (a!141 (or (not (>= x!4 66.0))                      (>= (+ (* 1.0869565217? x!0) (* (- 1.0869565217?) x!5))                          (- 39.2044708785?))))           (a!142 (or (not (>= x!4 67.0))                      (>= (+ (* 1.0869565217? x!0) (* (- 1.0869565217?) x!5))                          (- 36.0681132083?))))           (a!143 (or (not (>= x!4 68.0))                      (>= (+ (* 1.0869565217? x!0) (* (- 1.0869565217?) x!5))                          (- 33.1826641516?))))           (a!144 (or (not (>= x!4 69.0))                      (>= (+ (* 1.0869565217? x!0) (* (- 1.0869565217?) x!5))                          (- 30.5280510195?))))           (a!145 (or (not (>= x!4 70.0))                      (>= (+ (* 1.0869565217? x!0) (* (- 1.0869565217?) x!5))                          (- 28.0858069379?))))           (a!146 (or (not (>= x!4 71.0))                      (>= (+ (* 1.0869565217? x!0) (* (- 1.0869565217?) x!5))                          (- 25.8389423829?))))           (a!147 (or (not (>= x!4 72.0))                      (>= (+ (* 1.0869565217? x!0) (* (- 1.0869565217?) x!5))                          (- 23.7718269922?))))           (a!148 (or (not (>= x!4 73.0))                      (>= (+ (* 1.0869565217? x!0) (* (- 1.0869565217?) x!5))                          (- 21.8700808328?))))           (a!149 (or (not (>= x!4 74.0))                      (>= (+ (* 1.0869565217? x!0) (* (- 1.0869565217?) x!5))                          (- 20.1204743662?))))           (a!150 (or (not (>= x!4 75.0))                      (>= (+ (* 1.0869565217? x!0) (* (- 1.0869565217?) x!5))                          (- 18.5108364169?))))           (a!151 (or (not (>= x!4 76.0))                      (>= (+ (* 1.0869565217? x!0) (* (- 1.0869565217?) x!5))                          (- 17.0299695036?))))           (a!152 (or (not (>= x!4 77.0))                      (>= (+ (* 1.0869565217? x!0) (* (- 1.0869565217?) x!5))                          (- 15.6675719433?))))           (a!153 (or (not (>= x!4 78.0))                      (>= (+ (* 1.0869565217? x!0) (* (- 1.0869565217?) x!5))                          (- 14.4141661878?))))           (a!154 (or (not (>= x!4 79.0))                      (>= (+ (* 1.0869565217? x!0) (* (- 1.0869565217?) x!5))                          (- 13.2610328928?))))           (a!155 (or (not (>= x!4 80.0))                      (>= (+ (* 1.0869565217? x!0) (* (- 1.0869565217?) x!5))                          (- 12.2001502613?))))           (a!156 (or (not (>= x!4 81.0))                      (>= (+ (* 1.0869565217? x!0) (* (- 1.0869565217?) x!5))                          (- 11.2241382404?))))           (a!157 (or (not (>= x!4 82.0))                      (>= (+ (* 1.0869565217? x!0) (* (- 1.0869565217?) x!5))                          (- 10.3262071812?))))           (a!158 (or (not (>= x!4 83.0))                      (>= (+ (* 1.0869565217? x!0) (* (- 1.0869565217?) x!5))                          (- 9.5001106067?))))           (a!159 (or (not (>= x!4 84.0))                      (>= (+ (* 1.0869565217? x!0) (* (- 1.0869565217?) x!5))                          (- 8.7401017582?))))           (a!160 (or (not (>= x!4 85.0))                      (>= (+ (* 1.0869565217? x!0) (* (- 1.0869565217?) x!5))                          (- 8.0408936175?))))           (a!161 (or (not (>= x!4 86.0))                      (>= (+ (* 1.0869565217? x!0) (* (- 1.0869565217?) x!5))                          (- 7.3976221281?))))           (a!162 (or (not (>= x!4 87.0))                      (>= (+ (* 1.0869565217? x!0) (* (- 1.0869565217?) x!5))                          (- 6.8058123578?))))           (a!163 (or (not (>= x!4 88.0))                      (>= (+ (* 1.0869565217? x!0) (* (- 1.0869565217?) x!5))                          (- 6.2613473692?))))           (a!164 (or (not (>= x!4 89.0))                      (>= (+ (* 1.0869565217? x!0) (* (- 1.0869565217?) x!5))                          (- 5.7604395797?))))           (a!165 (or (not (>= x!4 90.0))                      (>= (+ (* 1.0869565217? x!0) (* (- 1.0869565217?) x!5))                          (- 5.2996044133?))))           (a!166 (or (not (>= x!4 91.0))                      (>= (+ (* 1.0869565217? x!0) (* (- 1.0869565217?) x!5))                          (- 4.8756360602?))))           (a!167 (or (not (>= x!4 92.0))                      (>= (+ (* 1.0869565217? x!0) (* (- 1.0869565217?) x!5))                          (- 4.4855851754?))))           (a!168 (or (not (>= x!4 93.0))                      (>= (+ (* 1.0869565217? x!0) (* (- 1.0869565217?) x!5))                          (- 4.1267383614?))))           (a!169 (or (not (>= x!4 94.0))                      (>= (+ (* 1.0869565217? x!0) (* (- 1.0869565217?) x!5))                          (- 3.7965992925?))))           (a!170 (or (not (>= x!4 95.0))                      (>= (+ (* 1.0869565217? x!0) (* (- 1.0869565217?) x!5))                          (- 3.4928713491?))))           (a!171 (or (not (>= x!4 96.0))                      (>= (+ (* 1.0869565217? x!0) (* (- 1.0869565217?) x!5))                          (- 3.2134416411?))))           (a!172 (or (not (>= x!4 97.0))                      (>= (+ (* 1.0869565217? x!0) (* (- 1.0869565217?) x!5))                          (- 2.9563663098?))))           (a!173 (or (not (>= x!4 98.0))                      (>= (+ (* 1.0869565217? x!0) (* (- 1.0869565217?) x!5))                          (- 2.7198570050?))))           (a!174 (or (not (>= x!4 99.0))                      (>= (+ (* 1.0869565217? x!0) (* (- 1.0869565217?) x!5))                          (- 2.5022684446?))))           (a!175 (or (not (>= x!4 100.0))                      (>= (+ (* 1.0869565217? x!0) (* (- 1.0869565217?) x!5))                          (- 2.3020869691?))))           (a!176 (or (not (>= x!4 101.0))                      (>= (+ (* 1.0869565217? x!0) (* (- 1.0869565217?) x!5))                          (- 2.1179200115?))))           (a!177 (or (not (>= x!4 102.0))                      (>= (+ (* 1.0869565217? x!0) (* (- 1.0869565217?) x!5))                          (- 1.9484864106?))))           (a!178 (or (not (>= x!4 103.0))                      (>= (+ (* 1.0869565217? x!0) (* (- 1.0869565217?) x!5))                          (- 1.7926074978?))))           (a!179 (or (not (>= x!4 104.0))                      (>= (+ (* 1.0869565217? x!0) (* (- 1.0869565217?) x!5))                          (- 1.6491988979?))))           (a!180 (or (not (>= x!4 105.0))                      (>= (+ (* 1.1814744801? x!0) (* (- 1.1814744801?) x!5))                          (- 1.6491988979?))))           (a!181 (or (not (>= x!4 106.0))                      (>= (+ (* 0.778688 x!0) (* (- 0.778688) x!5)) (- 1.0))))           (a!182 (or (not (>= x!4 107.0))                      (>= (+ (* 0.8464 x!0) (* (- 0.8464) x!5)) (- 1.0)))))       (and a!1            (<= (+ x!0 (* (- 1.0) x!5)) 2000.0)            a!2            a!3            a!4            a!5            a!6            a!7            a!8            a!9            a!10            a!11            a!12            a!13            a!14            a!15            a!16            a!17            a!18            a!19            a!20            a!21            a!22            a!23            a!24            a!25            a!26            a!27            a!28            a!29            a!30            a!31            a!32            a!33            a!34            a!35            a!36            a!37            a!38            a!39            a!40            a!41            a!42            a!43            a!44            a!45            a!46            a!47            a!48            a!49            a!50            a!51            a!52            a!53            a!54            a!55            a!56            a!57            a!58            a!59            a!60            a!61            a!62            a!63            a!64            a!65            a!66            a!67            a!68            a!69            a!70            a!71            a!72            a!73            a!74            a!75            a!76            a!77            a!78            a!79            a!80            a!81            a!82            a!83            a!84            a!85            a!86            a!87            a!88            a!89            a!90            a!91            a!92            (>= (+ x!0 (* (- 1.0) x!5)) (- 2000.0))            a!93            a!94            a!95            a!96            a!97            a!98            a!99            a!100            a!101            a!102            a!103            a!104            a!105            a!106            a!107            a!108            a!109            a!110            a!111            a!112            a!113            a!114            a!115            a!116            a!117            a!118            a!119            a!120            a!121            a!122            a!123            a!124            a!125            a!126            a!127            a!128            a!129            a!130            a!131            a!132            a!133            a!134            a!135            a!136            a!137            a!138            a!139            a!140            a!141            a!142            a!143            a!144            a!145            a!146            a!147            a!148            a!149            a!150            a!151            a!152            a!153            a!154            a!155            a!156            a!157            a!158            a!159            a!160            a!161            a!162            a!163            a!164            a!165            a!166            a!167            a!168            a!169            a!170            a!171            a!172            a!173            a!174            a!175            a!176            a!177            a!178            a!179            a!180            a!181            a!182))) ),104.9296
p_0.00_2000.00_0.00_2000.00_0.0800_110.00_1.00_1.00.smt2,0.00,2000.00,0.00,2000.00,0.0800,110.00,1.00,1.00,Golem,sat,3.1381
p_0.00_2000.00_0.00_2000.00_0.0800_2582.50_0.50_0.50.smt2,0.00,2000.00,0.00,2000.00,0.0800,2582.50,0.50,0.50,Spacer,TIMEOUT,318.6470
p_0.00_2000.00_0.00_2000.00_0.0800_2582.50_0.50_0.50.smt2,0.00,2000.00,0.00,2000.00,0.0800,2582.50,0.50,0.50,Golem,TIMEOUT,326.0596
p_0.00_2000.00_0.00_2000.00_0.0800_2582.50_0.50_1.00.smt2,0.00,2000.00,0.00,2000.00,0.0800,2582.50,0.50,1.00,Spacer,TIMEOUT,324.4296
p_0.00_2000.00_0.00_2000.00_0.0800_2582.50_0.50_1.00.smt2,0.00,2000.00,0.00,2000.00,0.0800,2582.50,0.50,1.00,Golem,TIMEOUT,323.3205
p_0.00_2000.00_0.00_2000.00_0.0800_2582.50_1.00_0.50.smt2,0.00,2000.00,0.00,2000.00,0.0800,2582.50,1.00,0.50,Spacer,TIMEOUT,326.3641
p_0.00_2000.00_0.00_2000.00_0.0800_2582.50_1.00_0.50.smt2,0.00,2000.00,0.00,2000.00,0.0800,2582.50,1.00,0.50,Golem,TIMEOUT,319.5231
p_0.00_2000.00_0.00_2000.00_0.0800_2582.50_1.00_1.00.smt2,0.00,2000.00,0.00,2000.00,0.0800,2582.50,1.00,1.00,Spacer,TIMEOUT,323.3880
p_0.00_2000.00_0.00_2000.00_0.0800_2582.50_1.00_1.00.smt2,0.00,2000.00,0.00,2000.00,0.0800,2582.50,1.00,1.00,Golem,TIMEOUT,323.3678
p_0.00_2000.00_0.00_2000.00_0.0800_5055.00_0.50_0.50.smt2,0.00,2000.00,0.00,2000.00,0.0800,5055.00,0.50,0.50,Spacer,TIMEOUT,326.4446
p_0.00_2000.00_0.00_2000.00_0.0800_5055.00_0.50_0.50.smt2,0.00,2000.00,0.00,2000.00,0.0800,5055.00,0.50,0.50,Golem,TIMEOUT,324.5290
p_0.00_2000.00_0.00_2000.00_0.0800_5055.00_0.50_1.00.smt2,0.00,2000.00,0.00,2000.00,0.0800,5055.00,0.50,1.00,Spacer,TIMEOUT,323.4309
p_0.00_2000.00_0.00_2000.00_0.0800_5055.00_0.50_1.00.smt2,0.00,2000.00,0.00,2000.00,0.0800,5055.00,0.50,1.00,Golem,TIMEOUT,325.3097
p_0.00_2000.00_0.00_2000.00_0.0800_5055.00_1.00_0.50.smt2,0.00,2000.00,0.00,2000.00,0.0800,5055.00,1.00,0.50,Spacer,TIMEOUT,324.0302
p_0.00_2000.00_0.00_2000.00_0.0800_5055.00_1.00_0.50.smt2,0.00,2000.00,0.00,2000.00,0.0800,5055.00,1.00,0.50,Golem,TIMEOUT,324.1452
p_0.00_2000.00_0.00_2000.00_0.0800_5055.00_1.00_1.00.smt2,0.00,2000.00,0.00,2000.00,0.0800,5055.00,1.00,1.00,Spacer,TIMEOUT,326.1696
p_0.00_2000.00_0.00_2000.00_0.0800_5055.00_1.00_1.00.smt2,0.00,2000.00,0.00,2000.00,0.0800,5055.00,1.00,1.00,Golem,TIMEOUT,323.8269
p_0.00_2000.00_0.00_2000.00_0.0800_7527.50_0.50_0.50.smt2,0.00,2000.00,0.00,2000.00,0.0800,7527.50,0.50,0.50,Spacer,TIMEOUT,324.0893
p_0.00_2000.00_0.00_2000.00_0.0800_7527.50_0.50_0.50.smt2,0.00,2000.00,0.00,2000.00,0.0800,7527.50,0.50,0.50,Golem,TIMEOUT,325.7610
p_0.00_2000.00_0.00_2000.00_0.0800_7527.50_0.50_1.00.smt2,0.00,2000.00,0.00,2000.00,0.0800,7527.50,0.50,1.00,Spacer,TIMEOUT,325.0279
p_0.00_2000.00_0.00_2000.00_0.0800_7527.50_0.50_1.00.smt2,0.00,2000.00,0.00,2000.00,0.0800,7527.50,0.50,1.00,Golem,TIMEOUT,323.8387
p_0.00_2000.00_0.00_2000.00_0.0800_7527.50_1.00_0.50.smt2,0.00,2000.00,0.00,2000.00,0.0800,7527.50,1.00,0.50,Spacer,TIMEOUT,324.3107
p_0.00_2000.00_0.00_2000.00_0.0800_7527.50_1.00_0.50.smt2,0.00,2000.00,0.00,2000.00,0.0800,7527.50,1.00,0.50,Golem,TIMEOUT,326.0292
p_0.00_2000.00_0.00_2000.00_0.0800_7527.50_1.00_1.00.smt2,0.00,2000.00,0.00,2000.00,0.0800,7527.50,1.00,1.00,Spacer,TIMEOUT,325.1217
p_0.00_2000.00_0.00_2000.00_0.0800_7527.50_1.00_1.00.smt2,0.00,2000.00,0.00,2000.00,0.0800,7527.50,1.00,1.00,Golem,TIMEOUT,324.0319
p_0.00_2000.00_0.00_2000.00_0.1000_10000.00_0.50_0.50.smt2,0.00,2000.00,0.00,2000.00,0.1000,10000.00,0.50,0.50,Spacer,TIMEOUT,326.9492
p_0.00_2000.00_0.00_2000.00_0.1000_10000.00_0.50_0.50.smt2,0.00,2000.00,0.00,2000.00,0.1000,10000.00,0.50,0.50,Golem,TIMEOUT,323.7704
p_0.00_2000.00_0.00_2000.00_0.1000_10000.00_0.50_1.00.smt2,0.00,2000.00,0.00,2000.00,0.1000,10000.00,0.50,1.00,Spacer,TIMEOUT,323.9705
p_0.00_2000.00_0.00_2000.00_0.1000_10000.00_0.50_1.00.smt2,0.00,2000.00,0.00,2000.00,0.1000,10000.00,0.50,1.00,Golem,TIMEOUT,331.7369
p_0.00_2000.00_0.00_2000.00_0.1000_10000.00_1.00_0.50.smt2,0.00,2000.00,0.00,2000.00,0.1000,10000.00,1.00,0.50,Spacer,TIMEOUT,329.8170
p_0.00_2000.00_0.00_2000.00_0.1000_10000.00_1.00_0.50.smt2,0.00,2000.00,0.00,2000.00,0.1000,10000.00,1.00,0.50,Golem,TIMEOUT,328.6993
p_0.00_2000.00_0.00_2000.00_0.1000_10000.00_1.00_1.00.smt2,0.00,2000.00,0.00,2000.00,0.1000,10000.00,1.00,1.00,Spacer,TIMEOUT,334.3783
p_0.00_2000.00_0.00_2000.00_0.1000_10000.00_1.00_1.00.smt2,0.00,2000.00,0.00,2000.00,0.1000,10000.00,1.00,1.00,Golem,TIMEOUT,331.7690
p_0.00_2000.00_0.00_2000.00_0.1000_110.00_0.50_0.50.smt2,0.00,2000.00,0.00,2000.00,0.1000,110.00,0.50,0.50,Spacer,sat (   (define-fun Inv ((x!0 Real)    (x!1 Real)    (x!2 Real)    (x!3 Real)    (x!4 Real)    (x!5 Real)) Bool     (let ((a!1 (or (not (>= x!4 108.0))                    (>= (+ (* 0.9 x!0) (* (- 0.9) x!5)) (- 0.5))))           (a!2 (or (<= x!4 0.0)                    (<= (+ (* 0.0002697216? x!0) (* (- 0.0002697216?) x!5))                        0.4854988900?)))           (a!3 (or (<= x!4 1.0)                    (<= (+ (* 1.1111111111? x!0) (* (- 1.1111111111?) x!5))                        1853.7632493516?)))           (a!4 (or (<= (+ (* 1.1111111111? x!0) (* (- 1.1111111111?) x!5))                        1668.3869244165?)                    (not (>= x!4 33.0))))           (a!5 (or (not (>= x!4 34.0))                    (<= (+ (* 0.0003699884? x!0) (* (- 0.0003699884?) x!5)) 0.5)))           (a!6 (or (not (>= x!4 35.0))                    (<= (+ (* 0.0004110983? x!0) (* (- 0.0004110983?) x!5)) 0.5)))           (a!7 (or (not (>= x!4 36.0))                    (<= (+ (* 0.0004567759? x!0) (* (- 0.0004567759?) x!5)) 0.5)))           (a!8 (or (not (>= x!4 37.0))                    (<= (+ (* 0.0005075287? x!0) (* (- 0.0005075287?) x!5)) 0.5)))           (a!9 (or (not (>= x!4 38.0))                    (<= (+ (* 0.0005639208? x!0) (* (- 0.0005639208?) x!5)) 0.5)))           (a!10 (or (not (>= x!4 39.0))                     (<= (+ (* 0.0006265787? x!0) (* (- 0.0006265787?) x!5)) 0.5)))           (a!11 (or (not (>= x!4 40.0))                     (<= (+ (* 0.0006961986? x!0) (* (- 0.0006961986?) x!5)) 0.5)))           (a!12 (or (not (>= x!4 41.0))                     (<= (+ (* 0.0007735540? x!0) (* (- 0.0007735540?) x!5)) 0.5)))           (a!13 (or (not (>= x!4 42.0))                     (<= (+ (* 0.0008595044? x!0) (* (- 0.0008595044?) x!5)) 0.5)))           (a!14 (or (not (>= x!4 43.0))                     (<= (+ (* 0.0009550049? x!0) (* (- 0.0009550049?) x!5)) 0.5)))           (a!15 (or (not (>= x!4 44.0))                     (<= (+ (* 0.0010611166? x!0) (* (- 0.0010611166?) x!5)) 0.5)))           (a!16 (or (not (>= x!4 45.0))                     (<= (+ (* 0.0011790184? x!0) (* (- 0.0011790184?) x!5)) 0.5)))           (a!17 (or (not (>= x!4 46.0))                     (<= (+ (* 0.0013100205? x!0) (* (- 0.0013100205?) x!5)) 0.5)))           (a!18 (or (not (>= x!4 47.0))                     (<= (+ (* 0.0014555783? x!0) (* (- 0.0014555783?) x!5)) 0.5)))           (a!19 (or (not (>= x!4 48.0))                     (<= (+ (* 0.0016173092? x!0) (* (- 0.0016173092?) x!5)) 0.5)))           (a!20 (or (not (>= x!4 49.0))                     (<= (+ (* 0.0017970102? x!0) (* (- 0.0017970102?) x!5)) 0.5)))           (a!21 (or (not (>= x!4 50.0))                     (<= (+ (* 0.0019966781? x!0) (* (- 0.0019966781?) x!5)) 0.5)))           (a!22 (or (not (>= x!4 51.0))                     (<= (+ (* 0.0022185312? x!0) (* (- 0.0022185312?) x!5)) 0.5)))           (a!23 (or (not (>= x!4 52.0))                     (<= (+ (* 0.0024650347? x!0) (* (- 0.0024650347?) x!5)) 0.5)))           (a!24 (or (not (>= x!4 53.0))                     (<= (+ (* 0.0027389274? x!0) (* (- 0.0027389274?) x!5)) 0.5)))           (a!25 (or (not (>= x!4 54.0))                     (<= (+ (* 0.0030432527? x!0) (* (- 0.0030432527?) x!5)) 0.5)))           (a!26 (or (not (>= x!4 55.0))                     (<= (+ (* 0.0033813919? x!0) (* (- 0.0033813919?) x!5)) 0.5)))           (a!27 (or (not (>= x!4 56.0))                     (<= (+ (* 0.0037571021? x!0) (* (- 0.0037571021?) x!5)) 0.5)))           (a!28 (or (not (>= x!4 57.0))                     (<= (+ (* 0.0041745579? x!0) (* (- 0.0041745579?) x!5)) 0.5)))           (a!29 (or (not (>= x!4 58.0))                     (<= (+ (* 0.0046383976? x!0) (* (- 0.0046383976?) x!5)) 0.5)))           (a!30 (or (not (>= x!4 59.0))                     (<= (+ (* 0.0051537752? x!0) (* (- 0.0051537752?) x!5)) 0.5)))           (a!31 (or (not (>= x!4 60.0))                     (<= (+ (* 0.0057264168? x!0) (* (- 0.0057264168?) x!5)) 0.5)))           (a!32 (or (not (>= x!4 61.0))                     (<= (+ (* 0.0063626854? x!0) (* (- 0.0063626854?) x!5)) 0.5)))           (a!33 (or (not (>= x!4 62.0))                     (<= (+ (* 0.0070696504? x!0) (* (- 0.0070696504?) x!5)) 0.5)))           (a!34 (or (not (>= x!4 63.0))                     (<= (+ (* 0.0078551672? x!0) (* (- 0.0078551672?) x!5)) 0.5)))           (a!35 (or (not (>= x!4 64.0))                     (<= (+ (* 0.0087279635? x!0) (* (- 0.0087279635?) x!5)) 0.5)))           (a!36 (or (not (>= x!4 65.0))                     (<= (+ (* 0.0096977372? x!0) (* (- 0.0096977372?) x!5)) 0.5)))           (a!37 (or (not (>= x!4 66.0))                     (<= (+ (* 0.0107752636? x!0) (* (- 0.0107752636?) x!5)) 0.5)))           (a!38 (or (not (>= x!4 67.0))                     (<= (+ (* 0.0119725151? x!0) (* (- 0.0119725151?) x!5)) 0.5)))           (a!39 (or (not (>= x!4 68.0))                     (<= (+ (* 0.0133027946? x!0) (* (- 0.0133027946?) x!5)) 0.5)))           (a!40 (or (not (>= x!4 69.0))                     (<= (+ (* 0.0147808829? x!0) (* (- 0.0147808829?) x!5)) 0.5)))           (a!41 (or (not (>= x!4 70.0))                     (<= (+ (* 0.0164232032? x!0) (* (- 0.0164232032?) x!5)) 0.5)))           (a!42 (or (not (>= x!4 71.0))                     (<= (+ (* 0.0182480036? x!0) (* (- 0.0182480036?) x!5)) 0.5)))           (a!43 (or (not (>= x!4 72.0))                     (<= (+ (* 0.0202755595? x!0) (* (- 0.0202755595?) x!5)) 0.5)))           (a!44 (or (not (>= x!4 73.0))                     (<= (+ (* 0.0225283995? x!0) (* (- 0.0225283995?) x!5)) 0.5)))           (a!45 (or (not (>= x!4 74.0))                     (<= (+ (* 0.0250315550? x!0) (* (- 0.0250315550?) x!5)) 0.5)))           (a!46 (or (not (>= x!4 75.0))                     (<= (+ (* 0.0278128389? x!0) (* (- 0.0278128389?) x!5)) 0.5)))           (a!47 (or (not (>= x!4 76.0))                     (<= (+ (* 0.0309031543? x!0) (* (- 0.0309031543?) x!5)) 0.5)))           (a!48 (or (not (>= x!4 77.0))                     (<= (+ (* 0.0343368382? x!0) (* (- 0.0343368382?) x!5)) 0.5)))           (a!49 (or (not (>= x!4 78.0))                     (<= (+ (* 0.0381520424? x!0) (* (- 0.0381520424?) x!5)) 0.5)))           (a!50 (or (not (>= x!4 79.0))                     (<= (+ (* 0.0423911582? x!0) (* (- 0.0423911582?) x!5)) 0.5)))           (a!51 (or (not (>= x!4 80.0))                     (<= (+ (* 0.0471012869? x!0) (* (- 0.0471012869?) x!5)) 0.5)))           (a!52 (or (not (>= x!4 81.0))                     (<= (+ (* 0.0523347633? x!0) (* (- 0.0523347633?) x!5)) 0.5)))           (a!53 (or (not (>= x!4 82.0))                     (<= (+ (* 0.0581497370? x!0) (* (- 0.0581497370?) x!5)) 0.5)))           (a!54 (or (not (>= x!4 83.0))                     (<= (+ (* 0.0646108188? x!0) (* (- 0.0646108188?) x!5)) 0.5)))           (a!55 (or (not (>= x!4 84.0))                     (<= (+ (* 0.0717897987? x!0) (* (- 0.0717897987?) x!5)) 0.5)))           (a!56 (or (not (>= x!4 85.0))                     (<= (+ (* 0.0797664430? x!0) (* (- 0.0797664430?) x!5)) 0.5)))           (a!57 (or (not (>= x!4 86.0))                     (<= (+ (* 0.0886293811? x!0) (* (- 0.0886293811?) x!5)) 0.5)))           (a!58 (or (not (>= x!4 87.0))                     (<= (+ (* 0.0984770902? x!0) (* (- 0.0984770902?) x!5)) 0.5)))           (a!59 (or (not (>= x!4 88.0))                     (<= (+ (* 0.1094189891? x!0) (* (- 0.1094189891?) x!5)) 0.5)))           (a!60 (or (not (>= x!4 89.0))                     (<= (+ (* 0.1215766545? x!0) (* (- 0.1215766545?) x!5)) 0.5)))           (a!61 (or (not (>= x!4 90.0))                     (<= (+ (* 0.1350851717? x!0) (* (- 0.1350851717?) x!5)) 0.5)))           (a!62 (or (not (>= x!4 91.0))                     (<= (+ (* 0.1500946352? x!0) (* (- 0.1500946352?) x!5)) 0.5)))           (a!63 (or (not (>= x!4 92.0))                     (<= (+ (* 0.1667718169? x!0) (* (- 0.1667718169?) x!5)) 0.5)))           (a!64 (or (not (>= x!4 93.0))                     (<= (+ (* 0.1853020188? x!0) (* (- 0.1853020188?) x!5)) 0.5)))           (a!65 (or (not (>= x!4 94.0))                     (<= (+ (* 0.2058911320? x!0) (* (- 0.2058911320?) x!5)) 0.5)))           (a!66 (or (not (>= x!4 95.0))                     (<= (+ (* 0.2287679245? x!0) (* (- 0.2287679245?) x!5)) 0.5)))           (a!67 (or (not (>= x!4 96.0))                     (<= (+ (* 0.2541865828? x!0) (* (- 0.2541865828?) x!5)) 0.5)))           (a!68 (or (not (>= x!4 97.0))                     (<= (+ (* 0.2824295364? x!0) (* (- 0.2824295364?) x!5)) 0.5)))           (a!69 (or (not (>= x!4 98.0))                     (<= (+ (* 0.3138105960? x!0) (* (- 0.3138105960?) x!5)) 0.5)))           (a!70 (or (not (>= x!4 99.0))                     (<= (+ (* 0.3486784401 x!0) (* (- 0.3486784401) x!5)) 0.5)))           (a!71 (or (not (>= x!4 100.0))                     (<= (+ (* 0.387420489 x!0) (* (- 0.387420489) x!5)) 0.5)))           (a!72 (or (not (>= x!4 101.0))                     (<= (+ (* 0.43046721 x!0) (* (- 0.43046721) x!5)) 0.5)))           (a!73 (or (not (>= x!4 102.0))                     (<= (+ (* 0.4782969 x!0) (* (- 0.4782969) x!5)) 0.5)))           (a!74 (or (not (>= x!4 103.0))                     (<= (+ (* 0.531441 x!0) (* (- 0.531441) x!5)) 0.5)))           (a!75 (or (not (>= x!4 104.0))                     (<= (+ (* 0.59049 x!0) (* (- 0.59049) x!5)) 0.5)))           (a!76 (or (not (>= x!4 105.0))                     (<= (+ (* 0.6561 x!0) (* (- 0.6561) x!5)) 0.5)))           (a!77 (or (not (>= x!4 106.0))                     (<= (+ (* 0.729 x!0) (* (- 0.729) x!5)) 0.5)))           (a!78 (or (not (>= x!4 107.0))                     (<= (+ (* 0.81 x!0) (* (- 0.81) x!5)) 0.5)))           (a!79 (or (not (>= x!4 108.0))                     (<= (+ (* 0.9 x!0) (* (- 0.9) x!5)) 0.5)))           (a!80 (or (<= x!4 0.0)                     (>= (+ (* 0.0002697216? x!0) (* (- 0.0002697216?) x!5))                         (- 0.5))))           (a!81 (or (not (>= x!4 32.0))                     (>= (+ (* 1.1111111111? x!0) (* (- 1.1111111111?) x!5))                         (- 1853.7632493516?))))           (a!82 (or (not (>= x!4 33.0))                     (>= (+ (* 1.1111111111? x!0) (* (- 1.1111111111?) x!5))                         (- 1668.3869244165?))))           (a!83 (or (not (>= x!4 34.0))                     (>= (+ (* 1.1111111111? x!0) (* (- 1.1111111111?) x!5))                         (- 1501.5482319748?))))           (a!84 (or (not (>= x!4 35.0))                     (>= (+ (* 1.1111111111? x!0) (* (- 1.1111111111?) x!5))                         (- 1351.3934087773?))))           (a!85 (or (not (>= x!4 36.0))                     (>= (+ (* 1.1111111111? x!0) (* (- 1.1111111111?) x!5))                         (- 1216.2540678996?))))           (a!86 (or (not (>= x!4 37.0))                     (>= (+ (* 1.1111111111? x!0) (* (- 1.1111111111?) x!5))                         (- 1094.6286611096?))))           (a!87 (or (not (>= x!4 38.0))                     (>= (+ (* 1.1111111111? x!0) (* (- 1.1111111111?) x!5))                         (- 985.1657949987?))))           (a!88 (or (not (>= x!4 39.0))                     (>= (+ (* 1.1111111111? x!0) (* (- 1.1111111111?) x!5))                         (- 886.6492154988?))))           (a!89 (or (not (>= x!4 40.0))                     (>= (+ (* 1.1111111111? x!0) (* (- 1.1111111111?) x!5))                         (- 797.9842939489?))))           (a!90 (or (not (>= x!4 41.0))                     (>= (+ (* 1.1111111111? x!0) (* (- 1.1111111111?) x!5))                         (- 718.1858645540?))))           (a!91 (or (not (>= x!4 42.0))                     (>= (+ (* 1.1111111111? x!0) (* (- 1.1111111111?) x!5))                         (- 646.3672780986?))))           (a!92 (or (not (>= x!4 43.0))                     (>= (+ (* 1.1111111111? x!0) (* (- 1.1111111111?) x!5))                         (- 581.7305502887?))))           (a!93 (or (not (>= x!4 44.0))                     (>= (+ (* 1.1111111111? x!0) (* (- 1.1111111111?) x!5))                         (- 523.5574952599?))))           (a!94 (or (not (>= x!4 45.0))                     (>= (+ (* 1.1111111111? x!0) (* (- 1.1111111111?) x!5))                         (- 471.2017457339?))))           (a!95 (or (not (>= x!4 46.0))                     (>= (+ (* 1.1111111111? x!0) (* (- 1.1111111111?) x!5))                         (- 424.0815711605?))))           (a!96 (or (not (>= x!4 47.0))                     (>= (+ (* 0.0014555783? x!0) (* (- 0.0014555783?) x!5))                         (- 0.5))))           (a!97 (or (not (>= x!4 48.0))                     (>= (+ (* 0.0016173092? x!0) (* (- 0.0016173092?) x!5))                         (- 0.5))))           (a!98 (or (not (>= x!4 50.0))                     (>= (+ (* 1.1111111111? x!0) (* (- 1.1111111111?) x!5))                         (- 278.2399188384?))))           (a!99 (or (not (>= x!4 49.0))                     (>= (+ (* 1.1111111111? x!0) (* (- 1.1111111111?) x!5))                         (- 309.1554653760?))))           (a!100 (or (not (>= x!4 51.0))                      (>= (+ (* 0.0022185312? x!0) (* (- 0.0022185312?) x!5))                          (- 0.5))))           (a!101 (or (not (>= x!4 52.0))                      (>= (+ (* 0.0024650347? x!0) (* (- 0.0024650347?) x!5))                          (- 0.5))))           (a!102 (or (not (>= x!4 53.0))                      (>= (+ (* 0.0027389274? x!0) (* (- 0.0027389274?) x!5))                          (- 0.5))))           (a!103 (or (not (>= x!4 54.0))                      (>= (+ (* 0.0030432527? x!0) (* (- 0.0030432527?) x!5))                          (- 0.5))))           (a!104 (or (not (>= x!4 55.0))                      (>= (+ (* 0.0033813919? x!0) (* (- 0.0033813919?) x!5))                          (- 0.5))))           (a!105 (or (not (>= x!4 56.0))                      (>= (+ (* 0.0037571021? x!0) (* (- 0.0037571021?) x!5))                          (- 0.5))))           (a!106 (or (not (>= x!4 57.0))                      (>= (+ (* 0.0041745579? x!0) (* (- 0.0041745579?) x!5))                          (- 0.5))))           (a!107 (or (not (>= x!4 58.0))                      (>= (+ (* 0.0046383976? x!0) (* (- 0.0046383976?) x!5))                          (- 0.5))))           (a!108 (or (>= (+ (* 0.0051537752? x!0) (* (- 0.0051537752?) x!5))                          (- 0.5))                      (not (>= x!4 59.0))))           (a!109 (or (not (>= x!4 60.0))                      (>= (+ (* 0.0057264168? x!0) (* (- 0.0057264168?) x!5))                          (- 0.5))))           (a!110 (or (>= (+ (* 0.0063626854? x!0) (* (- 0.0063626854?) x!5))                          (- 0.5))                      (not (>= x!4 61.0))))           (a!111 (or (not (>= x!4 62.0))                      (>= (+ (* 0.0070696504? x!0) (* (- 0.0070696504?) x!5))                          (- 0.5))))           (a!112 (or (not (>= x!4 63.0))                      (>= (+ (* 0.0078551672? x!0) (* (- 0.0078551672?) x!5))                          (- 0.5))))           (a!113 (or (not (>= x!4 64.0))                      (>= (+ (* 0.0087279635? x!0) (* (- 0.0087279635?) x!5))                          (- 0.5))))           (a!114 (or (not (>= x!4 65.0))                      (>= (+ (* 0.0096977372? x!0) (* (- 0.0096977372?) x!5))                          (- 0.5))))           (a!115 (or (not (>= x!4 66.0))                      (>= (+ (* 0.0107752636? x!0) (* (- 0.0107752636?) x!5))                          (- 0.5))))           (a!116 (or (not (>= x!4 67.0))                      (>= (+ (* 0.0119725151? x!0) (* (- 0.0119725151?) x!5))                          (- 0.5))))           (a!117 (or (not (>= x!4 68.0))                      (>= (+ (* 0.0133027946? x!0) (* (- 0.0133027946?) x!5))                          (- 0.5))))           (a!118 (or (not (>= x!4 69.0))                      (>= (+ (* 0.0147808829? x!0) (* (- 0.0147808829?) x!5))                          (- 0.5))))           (a!119 (or (not (>= x!4 70.0))                      (>= (+ (* 0.0164232032? x!0) (* (- 0.0164232032?) x!5))                          (- 0.5))))           (a!120 (or (not (>= x!4 72.0))                      (>= (+ (* 1.1111111111? x!0) (* (- 1.1111111111?) x!5))                          (- 27.4002575898?))))           (a!121 (or (not (>= x!4 71.0))                      (>= (+ (* 0.0182480036? x!0) (* (- 0.0182480036?) x!5))                          (- 0.5))))           (a!122 (or (>= (+ (* 0.0225283995? x!0) (* (- 0.0225283995?) x!5))                          (- 0.5))                      (not (>= x!4 73.0))))           (a!123 (or (not (>= x!4 74.0))                      (>= (+ (* 0.0250315550? x!0) (* (- 0.0250315550?) x!5))                          (- 0.5))))           (a!124 (or (>= (+ (* 0.0278128389? x!0) (* (- 0.0278128389?) x!5))                          (- 0.5))                      (not (>= x!4 75.0))))           (a!125 (or (not (>= x!4 76.0))                      (>= (+ (* 0.0309031543? x!0) (* (- 0.0309031543?) x!5))                          (- 0.5))))           (a!126 (or (not (>= x!4 77.0))                      (>= (+ (* 1.1111111111? x!0) (* (- 1.1111111111?) x!5))                          (- 16.1795781042?))))           (a!127 (or (not (>= x!4 78.0))                      (>= (+ (* 0.0381520424? x!0) (* (- 0.0381520424?) x!5))                          (- 0.5))))           (a!128 (or (not (>= x!4 79.0))                      (>= (+ (* 1.1111111111? x!0) (* (- 1.1111111111?) x!5))                          (- 13.1054582644?))))           (a!129 (or (not (>= x!4 80.0))                      (>= (+ (* 0.0471012869? x!0) (* (- 0.0471012869?) x!5))                          (- 0.5))))           (a!130 (or (not (>= x!4 81.0))                      (>= (+ (* 0.0523347633? x!0) (* (- 0.0523347633?) x!5))                          (- 0.5))))           (a!131 (or (not (>= x!4 82.0))                      (>= (+ (* 1.1111111111? x!0) (* (- 1.1111111111?) x!5))                          (- 9.5538790747?))))           (a!132 (or (not (>= x!4 83.0))                      (>= (+ (* 1.1111111111? x!0) (* (- 1.1111111111?) x!5))                          (- 8.5984911672?))))           (a!133 (or (not (>= x!4 84.0))                      (>= (+ (* 1.1111111111? x!0) (* (- 1.1111111111?) x!5))                          (- 7.7386420505?))))           (a!134 (or (not (>= x!4 85.0))                      (>= (+ (* 1.1111111111? x!0) (* (- 1.1111111111?) x!5))                          (- 6.9647778454?))))           (a!135 (or (not (>= x!4 86.0))                      (>= (+ (* 1.1111111111? x!0) (* (- 1.1111111111?) x!5))                          (- 6.2683000609?))))           (a!136 (or (not (>= x!4 87.0))                      (>= (+ (* 1.1111111111? x!0) (* (- 1.1111111111?) x!5))                          (- 5.6414700548?))))           (a!137 (or (not (>= x!4 88.0))                      (>= (+ (* 1.1111111111? x!0) (* (- 1.1111111111?) x!5))                          (- 5.0773230493?))))           (a!138 (or (not (>= x!4 89.0))                      (>= (+ (* 1.1111111111? x!0) (* (- 1.1111111111?) x!5))                          (- 4.5695907444?))))           (a!139 (or (not (>= x!4 90.0))                      (>= (+ (* 1.1111111111? x!0) (* (- 1.1111111111?) x!5))                          (- 4.1126316699?))))           (a!140 (or (not (>= x!4 91.0))                      (>= (+ (* 1.1111111111? x!0) (* (- 1.1111111111?) x!5))                          (- 3.7013685029?))))           (a!141 (or (not (>= x!4 92.0))                      (>= (+ (* 1.1111111111? x!0) (* (- 1.1111111111?) x!5))                          (- 3.3312316526?))))           (a!142 (or (not (>= x!4 93.0))                      (>= (+ (* 0.1853020188? x!0) (* (- 0.1853020188?) x!5))                          (- 0.5))))           (a!143 (or (not (>= x!4 94.0))                      (>= (+ (* 0.2058911320? x!0) (* (- 0.2058911320?) x!5))                          (- 0.5))))           (a!144 (or (not (>= x!4 95.0))                      (>= (+ (* 0.2287679245? x!0) (* (- 0.2287679245?) x!5))                          (- 0.5))))           (a!145 (or (not (>= x!4 96.0))                      (>= (+ (* 0.2541865828? x!0) (* (- 0.2541865828?) x!5))                          (- 0.5))))           (a!146 (or (not (>= x!4 97.0))                      (>= (+ (* 0.2824295364? x!0) (* (- 0.2824295364?) x!5))                          (- 0.5))))           (a!147 (or (not (>= x!4 98.0))                      (>= (+ (* 0.3138105960? x!0) (* (- 0.3138105960?) x!5))                          (- 0.5))))           (a!148 (or (not (>= x!4 99.0))                      (>= (+ (* 0.3486784401 x!0) (* (- 0.3486784401) x!5))                          (- 0.5))))           (a!149 (or (not (>= x!4 100.0))                      (>= (+ (* 0.387420489 x!0) (* (- 0.387420489) x!5))                          (- 0.5))))           (a!150 (or (not (>= x!4 101.0))                      (>= (+ (* 0.43046721 x!0) (* (- 0.43046721) x!5)) (- 0.5))))           (a!151 (or (not (>= x!4 102.0))                      (>= (+ (* 0.4782969 x!0) (* (- 0.4782969) x!5)) (- 0.5))))           (a!152 (or (not (>= x!4 103.0))                      (>= (+ (* 0.531441 x!0) (* (- 0.531441) x!5)) (- 0.5))))           (a!153 (or (not (>= x!4 104.0))                      (>= (+ (* 0.59049 x!0) (* (- 0.59049) x!5)) (- 0.5))))           (a!154 (or (not (>= x!4 105.0))                      (>= (+ (* 0.6561 x!0) (* (- 0.6561) x!5)) (- 0.5))))           (a!155 (or (not (>= x!4 106.0))                      (>= (+ (* 0.729 x!0) (* (- 0.729) x!5)) (- 0.5))))           (a!156 (or (not (>= x!4 107.0))                      (>= (+ (* 0.81 x!0) (* (- 0.81) x!5)) (- 0.5)))))       (and a!1            (<= (+ x!0 (* (- 1.0) x!5)) 2000.0)            a!2            a!3            a!4            a!5            a!6            a!7            a!8            a!9            a!10            a!11            a!12            a!13            a!14            a!15            a!16            a!17            a!18            a!19            a!20            a!21            a!22            a!23            a!24            a!25            a!26            a!27            a!28            a!29            a!30            a!31            a!32            a!33            a!34            a!35            a!36            a!37            a!38            a!39            a!40            a!41            a!42            a!43            a!44            a!45            a!46            a!47            a!48            a!49            a!50            a!51            a!52            a!53            a!54            a!55            a!56            a!57            a!58            a!59            a!60            a!61            a!62            a!63            a!64            a!65            a!66            a!67            a!68            a!69            a!70            a!71            a!72            a!73            a!74            a!75            a!76            a!77            a!78            a!79            (>= (+ (* 0.0002427494? x!0) (* (- 0.0002427494?) x!5)) (- 0.5))            a!80            a!81            a!82            a!83            a!84            a!85            a!86            a!87            a!88            a!89            a!90            a!91            a!92            a!93            a!94            a!95            a!96            a!97            a!98            a!99            a!100            a!101            a!102            a!103            a!104            a!105            a!106            a!107            a!108            a!109            a!110            a!111            a!112            a!113            a!114            a!115            a!116            a!117            a!118            a!119            a!120            a!121            a!122            a!123            a!124            a!125            a!126            a!127            a!128            a!129            a!130            a!131            a!132            a!133            a!134            a!135            a!136            a!137            a!138            a!139            a!140            a!141            a!142            a!143            a!144            a!145            a!146            a!147            a!148            a!149            a!150            a!151            a!152            a!153            a!154            a!155            a!156))) ),74.1129
p_0.00_2000.00_0.00_2000.00_0.1000_110.00_0.50_0.50.smt2,0.00,2000.00,0.00,2000.00,0.1000,110.00,0.50,0.50,Golem,sat,3.0863
p_0.00_2000.00_0.00_2000.00_0.1000_110.00_0.50_1.00.smt2,0.00,2000.00,0.00,2000.00,0.1000,110.00,0.50,1.00,Spacer,sat (   (define-fun Inv ((x!0 Real)    (x!1 Real)    (x!2 Real)    (x!3 Real)    (x!4 Real)    (x!5 Real)) Bool     (let ((a!1 (or (not (>= x!4 108.0))                    (>= (+ (* 1.1111111111? x!0) (* (- 1.1111111111?) x!5))                        (- 1.2345679012?))))           (a!2 (or (<= x!4 0.0)                    (<= (+ (* 0.0002697216? x!0) (* (- 0.0002697216?) x!5))                        0.4854988900?)))           (a!3 (or (<= x!4 1.0)                    (<= (+ (* 1.1111111111? x!0) (* (- 1.1111111111?) x!5))                        1853.7632493516?)))           (a!4 (or (<= (+ (* 1.1111111111? x!0) (* (- 1.1111111111?) x!5))                        1668.3869244165?)                    (not (>= x!4 33.0))))           (a!5 (or (not (>= x!4 34.0))                    (<= (+ (* 0.0003699884? x!0) (* (- 0.0003699884?) x!5)) 0.5)))           (a!6 (or (not (>= x!4 35.0))                    (<= (+ (* 0.0004110983? x!0) (* (- 0.0004110983?) x!5)) 0.5)))           (a!7 (or (not (>= x!4 36.0))                    (<= (+ (* 0.0004567759? x!0) (* (- 0.0004567759?) x!5)) 0.5)))           (a!8 (or (not (>= x!4 37.0))                    (<= (+ (* 0.0005075287? x!0) (* (- 0.0005075287?) x!5)) 0.5)))           (a!9 (or (not (>= x!4 38.0))                    (<= (+ (* 0.0005639208? x!0) (* (- 0.0005639208?) x!5)) 0.5)))           (a!10 (or (not (>= x!4 39.0))                     (<= (+ (* 0.0006265787? x!0) (* (- 0.0006265787?) x!5)) 0.5)))           (a!11 (or (not (>= x!4 40.0))                     (<= (+ (* 0.0006961986? x!0) (* (- 0.0006961986?) x!5)) 0.5)))           (a!12 (or (not (>= x!4 41.0))                     (<= (+ (* 0.0007735540? x!0) (* (- 0.0007735540?) x!5)) 0.5)))           (a!13 (or (not (>= x!4 42.0))                     (<= (+ (* 0.0008595044? x!0) (* (- 0.0008595044?) x!5)) 0.5)))           (a!14 (or (not (>= x!4 43.0))                     (<= (+ (* 0.0009550049? x!0) (* (- 0.0009550049?) x!5)) 0.5)))           (a!15 (or (not (>= x!4 44.0))                     (<= (+ (* 0.0010611166? x!0) (* (- 0.0010611166?) x!5)) 0.5)))           (a!16 (or (not (>= x!4 45.0))                     (<= (+ (* 0.0011790184? x!0) (* (- 0.0011790184?) x!5)) 0.5)))           (a!17 (or (not (>= x!4 46.0))                     (<= (+ (* 0.0013100205? x!0) (* (- 0.0013100205?) x!5)) 0.5)))           (a!18 (or (not (>= x!4 47.0))                     (<= (+ (* 0.0014555783? x!0) (* (- 0.0014555783?) x!5)) 0.5)))           (a!19 (or (not (>= x!4 48.0))                     (<= (+ (* 0.0016173092? x!0) (* (- 0.0016173092?) x!5)) 0.5)))           (a!20 (or (not (>= x!4 49.0))                     (<= (+ (* 0.0017970102? x!0) (* (- 0.0017970102?) x!5)) 0.5)))           (a!21 (or (not (>= x!4 50.0))                     (<= (+ (* 0.0019966781? x!0) (* (- 0.0019966781?) x!5)) 0.5)))           (a!22 (or (not (>= x!4 51.0))                     (<= (+ (* 0.0022185312? x!0) (* (- 0.0022185312?) x!5)) 0.5)))           (a!23 (or (not (>= x!4 52.0))                     (<= (+ (* 0.0024650347? x!0) (* (- 0.0024650347?) x!5)) 0.5)))           (a!24 (or (not (>= x!4 53.0))                     (<= (+ (* 0.0027389274? x!0) (* (- 0.0027389274?) x!5)) 0.5)))           (a!25 (or (not (>= x!4 54.0))                     (<= (+ (* 0.0030432527? x!0) (* (- 0.0030432527?) x!5)) 0.5)))           (a!26 (or (not (>= x!4 55.0))                     (<= (+ (* 0.0033813919? x!0) (* (- 0.0033813919?) x!5)) 0.5)))           (a!27 (or (not (>= x!4 56.0))                     (<= (+ (* 0.0037571021? x!0) (* (- 0.0037571021?) x!5)) 0.5)))           (a!28 (or (not (>= x!4 57.0))                     (<= (+ (* 0.0041745579? x!0) (* (- 0.0041745579?) x!5)) 0.5)))           (a!29 (or (not (>= x!4 58.0))                     (<= (+ (* 0.0046383976? x!0) (* (- 0.0046383976?) x!5)) 0.5)))           (a!30 (or (not (>= x!4 59.0))                     (<= (+ (* 0.0051537752? x!0) (* (- 0.0051537752?) x!5)) 0.5)))           (a!31 (or (not (>= x!4 60.0))                     (<= (+ (* 0.0057264168? x!0) (* (- 0.0057264168?) x!5)) 0.5)))           (a!32 (or (not (>= x!4 61.0))                     (<= (+ (* 0.0063626854? x!0) (* (- 0.0063626854?) x!5)) 0.5)))           (a!33 (or (not (>= x!4 62.0))                     (<= (+ (* 0.0070696504? x!0) (* (- 0.0070696504?) x!5)) 0.5)))           (a!34 (or (not (>= x!4 63.0))                     (<= (+ (* 0.0078551672? x!0) (* (- 0.0078551672?) x!5)) 0.5)))           (a!35 (or (not (>= x!4 64.0))                     (<= (+ (* 0.0087279635? x!0) (* (- 0.0087279635?) x!5)) 0.5)))           (a!36 (or (not (>= x!4 65.0))                     (<= (+ (* 0.0096977372? x!0) (* (- 0.0096977372?) x!5)) 0.5)))           (a!37 (or (not (>= x!4 66.0))                     (<= (+ (* 0.0107752636? x!0) (* (- 0.0107752636?) x!5)) 0.5)))           (a!38 (or (not (>= x!4 67.0))                     (<= (+ (* 0.0119725151? x!0) (* (- 0.0119725151?) x!5)) 0.5)))           (a!39 (or (not (>= x!4 68.0))                     (<= (+ (* 0.0133027946? x!0) (* (- 0.0133027946?) x!5)) 0.5)))           (a!40 (or (not (>= x!4 69.0))                     (<= (+ (* 0.0147808829? x!0) (* (- 0.0147808829?) x!5)) 0.5)))           (a!41 (or (not (>= x!4 70.0))                     (<= (+ (* 0.0164232032? x!0) (* (- 0.0164232032?) x!5)) 0.5)))           (a!42 (or (not (>= x!4 71.0))                     (<= (+ (* 0.0182480036? x!0) (* (- 0.0182480036?) x!5)) 0.5)))           (a!43 (or (not (>= x!4 72.0))                     (<= (+ (* 0.0202755595? x!0) (* (- 0.0202755595?) x!5)) 0.5)))           (a!44 (or (not (>= x!4 73.0))                     (<= (+ (* 0.0225283995? x!0) (* (- 0.0225283995?) x!5)) 0.5)))           (a!45 (or (not (>= x!4 74.0))                     (<= (+ (* 0.0250315550? x!0) (* (- 0.0250315550?) x!5)) 0.5)))           (a!46 (or (not (>= x!4 75.0))                     (<= (+ (* 0.0278128389? x!0) (* (- 0.0278128389?) x!5)) 0.5)))           (a!47 (or (not (>= x!4 76.0))                     (<= (+ (* 0.0309031543? x!0) (* (- 0.0309031543?) x!5)) 0.5)))           (a!48 (or (not (>= x!4 77.0))                     (<= (+ (* 0.0343368382? x!0) (* (- 0.0343368382?) x!5)) 0.5)))           (a!49 (or (not (>= x!4 78.0))                     (<= (+ (* 0.0381520424? x!0) (* (- 0.0381520424?) x!5)) 0.5)))           (a!50 (or (not (>= x!4 79.0))                     (<= (+ (* 0.0423911582? x!0) (* (- 0.0423911582?) x!5)) 0.5)))           (a!51 (or (not (>= x!4 80.0))                     (<= (+ (* 0.0471012869? x!0) (* (- 0.0471012869?) x!5)) 0.5)))           (a!52 (or (not (>= x!4 81.0))                     (<= (+ (* 0.0523347633? x!0) (* (- 0.0523347633?) x!5)) 0.5)))           (a!53 (or (not (>= x!4 82.0))                     (<= (+ (* 0.0581497370? x!0) (* (- 0.0581497370?) x!5)) 0.5)))           (a!54 (or (not (>= x!4 83.0))                     (<= (+ (* 0.0646108188? x!0) (* (- 0.0646108188?) x!5)) 0.5)))           (a!55 (or (not (>= x!4 84.0))                     (<= (+ (* 0.0717897987? x!0) (* (- 0.0717897987?) x!5)) 0.5)))           (a!56 (or (not (>= x!4 85.0))                     (<= (+ (* 0.0797664430? x!0) (* (- 0.0797664430?) x!5)) 0.5)))           (a!57 (or (not (>= x!4 86.0))                     (<= (+ (* 0.0886293811? x!0) (* (- 0.0886293811?) x!5)) 0.5)))           (a!58 (or (not (>= x!4 87.0))                     (<= (+ (* 0.0984770902? x!0) (* (- 0.0984770902?) x!5)) 0.5)))           (a!59 (or (not (>= x!4 88.0))                     (<= (+ (* 0.1094189891? x!0) (* (- 0.1094189891?) x!5)) 0.5)))           (a!60 (or (not (>= x!4 89.0))                     (<= (+ (* 0.1215766545? x!0) (* (- 0.1215766545?) x!5)) 0.5)))           (a!61 (or (not (>= x!4 90.0))                     (<= (+ (* 0.1350851717? x!0) (* (- 0.1350851717?) x!5)) 0.5)))           (a!62 (or (not (>= x!4 91.0))                     (<= (+ (* 0.1500946352? x!0) (* (- 0.1500946352?) x!5)) 0.5)))           (a!63 (or (not (>= x!4 92.0))                     (<= (+ (* 0.1667718169? x!0) (* (- 0.1667718169?) x!5)) 0.5)))           (a!64 (or (not (>= x!4 93.0))                     (<= (+ (* 0.1853020188? x!0) (* (- 0.1853020188?) x!5)) 0.5)))           (a!65 (or (not (>= x!4 94.0))                     (<= (+ (* 0.2058911320? x!0) (* (- 0.2058911320?) x!5)) 0.5)))           (a!66 (or (not (>= x!4 95.0))                     (<= (+ (* 0.2287679245? x!0) (* (- 0.2287679245?) x!5)) 0.5)))           (a!67 (or (not (>= x!4 96.0))                     (<= (+ (* 0.2541865828? x!0) (* (- 0.2541865828?) x!5)) 0.5)))           (a!68 (or (not (>= x!4 97.0))                     (<= (+ (* 0.2824295364? x!0) (* (- 0.2824295364?) x!5)) 0.5)))           (a!69 (or (not (>= x!4 98.0))                     (<= (+ (* 0.3138105960? x!0) (* (- 0.3138105960?) x!5)) 0.5)))           (a!70 (or (not (>= x!4 99.0))                     (<= (+ (* 0.3486784401 x!0) (* (- 0.3486784401) x!5)) 0.5)))           (a!71 (or (not (>= x!4 100.0))                     (<= (+ (* 0.387420489 x!0) (* (- 0.387420489) x!5)) 0.5)))           (a!72 (or (not (>= x!4 101.0))                     (<= (+ (* 0.43046721 x!0) (* (- 0.43046721) x!5)) 0.5)))           (a!73 (or (not (>= x!4 102.0))                     (<= (+ (* 0.4782969 x!0) (* (- 0.4782969) x!5)) 0.5)))           (a!74 (or (not (>= x!4 103.0))                     (<= (+ (* 0.531441 x!0) (* (- 0.531441) x!5)) 0.5)))           (a!75 (or (not (>= x!4 104.0))                     (<= (+ (* 0.59049 x!0) (* (- 0.59049) x!5)) 0.5)))           (a!76 (or (not (>= x!4 105.0))                     (<= (+ (* 0.6561 x!0) (* (- 0.6561) x!5)) 0.5)))           (a!77 (or (not (>= x!4 106.0))                     (<= (+ (* 0.729 x!0) (* (- 0.729) x!5)) 0.5)))           (a!78 (or (not (>= x!4 107.0))                     (<= (+ (* 0.81 x!0) (* (- 0.81) x!5)) 0.5)))           (a!79 (or (not (>= x!4 108.0))                     (<= (+ (* 0.9 x!0) (* (- 0.9) x!5)) 0.5)))           (a!80 (or (<= x!4 0.0)                     (>= (+ (* 0.0005075287? x!0) (* (- 0.0005075287?) x!5))                         (- 1.0))))           (a!81 (or (not (>= x!4 38.0))                     (>= (+ (* 1.1111111111? x!0) (* (- 1.1111111111?) x!5))                         (- 1970.3315899974?))))           (a!82 (or (not (>= x!4 39.0))                     (>= (+ (* 1.1111111111? x!0) (* (- 1.1111111111?) x!5))                         (- 1773.2984309976?))))           (a!83 (or (not (>= x!4 40.0))                     (>= (+ (* 1.1111111111? x!0) (* (- 1.1111111111?) x!5))                         (- 1595.9685878979?))))           (a!84 (or (not (>= x!4 41.0))                     (>= (+ (* 1.1111111111? x!0) (* (- 1.1111111111?) x!5))                         (- 1436.3717291081?))))           (a!85 (or (not (>= x!4 42.0))                     (>= (+ (* 1.1111111111? x!0) (* (- 1.1111111111?) x!5))                         (- 1292.7345561973?))))           (a!86 (or (not (>= x!4 43.0))                     (>= (+ (* 1.1111111111? x!0) (* (- 1.1111111111?) x!5))                         (- 1163.4611005775?))))           (a!87 (or (not (>= x!4 44.0))                     (>= (+ (* 1.1111111111? x!0) (* (- 1.1111111111?) x!5))                         (- 1047.1149905198?))))           (a!88 (or (not (>= x!4 45.0))                     (>= (+ (* 0.0011790184? x!0) (* (- 0.0011790184?) x!5))                         (- 1.0))))           (a!89 (or (not (>= x!4 46.0))                     (>= (+ (* 0.0013100205? x!0) (* (- 0.0013100205?) x!5))                         (- 1.0))))           (a!90 (or (not (>= x!4 47.0))                     (>= (+ (* 1.1111111111? x!0) (* (- 1.1111111111?) x!5))                         (- 763.3468280889?))))           (a!91 (or (not (>= x!4 48.0))                     (>= (+ (* 0.0016173092? x!0) (* (- 0.0016173092?) x!5))                         (- 1.0))))           (a!92 (or (not (>= x!4 49.0))                     (>= (+ (* 0.0017970102? x!0) (* (- 0.0017970102?) x!5))                         (- 1.0))))           (a!93 (or (not (>= x!4 50.0))                     (>= (+ (* 1.1111111111? x!0) (* (- 1.1111111111?) x!5))                         (- 556.4798376768?))))           (a!94 (or (not (>= x!4 51.0))                     (>= (+ (* 1.1111111111? x!0) (* (- 1.1111111111?) x!5))                         (- 500.8318539091?))))           (a!95 (or (not (>= x!4 52.0))                     (>= (+ (* 1.1111111111? x!0) (* (- 1.1111111111?) x!5))                         (- 450.7486685182?))))           (a!96 (or (not (>= x!4 53.0))                     (>= (+ (* 1.2345679012? x!0) (* (- 1.2345679012?) x!5))                         (- 450.7486685182?))))           (a!97 (or (not (>= x!4 54.0))                     (>= (+ (* 1.1111111111? x!0) (* (- 1.1111111111?) x!5))                         (- 365.1064214997?))))           (a!98 (or (not (>= x!4 55.0))                     (>= (+ (* 1.2345679012? x!0) (* (- 1.2345679012?) x!5))                         (- 365.1064214997?))))           (a!99 (or (not (>= x!4 56.0))                     (>= (+ (* 0.0037571021? x!0) (* (- 0.0037571021?) x!5))                         (- 1.0))))           (a!100 (or (not (>= x!4 57.0))                      (>= (+ (* 1.1111111111? x!0) (* (- 1.1111111111?) x!5))                          (- 266.1625812733?))))           (a!101 (or (not (>= x!4 58.0))                      (>= (+ (* 1.1111111111? x!0) (* (- 1.1111111111?) x!5))                          (- 239.5463231460?))))           (a!102 (or (not (>= x!4 59.0))                      (>= (+ (* 1.1111111111? x!0) (* (- 1.1111111111?) x!5))                          (- 215.5916908314?))))           (a!103 (or (not (>= x!4 60.0))                      (>= (+ (* 1.1111111111? x!0) (* (- 1.1111111111?) x!5))                          (- 194.0325217482?))))           (a!104 (or (not (>= x!4 61.0))                      (>= (+ (* 1.1111111111? x!0) (* (- 1.1111111111?) x!5))                          (- 174.6292695734?))))           (a!105 (or (not (>= x!4 62.0))                      (>= (+ (* 0.0070696504? x!0) (* (- 0.0070696504?) x!5))                          (- 1.0))))           (a!106 (or (not (>= x!4 63.0))                      (>= (+ (* 0.0078551672? x!0) (* (- 0.0078551672?) x!5))                          (- 1.0))))           (a!107 (or (not (>= x!4 64.0))                      (>= (+ (* 1.1111111111? x!0) (* (- 1.1111111111?) x!5))                          (- 127.3047375190?))))           (a!108 (or (not (>= x!4 65.0))                      (>= (+ (* 1.1111111111? x!0) (* (- 1.1111111111?) x!5))                          (- 114.5742637671?))))           (a!109 (or (not (>= x!4 66.0))                      (>= (+ (* 1.1111111111? x!0) (* (- 1.1111111111?) x!5))                          (- 103.1168373904?))))           (a!110 (or (not (>= x!4 67.0))                      (>= (+ (* 1.1111111111? x!0) (* (- 1.1111111111?) x!5))                          (- 92.8051536513?))))           (a!111 (or (not (>= x!4 68.0))                      (>= (+ (* 1.1111111111? x!0) (* (- 1.1111111111?) x!5))                          (- 83.5246382862?))))           (a!112 (or (not (>= x!4 69.0))                      (>= (+ (* 1.1111111111? x!0) (* (- 1.1111111111?) x!5))                          (- 75.1721744576?))))           (a!113 (or (not (>= x!4 70.0))                      (>= (+ (* 1.1111111111? x!0) (* (- 1.1111111111?) x!5))                          (- 67.6549570118?))))           (a!114 (or (not (>= x!4 71.0))                      (>= (+ (* 1.1111111111? x!0) (* (- 1.1111111111?) x!5))                          (- 60.8894613106?))))           (a!115 (or (not (>= x!4 72.0))                      (>= (+ (* 1.1111111111? x!0) (* (- 1.1111111111?) x!5))                          (- 54.8005151796?))))           (a!116 (or (not (>= x!4 73.0))                      (>= (+ (* 1.1111111111? x!0) (* (- 1.1111111111?) x!5))                          (- 49.3204636616?))))           (a!117 (or (not (>= x!4 74.0))                      (>= (+ (* 1.1111111111? x!0) (* (- 1.1111111111?) x!5))                          (- 44.3884172954?))))           (a!118 (or (not (>= x!4 75.0))                      (>= (+ (* 1.1111111111? x!0) (* (- 1.1111111111?) x!5))                          (- 39.9495755659?))))           (a!119 (or (not (>= x!4 76.0))                      (>= (+ (* 1.1111111111? x!0) (* (- 1.1111111111?) x!5))                          (- 35.9546180093?))))           (a!120 (or (not (>= x!4 77.0))                      (>= (+ (* 1.1111111111? x!0) (* (- 1.1111111111?) x!5))                          (- 32.3591562084?))))           (a!121 (or (not (>= x!4 78.0))                      (>= (+ (* 0.0381520424? x!0) (* (- 0.0381520424?) x!5))                          (- 1.0))))           (a!122 (or (not (>= x!4 79.0))                      (>= (+ (* 0.0423911582? x!0) (* (- 0.0423911582?) x!5))                          (- 1.0))))           (a!123 (or (not (>= x!4 80.0))                      (>= (+ (* 0.0471012869? x!0) (* (- 0.0471012869?) x!5))                          (- 1.0))))           (a!124 (or (not (>= x!4 81.0))                      (>= (+ (* 0.0523347633? x!0) (* (- 0.0523347633?) x!5))                          (- 1.0))))           (a!125 (or (not (>= x!4 82.0))                      (>= (+ (* 0.0581497370? x!0) (* (- 0.0581497370?) x!5))                          (- 1.0))))           (a!126 (or (not (>= x!4 83.0))                      (>= (+ (* 0.0646108188? x!0) (* (- 0.0646108188?) x!5))                          (- 1.0))))           (a!127 (or (not (>= x!4 84.0))                      (>= (+ (* 0.0717897987? x!0) (* (- 0.0717897987?) x!5))                          (- 1.0))))           (a!128 (or (not (>= x!4 85.0))                      (>= (+ (* 0.0797664430? x!0) (* (- 0.0797664430?) x!5))                          (- 1.0))))           (a!129 (or (not (>= x!4 86.0))                      (>= (+ (* 0.0886293811? x!0) (* (- 0.0886293811?) x!5))                          (- 1.0))))           (a!130 (or (not (>= x!4 87.0))                      (>= (+ (* 0.0984770902? x!0) (* (- 0.0984770902?) x!5))                          (- 1.0))))           (a!131 (or (not (>= x!4 88.0))                      (>= (+ (* 0.1094189891? x!0) (* (- 0.1094189891?) x!5))                          (- 1.0))))           (a!132 (or (not (>= x!4 89.0))                      (>= (+ (* 0.1215766545? x!0) (* (- 0.1215766545?) x!5))                          (- 1.0))))           (a!133 (or (not (>= x!4 90.0))                      (>= (+ (* 1.1111111111? x!0) (* (- 1.1111111111?) x!5))                          (- 8.2252633399?))))           (a!134 (or (not (>= x!4 91.0))                      (>= (+ (* 0.1500946352? x!0) (* (- 0.1500946352?) x!5))                          (- 1.0))))           (a!135 (or (not (>= x!4 92.0))                      (>= (+ (* 0.1667718169? x!0) (* (- 0.1667718169?) x!5))                          (- 1.0))))           (a!136 (or (not (>= x!4 93.0))                      (>= (+ (* 0.1853020188? x!0) (* (- 0.1853020188?) x!5))                          (- 1.0))))           (a!137 (or (not (>= x!4 94.0))                      (>= (+ (* 0.2058911320? x!0) (* (- 0.2058911320?) x!5))                          (- 1.0))))           (a!138 (or (not (>= x!4 95.0))                      (>= (+ (* 0.2287679245? x!0) (* (- 0.2287679245?) x!5))                          (- 1.0))))           (a!139 (or (not (>= x!4 96.0))                      (>= (+ (* 0.2541865828? x!0) (* (- 0.2541865828?) x!5))                          (- 1.0))))           (a!140 (or (not (>= x!4 97.0))                      (>= (+ (* 0.2824295364? x!0) (* (- 0.2824295364?) x!5))                          (- 1.0))))           (a!141 (or (not (>= x!4 98.0))                      (>= (+ (* 0.3138105960? x!0) (* (- 0.3138105960?) x!5))                          (- 1.0))))           (a!142 (or (not (>= x!4 99.0))                      (>= (+ (* 1.1111111111? x!0) (* (- 1.1111111111?) x!5))                          (- 3.1866355453?))))           (a!143 (or (not (>= x!4 100.0))                      (>= (+ (* 1.1111111111? x!0) (* (- 1.1111111111?) x!5))                          (- 2.8679719907?))))           (a!144 (or (not (>= x!4 101.0))                      (>= (+ (* 1.2345679012? x!0) (* (- 1.2345679012?) x!5))                          (- 2.8679719907?))))           (a!145 (or (not (>= x!4 102.0))                      (>= (+ (* 1.3717421124? x!0) (* (- 1.3717421124?) x!5))                          (- 2.8679719907?))))           (a!146 (or (not (>= x!4 103.0))                      (>= (+ (* 0.531441 x!0) (* (- 0.531441) x!5)) (- 1.0))))           (a!147 (or (not (>= x!4 104.0))                      (>= (+ (* 1.1111111111? x!0) (* (- 1.1111111111?) x!5))                          (- 1.8816764231?))))           (a!148 (or (not (>= x!4 105.0))                      (>= (+ (* 1.1111111111? x!0) (* (- 1.1111111111?) x!5))                          (- 1.6935087808?))))           (a!149 (or (not (>= x!4 106.0))                      (>= (+ (* 1.1111111111? x!0) (* (- 1.1111111111?) x!5))                          (- 1.5241579027?))))           (a!150 (or (not (>= x!4 107.0))                      (>= (+ (* 0.81 x!0) (* (- 0.81) x!5)) (- 1.0)))))       (and a!1            (<= (+ x!0 (* (- 1.0) x!5)) 2000.0)            a!2            a!3            a!4            a!5            a!6            a!7            a!8            a!9            a!10            a!11            a!12            a!13            a!14            a!15            a!16            a!17            a!18            a!19            a!20            a!21            a!22            a!23            a!24            a!25            a!26            a!27            a!28            a!29            a!30            a!31            a!32            a!33            a!34            a!35            a!36            a!37            a!38            a!39            a!40            a!41            a!42            a!43            a!44            a!45            a!46            a!47            a!48            a!49            a!50            a!51            a!52            a!53            a!54            a!55            a!56            a!57            a!58            a!59            a!60            a!61            a!62            a!63            a!64            a!65            a!66            a!67            a!68            a!69            a!70            a!71            a!72            a!73            a!74            a!75            a!76            a!77            a!78            a!79            (>= (+ (* 0.0004567759? x!0) (* (- 0.0004567759?) x!5)) (- 1.0))            a!80            a!81            a!82            a!83            a!84            a!85            a!86            a!87            a!88            a!89            a!90            a!91            a!92            a!93            a!94            a!95            a!96            a!97            a!98            a!99            a!100            a!101            a!102            a!103            a!104            a!105            a!106            a!107            a!108            a!109            a!110            a!111            a!112            a!113            a!114            a!115            a!116            a!117            a!118            a!119            a!120            a!121            a!122            a!123            a!124            a!125            a!126            a!127            a!128            a!129            a!130            a!131            a!132            a!133            a!134            a!135            a!136            a!137            a!138            a!139            a!140            a!141            a!142            a!143            a!144            a!145            a!146            a!147            a!148            a!149            a!150))) ),57.0901
p_0.00_2000.00_0.00_2000.00_0.1000_110.00_0.50_1.00.smt2,0.00,2000.00,0.00,2000.00,0.1000,110.00,0.50,1.00,Golem,sat,3.0615
p_0.00_2000.00_0.00_2000.00_0.1000_110.00_1.00_0.50.smt2,0.00,2000.00,0.00,2000.00,0.1000,110.00,1.00,0.50,Spacer,sat (   (define-fun Inv ((x!0 Real)    (x!1 Real)    (x!2 Real)    (x!3 Real)    (x!4 Real)    (x!5 Real)) Bool     (let ((a!1 (or (not (>= x!4 108.0))                    (>= (+ (* 0.9 x!0) (* (- 0.9) x!5)) (- 0.5))))           (a!2 (or (<= x!4 0.0)                    (<= (+ (* 0.0005075287? x!0) (* (- 0.0005075287?) x!5))                        0.9135518149?)))           (a!3 (or (<= x!4 1.0)                    (<= (+ (* 0.0005639208? x!0) (* (- 0.0005639208?) x!5)) 1.0)))           (a!4 (or (<= x!4 2.0)                    (<= (+ (* 0.0006265787? x!0) (* (- 0.0006265787?) x!5)) 1.0)))           (a!5 (or (<= x!4 3.0)                    (<= (+ (* 0.0006961986? x!0) (* (- 0.0006961986?) x!5)) 1.0)))           (a!6 (or (<= x!4 4.0)                    (<= (+ (* 1.1111111111? x!0) (* (- 1.1111111111?) x!5))                        1436.3717291081?)))           (a!7 (or (<= x!4 5.0)                    (<= (+ (* 0.0008595044? x!0) (* (- 0.0008595044?) x!5)) 1.0)))           (a!8 (or (<= x!4 6.0)                    (<= (+ (* 0.0009550049? x!0) (* (- 0.0009550049?) x!5)) 1.0)))           (a!9 (or (<= x!4 7.0)                    (<= (+ (* 1.1111111111? x!0) (* (- 1.1111111111?) x!5))                        1047.1149905198?)))           (a!10 (or (<= x!4 8.0)                     (<= (+ (* 0.0011790184? x!0) (* (- 0.0011790184?) x!5)) 1.0)))           (a!11 (or (<= x!4 9.0)                     (<= (+ (* 0.0013100205? x!0) (* (- 0.0013100205?) x!5)) 1.0)))           (a!12 (or (<= x!4 10.0)                     (<= (+ (* 0.0014555783? x!0) (* (- 0.0014555783?) x!5)) 1.0)))           (a!13 (or (<= x!4 11.0)                     (<= (+ (* 0.0016173092? x!0) (* (- 0.0016173092?) x!5)) 1.0)))           (a!14 (or (<= x!4 12.0)                     (<= (+ (* 0.0017970102? x!0) (* (- 0.0017970102?) x!5)) 1.0)))           (a!15 (or (<= x!4 13.0)                     (<= (+ (* 0.0019966781? x!0) (* (- 0.0019966781?) x!5)) 1.0)))           (a!16 (or (<= x!4 14.0)                     (<= (+ (* 1.1111111111? x!0) (* (- 1.1111111111?) x!5))                         500.8318539091?)))           (a!17 (or (<= x!4 15.0)                     (<= (+ (* 1.1111111111? x!0) (* (- 1.1111111111?) x!5))                         450.7486685182?)))           (a!18 (or (<= x!4 16.0)                     (<= (+ (* 1.1111111111? x!0) (* (- 1.1111111111?) x!5))                         405.6738016664?)))           (a!19 (or (<= x!4 17.0)                     (<= (+ (* 1.1111111111? x!0) (* (- 1.1111111111?) x!5))                         365.1064214997?)))           (a!20 (or (<= x!4 18.0)                     (<= (+ (* 1.1111111111? x!0) (* (- 1.1111111111?) x!5))                         328.5957793497?)))           (a!21 (or (<= x!4 19.0)                     (<= (+ (* 1.1111111111? x!0) (* (- 1.1111111111?) x!5))                         295.7362014148?)))           (a!22 (or (<= x!4 20.0)                     (<= (+ (* 0.0041745579? x!0) (* (- 0.0041745579?) x!5)) 1.0)))           (a!23 (or (<= x!4 21.0)                     (<= (+ (* 0.0046383976? x!0) (* (- 0.0046383976?) x!5)) 1.0)))           (a!24 (or (<= x!4 22.0)                     (<= (+ (* 1.1111111111? x!0) (* (- 1.1111111111?) x!5))                         215.5916908314?)))           (a!25 (or (<= x!4 23.0)                     (<= (+ (* 1.1111111111? x!0) (* (- 1.1111111111?) x!5))                         194.0325217482?)))           (a!26 (or (<= x!4 24.0)                     (<= (+ (* 0.0063626854? x!0) (* (- 0.0063626854?) x!5)) 1.0)))           (a!27 (or (<= x!4 25.0)                     (<= (+ (* 0.0070696504? x!0) (* (- 0.0070696504?) x!5)) 1.0)))           (a!28 (or (<= x!4 26.0)                     (<= (+ (* 0.0078551672? x!0) (* (- 0.0078551672?) x!5)) 1.0)))           (a!29 (or (<= x!4 27.0)                     (<= (+ (* 1.1111111111? x!0) (* (- 1.1111111111?) x!5))                         127.3047375190?)))           (a!30 (or (<= x!4 28.0)                     (<= (+ (* 1.1111111111? x!0) (* (- 1.1111111111?) x!5))                         114.5742637671?)))           (a!31 (or (<= x!4 29.0)                     (<= (+ (* 1.1111111111? x!0) (* (- 1.1111111111?) x!5))                         103.1168373904?)))           (a!32 (or (<= x!4 30.0)                     (<= (+ (* 1.1111111111? x!0) (* (- 1.1111111111?) x!5))                         92.8051536513?)))           (a!33 (or (<= x!4 31.0)                     (<= (+ (* 1.1111111111? x!0) (* (- 1.1111111111?) x!5))                         83.5246382862?)))           (a!34 (or (<= x!4 32.0)                     (<= (+ (* 1.1111111111? x!0) (* (- 1.1111111111?) x!5))                         75.1721744576?)))           (a!35 (or (<= x!4 33.0)                     (<= (+ (* 1.1111111111? x!0) (* (- 1.1111111111?) x!5))                         67.6549570118?)))           (a!36 (or (<= x!4 34.0)                     (<= (+ (* 1.1111111111? x!0) (* (- 1.1111111111?) x!5))                         60.8894613106?)))           (a!37 (or (<= x!4 35.0)                     (<= (+ (* 1.1111111111? x!0) (* (- 1.1111111111?) x!5))                         54.8005151796?)))           (a!38 (or (<= x!4 36.0)                     (<= (+ (* 1.1111111111? x!0) (* (- 1.1111111111?) x!5))                         49.3204636616?)))           (a!39 (or (<= x!4 37.0)                     (<= (+ (* 1.1111111111? x!0) (* (- 1.1111111111?) x!5))                         44.3884172954?)))           (a!40 (or (<= x!4 38.0)                     (<= (+ (* 1.1111111111? x!0) (* (- 1.1111111111?) x!5))                         39.9495755659?)))           (a!41 (or (<= x!4 39.0)                     (<= (+ (* 1.1111111111? x!0) (* (- 1.1111111111?) x!5))                         35.9546180093?)))           (a!42 (or (<= x!4 40.0)                     (<= (+ (* 1.1111111111? x!0) (* (- 1.1111111111?) x!5))                         32.3591562084?)))           (a!43 (or (<= x!4 41.0)                     (<= (+ (* 1.1111111111? x!0) (* (- 1.1111111111?) x!5))                         29.1232405875?)))           (a!44 (or (<= x!4 42.0)                     (<= (+ (* 1.1111111111? x!0) (* (- 1.1111111111?) x!5))                         26.2109165288?)))           (a!45 (or (<= x!4 43.0)                     (<= (+ (* 1.1111111111? x!0) (* (- 1.1111111111?) x!5))                         23.5898248759?)))           (a!46 (or (<= x!4 44.0)                     (<= (+ (* 1.1111111111? x!0) (* (- 1.1111111111?) x!5))                         21.2308423883?)))           (a!47 (or (<= x!4 45.0)                     (<= (+ (* 1.1111111111? x!0) (* (- 1.1111111111?) x!5))                         19.1077581494?)))           (a!48 (or (<= x!4 46.0)                     (<= (+ (* 1.1111111111? x!0) (* (- 1.1111111111?) x!5))                         17.1969823345?)))           (a!49 (or (<= x!4 47.0)                     (<= (+ (* 1.1111111111? x!0) (* (- 1.1111111111?) x!5))                         15.4772841010?)))           (a!50 (or (<= x!4 48.0)                     (<= (+ (* 1.1111111111? x!0) (* (- 1.1111111111?) x!5))                         13.9295556909?)))           (a!51 (or (<= x!4 49.0)                     (<= (+ (* 1.1111111111? x!0) (* (- 1.1111111111?) x!5))                         12.5366001218?)))           (a!52 (or (<= x!4 50.0)                     (<= (+ (* 1.1111111111? x!0) (* (- 1.1111111111?) x!5))                         11.2829401096?)))           (a!53 (or (<= x!4 51.0)                     (<= (+ (* 1.1111111111? x!0) (* (- 1.1111111111?) x!5))                         10.1546460987?)))           (a!54 (or (<= x!4 52.0)                     (<= (+ (* 1.1111111111? x!0) (* (- 1.1111111111?) x!5))                         9.1391814888?)))           (a!55 (or (<= x!4 53.0)                     (<= (+ (* 1.1111111111? x!0) (* (- 1.1111111111?) x!5))                         8.2252633399?)))           (a!56 (or (<= x!4 54.0)                     (<= (+ (* 1.1111111111? x!0) (* (- 1.1111111111?) x!5))                         7.4027370059?)))           (a!57 (or (<= x!4 55.0)                     (<= (+ (* 1.1111111111? x!0) (* (- 1.1111111111?) x!5))                         6.6624633053?)))           (a!58 (or (<= x!4 56.0)                     (<= (+ (* 1.1111111111? x!0) (* (- 1.1111111111?) x!5))                         5.9962169748?)))           (a!59 (or (<= x!4 57.0)                     (<= (+ (* 1.1111111111? x!0) (* (- 1.1111111111?) x!5))                         5.3965952773?)))           (a!60 (or (<= x!4 58.0)                     (<= (+ (* 1.1111111111? x!0) (* (- 1.1111111111?) x!5))                         4.8569357496?)))           (a!61 (or (<= x!4 59.0)                     (<= (+ (* 1.1111111111? x!0) (* (- 1.1111111111?) x!5))                         4.3712421746?)))           (a!62 (or (<= x!4 60.0)                     (<= (+ (* 1.1111111111? x!0) (* (- 1.1111111111?) x!5))                         3.9341179571?)))           (a!63 (or (<= x!4 61.0)                     (<= (+ (* 1.1111111111? x!0) (* (- 1.1111111111?) x!5))                         3.5407061614?)))           (a!64 (or (<= x!4 62.0)                     (<= (+ (* 1.1111111111? x!0) (* (- 1.1111111111?) x!5))                         3.1866355453?)))           (a!65 (or (<= x!4 63.0)                     (<= (+ (* 1.1111111111? x!0) (* (- 1.1111111111?) x!5))                         2.8679719907?)))           (a!66 (or (<= x!4 64.0)                     (<= (+ (* 1.1111111111? x!0) (* (- 1.1111111111?) x!5))                         2.5811747917?)))           (a!67 (or (<= x!4 65.0)                     (<= (+ (* 0.4782969 x!0) (* (- 0.4782969) x!5)) 1.0)))           (a!68 (or (<= x!4 66.0)                     (<= (+ (* 0.531441 x!0) (* (- 0.531441) x!5)) 1.0)))           (a!69 (or (<= x!4 67.0)                     (<= (+ (* 1.1111111111? x!0) (* (- 1.1111111111?) x!5))                         1.8816764231?)))           (a!70 (or (<= x!4 68.0)                     (<= (+ (* 1.1111111111? x!0) (* (- 1.1111111111?) x!5))                         1.6935087808?)))           (a!71 (or (<= x!4 69.0) (<= (+ (* 0.729 x!0) (* (- 0.729) x!5)) 1.0)))           (a!72 (or (<= x!4 70.0) (<= (+ (* 0.81 x!0) (* (- 0.81) x!5)) 1.0)))           (a!73 (or (<= (+ (* 1.1111111111? x!0) (* (- 1.1111111111?) x!5))                         1.2345679012?)                     (not (>= x!4 108.0))))           (a!74 (or (<= x!4 0.0)                     (>= (+ (* 0.0002697216? x!0) (* (- 0.0002697216?) x!5))                         (- 0.5))))           (a!75 (or (<= x!4 1.0)                     (>= (+ (* 1.1111111111? x!0) (* (- 1.1111111111?) x!5))                         (- 1853.7632493516?))))           (a!76 (or (<= x!4 2.0)                     (>= (+ (* 0.0003329896? x!0) (* (- 0.0003329896?) x!5))                         (- 0.5))))           (a!77 (or (<= x!4 3.0)                     (>= (+ (* 1.1111111111? x!0) (* (- 1.1111111111?) x!5))                         (- 1501.5482319748?))))           (a!78 (or (<= x!4 4.0)                     (>= (+ (* 0.0004110983? x!0) (* (- 0.0004110983?) x!5))                         (- 0.5))))           (a!79 (or (<= x!4 5.0)                     (>= (+ (* 0.0004567759? x!0) (* (- 0.0004567759?) x!5))                         (- 0.5))))           (a!80 (or (<= x!4 6.0)                     (>= (+ (* 1.1111111111? x!0) (* (- 1.1111111111?) x!5))                         (- 1094.6286611096?))))           (a!81 (or (<= x!4 7.0)                     (>= (+ (* 1.1111111111? x!0) (* (- 1.1111111111?) x!5))                         (- 985.1657949987?))))           (a!82 (or (<= x!4 8.0)                     (>= (+ (* 1.2345679012? x!0) (* (- 1.2345679012?) x!5))                         (- 985.1657949987?))))           (a!83 (or (<= x!4 9.0)                     (>= (+ (* 1.3717421124? x!0) (* (- 1.3717421124?) x!5))                         (- 985.1657949987?))))           (a!84 (or (<= x!4 10.0)                     (>= (+ (* 1.5241579027? x!0) (* (- 1.5241579027?) x!5))                         (- 985.1657949987?))))           (a!85 (or (<= x!4 11.0)                     (>= (+ (* 1.6935087808? x!0) (* (- 1.6935087808?) x!5))                         (- 985.1657949987?))))           (a!86 (or (<= x!4 12.0)                     (>= (+ (* 1.1111111111? x!0) (* (- 1.1111111111?) x!5))                         (- 581.7305502887?))))           (a!87 (or (<= x!4 13.0)                     (>= (+ (* 1.1111111111? x!0) (* (- 1.1111111111?) x!5))                         (- 523.5574952599?))))           (a!88 (or (<= x!4 14.0)                     (>= (+ (* 1.2345679012? x!0) (* (- 1.2345679012?) x!5))                         (- 523.5574952599?))))           (a!89 (or (<= x!4 15.0)                     (>= (+ (* 1.1111111111? x!0) (* (- 1.1111111111?) x!5))                         (- 424.0815711605?))))           (a!90 (or (<= x!4 16.0)                     (>= (+ (* 1.1111111111? x!0) (* (- 1.1111111111?) x!5))                         (- 381.6734140444?))))           (a!91 (or (<= x!4 17.0)                     (>= (+ (* 1.1111111111? x!0) (* (- 1.1111111111?) x!5))                         (- 343.5060726400?))))           (a!92 (or (<= x!4 18.0)                     (>= (+ (* 1.1111111111? x!0) (* (- 1.1111111111?) x!5))                         (- 309.1554653760?))))           (a!93 (or (<= x!4 19.0)                     (>= (+ (* 1.1111111111? x!0) (* (- 1.1111111111?) x!5))                         (- 278.2399188384?))))           (a!94 (or (<= x!4 20.0)                     (>= (+ (* 1.1111111111? x!0) (* (- 1.1111111111?) x!5))                         (- 250.4159269545?))))           (a!95 (or (<= x!4 21.0)                     (>= (+ (* 1.2345679012? x!0) (* (- 1.2345679012?) x!5))                         (- 250.4159269545?))))           (a!96 (or (<= x!4 22.0)                     (>= (+ (* 1.3717421124? x!0) (* (- 1.3717421124?) x!5))                         (- 250.4159269545?))))           (a!97 (or (<= x!4 23.0)                     (>= (+ (* 1.1111111111? x!0) (* (- 1.1111111111?) x!5))                         (- 182.5532107498?))))           (a!98 (or (<= x!4 24.0)                     (>= (+ (* 1.1111111111? x!0) (* (- 1.1111111111?) x!5))                         (- 164.2978896748?))))           (a!99 (or (<= x!4 25.0)                     (>= (+ (* 1.2345679012? x!0) (* (- 1.2345679012?) x!5))                         (- 164.2978896748?))))           (a!100 (or (<= x!4 26.0)                      (>= (+ (* 1.1111111111? x!0) (* (- 1.1111111111?) x!5))                          (- 133.0812906366?))))           (a!101 (or (<= x!4 27.0)                      (>= (+ (* 1.2345679012? x!0) (* (- 1.2345679012?) x!5))                          (- 133.0812906366?))))           (a!102 (or (<= x!4 28.0)                      (>= (+ (* 1.1111111111? x!0) (* (- 1.1111111111?) x!5))                          (- 107.7958454157?))))           (a!103 (or (<= x!4 29.0)                      (>= (+ (* 1.1111111111? x!0) (* (- 1.1111111111?) x!5))                          (- 97.0162608741?))))           (a!104 (or (<= x!4 30.0)                      (>= (+ (* 1.1111111111? x!0) (* (- 1.1111111111?) x!5))                          (- 87.3146347867?))))           (a!105 (or (<= x!4 31.0)                      (>= (+ (* 1.1111111111? x!0) (* (- 1.1111111111?) x!5))                          (- 78.5831713080?))))           (a!106 (or (<= x!4 32.0)                      (>= (+ (* 1.1111111111? x!0) (* (- 1.1111111111?) x!5))                          (- 70.7248541772?))))           (a!107 (or (<= x!4 33.0)                      (>= (+ (* 1.1111111111? x!0) (* (- 1.1111111111?) x!5))                          (- 63.6523687595?))))           (a!108 (or (<= x!4 34.0)                      (>= (+ (* 1.1111111111? x!0) (* (- 1.1111111111?) x!5))                          (- 57.2871318835?))))           (a!109 (or (<= x!4 35.0)                      (>= (+ (* 1.1111111111? x!0) (* (- 1.1111111111?) x!5))                          (- 51.5584186952?))))           (a!110 (or (<= x!4 36.0)                      (>= (+ (* 1.1111111111? x!0) (* (- 1.1111111111?) x!5))                          (- 46.4025768256?))))           (a!111 (or (<= x!4 37.0)                      (>= (+ (* 1.1111111111? x!0) (* (- 1.1111111111?) x!5))                          (- 41.7623191431?))))           (a!112 (or (<= x!4 38.0)                      (>= (+ (* 1.1111111111? x!0) (* (- 1.1111111111?) x!5))                          (- 37.5860872288?))))           (a!113 (or (<= x!4 39.0)                      (>= (+ (* 1.1111111111? x!0) (* (- 1.1111111111?) x!5))                          (- 33.8274785059?))))           (a!114 (or (<= x!4 40.0)                      (>= (+ (* 1.1111111111? x!0) (* (- 1.1111111111?) x!5))                          (- 30.4447306553?))))           (a!115 (or (<= x!4 41.0)                      (>= (+ (* 1.1111111111? x!0) (* (- 1.1111111111?) x!5))                          (- 27.4002575898?))))           (a!116 (or (<= x!4 42.0)                      (>= (+ (* 1.1111111111? x!0) (* (- 1.1111111111?) x!5))                          (- 24.6602318308?))))           (a!117 (or (<= x!4 43.0)                      (>= (+ (* 1.1111111111? x!0) (* (- 1.1111111111?) x!5))                          (- 22.1942086477?))))           (a!118 (or (<= x!4 44.0)                      (>= (+ (* 1.1111111111? x!0) (* (- 1.1111111111?) x!5))                          (- 19.9747877829?))))           (a!119 (or (<= x!4 45.0)                      (>= (+ (* 1.1111111111? x!0) (* (- 1.1111111111?) x!5))                          (- 17.9773090046?))))           (a!120 (or (<= x!4 46.0)                      (>= (+ (* 1.1111111111? x!0) (* (- 1.1111111111?) x!5))                          (- 16.1795781042?))))           (a!121 (or (<= x!4 47.0)                      (>= (+ (* 1.1111111111? x!0) (* (- 1.1111111111?) x!5))                          (- 14.5616202937?))))           (a!122 (or (<= x!4 48.0)                      (>= (+ (* 1.1111111111? x!0) (* (- 1.1111111111?) x!5))                          (- 13.1054582644?))))           (a!123 (or (<= x!4 49.0)                      (>= (+ (* 1.1111111111? x!0) (* (- 1.1111111111?) x!5))                          (- 11.7949124379?))))           (a!124 (or (<= x!4 50.0)                      (>= (+ (* 1.1111111111? x!0) (* (- 1.1111111111?) x!5))                          (- 10.6154211941?))))           (a!125 (or (<= x!4 51.0)                      (>= (+ (* 1.1111111111? x!0) (* (- 1.1111111111?) x!5))                          (- 9.5538790747?))))           (a!126 (or (<= x!4 52.0)                      (>= (+ (* 1.1111111111? x!0) (* (- 1.1111111111?) x!5))                          (- 8.5984911672?))))           (a!127 (or (<= x!4 53.0)                      (>= (+ (* 1.1111111111? x!0) (* (- 1.1111111111?) x!5))                          (- 7.7386420505?))))           (a!128 (or (<= x!4 54.0)                      (>= (+ (* 1.1111111111? x!0) (* (- 1.1111111111?) x!5))                          (- 6.9647778454?))))           (a!129 (or (<= x!4 55.0)                      (>= (+ (* 1.1111111111? x!0) (* (- 1.1111111111?) x!5))                          (- 6.2683000609?))))           (a!130 (or (<= x!4 56.0)                      (>= (+ (* 1.1111111111? x!0) (* (- 1.1111111111?) x!5))                          (- 5.6414700548?))))           (a!131 (or (<= x!4 57.0)                      (>= (+ (* 1.1111111111? x!0) (* (- 1.1111111111?) x!5))                          (- 5.0773230493?))))           (a!132 (or (<= x!4 58.0)                      (>= (+ (* 1.1111111111? x!0) (* (- 1.1111111111?) x!5))                          (- 4.5695907444?))))           (a!133 (or (<= x!4 59.0)                      (>= (+ (* 1.1111111111? x!0) (* (- 1.1111111111?) x!5))                          (- 4.1126316699?))))           (a!134 (or (<= x!4 60.0)                      (>= (+ (* 1.1111111111? x!0) (* (- 1.1111111111?) x!5))                          (- 3.7013685029?))))           (a!135 (or (<= x!4 61.0)                      (>= (+ (* 1.1111111111? x!0) (* (- 1.1111111111?) x!5))                          (- 3.3312316526?))))           (a!136 (or (<= x!4 62.0)                      (>= (+ (* 1.1111111111? x!0) (* (- 1.1111111111?) x!5))                          (- 2.9981084874?))))           (a!137 (or (<= x!4 63.0)                      (>= (+ (* 1.1111111111? x!0) (* (- 1.1111111111?) x!5))                          (- 2.6982976386?))))           (a!138 (or (<= x!4 64.0)                      (>= (+ (* 1.1111111111? x!0) (* (- 1.1111111111?) x!5))                          (- 2.4284678748?))))           (a!139 (or (<= x!4 65.0)                      (>= (+ (* 1.1111111111? x!0) (* (- 1.1111111111?) x!5))                          (- 2.1856210873?))))           (a!140 (or (<= x!4 66.0)                      (>= (+ (* 1.2345679012? x!0) (* (- 1.2345679012?) x!5))                          (- 2.1856210873?))))           (a!141 (or (<= x!4 67.0)                      (>= (+ (* 1.1111111111? x!0) (* (- 1.1111111111?) x!5))                          (- 1.7703530807?))))           (a!142 (or (<= x!4 68.0)                      (>= (+ (* 1.1111111111? x!0) (* (- 1.1111111111?) x!5))                          (- 1.5933177726?))))           (a!143 (or (<= x!4 69.0)                      (>= (+ (* 1.1111111111? x!0) (* (- 1.1111111111?) x!5))                          (- 1.4339859953?))))           (a!144 (or (>= (+ (* 1.1111111111? x!0) (* (- 1.1111111111?) x!5))                          (- 1.2905873958?))                      (not (>= x!4 101.0))))           (a!145 (or (>= (+ (* 1.1111111111? x!0) (* (- 1.1111111111?) x!5))                          (- 1.1615286562?))                      (not (>= x!4 102.0))))           (a!146 (or (>= (+ (* 0.531441 x!0) (* (- 0.531441) x!5)) (- 0.5))                      (not (>= x!4 103.0))))           (a!147 (or (>= (+ (* 0.59049 x!0) (* (- 0.59049) x!5)) (- 0.5))                      (not (>= x!4 104.0))))           (a!148 (or (>= (+ (* 0.6561 x!0) (* (- 0.6561) x!5)) (- 0.5))                      (not (>= x!4 105.0))))           (a!149 (or (not (>= x!4 106.0))                      (>= (+ (* 0.729 x!0) (* (- 0.729) x!5)) (- 0.5))))           (a!150 (or (not (>= x!4 107.0))                      (>= (+ (* 1.1111111111? x!0) (* (- 1.1111111111?) x!5))                          (- 0.6858710562?)))))       (and a!1            (<= (+ x!0 (* (- 1.0) x!5)) 2000.0)            a!2            a!3            a!4            a!5            a!6            a!7            a!8            a!9            a!10            a!11            a!12            a!13            a!14            a!15            a!16            a!17            a!18            a!19            a!20            a!21            a!22            a!23            a!24            a!25            a!26            a!27            a!28            a!29            a!30            a!31            a!32            a!33            a!34            a!35            a!36            a!37            a!38            a!39            a!40            a!41            a!42            a!43            a!44            a!45            a!46            a!47            a!48            a!49            a!50            a!51            a!52            a!53            a!54            a!55            a!56            a!57            a!58            a!59            a!60            a!61            a!62            a!63            a!64            a!65            a!66            a!67            a!68            a!69            a!70            a!71            a!72            a!73            (>= (+ (* 0.0002427494? x!0) (* (- 0.0002427494?) x!5)) (- 0.5))            a!74            a!75            a!76            a!77            a!78            a!79            a!80            a!81            a!82            a!83            a!84            a!85            a!86            a!87            a!88            a!89            a!90            a!91            a!92            a!93            a!94            a!95            a!96            a!97            a!98            a!99            a!100            a!101            a!102            a!103            a!104            a!105            a!106            a!107            a!108            a!109            a!110            a!111            a!112            a!113            a!114            a!115            a!116            a!117            a!118            a!119            a!120            a!121            a!122            a!123            a!124            a!125            a!126            a!127            a!128            a!129            a!130            a!131            a!132            a!133            a!134            a!135            a!136            a!137            a!138            a!139            a!140            a!141            a!142            a!143            a!144            a!145            a!146            a!147            a!148            a!149            a!150))) ),118.6728
p_0.00_2000.00_0.00_2000.00_0.1000_110.00_1.00_0.50.smt2,0.00,2000.00,0.00,2000.00,0.1000,110.00,1.00,0.50,Golem,sat,3.0998
p_0.00_2000.00_0.00_2000.00_0.1000_110.00_1.00_1.00.smt2,0.00,2000.00,0.00,2000.00,0.1000,110.00,1.00,1.00,Spacer,sat (   (define-fun Inv ((x!0 Real)    (x!1 Real)    (x!2 Real)    (x!3 Real)    (x!4 Real)    (x!5 Real)) Bool     (let ((a!1 (or (<= x!4 71.0) (>= (+ (* 0.9 x!0) (* (- 0.9) x!5)) (- 1.0))))           (a!2 (or (<= x!4 0.0)                    (<= (+ (* 0.0005075287? x!0) (* (- 0.0005075287?) x!5))                        0.9135518149?)))           (a!3 (or (<= x!4 1.0)                    (<= (+ (* 0.0005639208? x!0) (* (- 0.0005639208?) x!5)) 1.0)))           (a!4 (or (<= x!4 2.0)                    (<= (+ (* 0.0006265787? x!0) (* (- 0.0006265787?) x!5)) 1.0)))           (a!5 (or (<= x!4 3.0)                    (<= (+ (* 0.0006961986? x!0) (* (- 0.0006961986?) x!5)) 1.0)))           (a!6 (or (<= x!4 4.0)                    (<= (+ (* 1.1111111111? x!0) (* (- 1.1111111111?) x!5))                        1436.3717291081?)))           (a!7 (or (<= x!4 5.0)                    (<= (+ (* 0.0008595044? x!0) (* (- 0.0008595044?) x!5)) 1.0)))           (a!8 (or (<= x!4 6.0)                    (<= (+ (* 0.0009550049? x!0) (* (- 0.0009550049?) x!5)) 1.0)))           (a!9 (or (<= x!4 7.0)                    (<= (+ (* 1.1111111111? x!0) (* (- 1.1111111111?) x!5))                        1047.1149905198?)))           (a!10 (or (<= x!4 8.0)                     (<= (+ (* 0.0011790184? x!0) (* (- 0.0011790184?) x!5)) 1.0)))           (a!11 (or (<= x!4 9.0)                     (<= (+ (* 0.0013100205? x!0) (* (- 0.0013100205?) x!5)) 1.0)))           (a!12 (or (<= x!4 10.0)                     (<= (+ (* 0.0014555783? x!0) (* (- 0.0014555783?) x!5)) 1.0)))           (a!13 (or (<= x!4 11.0)                     (<= (+ (* 0.0016173092? x!0) (* (- 0.0016173092?) x!5)) 1.0)))           (a!14 (or (<= x!4 12.0)                     (<= (+ (* 0.0017970102? x!0) (* (- 0.0017970102?) x!5)) 1.0)))           (a!15 (or (<= x!4 13.0)                     (<= (+ (* 0.0019966781? x!0) (* (- 0.0019966781?) x!5)) 1.0)))           (a!16 (or (<= x!4 14.0)                     (<= (+ (* 1.1111111111? x!0) (* (- 1.1111111111?) x!5))                         500.8318539091?)))           (a!17 (or (<= x!4 15.0)                     (<= (+ (* 1.1111111111? x!0) (* (- 1.1111111111?) x!5))                         450.7486685182?)))           (a!18 (or (<= x!4 16.0)                     (<= (+ (* 1.1111111111? x!0) (* (- 1.1111111111?) x!5))                         405.6738016664?)))           (a!19 (or (<= x!4 17.0)                     (<= (+ (* 1.1111111111? x!0) (* (- 1.1111111111?) x!5))                         365.1064214997?)))           (a!20 (or (<= x!4 18.0)                     (<= (+ (* 1.1111111111? x!0) (* (- 1.1111111111?) x!5))                         328.5957793497?)))           (a!21 (or (<= x!4 19.0)                     (<= (+ (* 1.1111111111? x!0) (* (- 1.1111111111?) x!5))                         295.7362014148?)))           (a!22 (or (<= x!4 20.0)                     (<= (+ (* 0.0041745579? x!0) (* (- 0.0041745579?) x!5)) 1.0)))           (a!23 (or (<= x!4 21.0)                     (<= (+ (* 0.0046383976? x!0) (* (- 0.0046383976?) x!5)) 1.0)))           (a!24 (or (<= x!4 22.0)                     (<= (+ (* 1.1111111111? x!0) (* (- 1.1111111111?) x!5))                         215.5916908314?)))           (a!25 (or (<= x!4 23.0)                     (<= (+ (* 1.1111111111? x!0) (* (- 1.1111111111?) x!5))                         194.0325217482?)))           (a!26 (or (<= x!4 24.0)                     (<= (+ (* 0.0063626854? x!0) (* (- 0.0063626854?) x!5)) 1.0)))           (a!27 (or (<= x!4 25.0)                     (<= (+ (* 0.0070696504? x!0) (* (- 0.0070696504?) x!5)) 1.0)))           (a!28 (or (<= x!4 26.0)                     (<= (+ (* 0.0078551672? x!0) (* (- 0.0078551672?) x!5)) 1.0)))           (a!29 (or (<= x!4 27.0)                     (<= (+ (* 1.1111111111? x!0) (* (- 1.1111111111?) x!5))                         127.3047375190?)))           (a!30 (or (<= x!4 28.0)                     (<= (+ (* 1.1111111111? x!0) (* (- 1.1111111111?) x!5))                         114.5742637671?)))           (a!31 (or (<= x!4 29.0)                     (<= (+ (* 1.1111111111? x!0) (* (- 1.1111111111?) x!5))                         103.1168373904?)))           (a!32 (or (<= x!4 30.0)                     (<= (+ (* 1.1111111111? x!0) (* (- 1.1111111111?) x!5))                         92.8051536513?)))           (a!33 (or (<= x!4 31.0)                     (<= (+ (* 1.1111111111? x!0) (* (- 1.1111111111?) x!5))                         83.5246382862?)))           (a!34 (or (<= x!4 32.0)                     (<= (+ (* 1.1111111111? x!0) (* (- 1.1111111111?) x!5))                         75.1721744576?)))           (a!35 (or (<= x!4 33.0)                     (<= (+ (* 1.1111111111? x!0) (* (- 1.1111111111?) x!5))                         67.6549570118?)))           (a!36 (or (<= x!4 34.0)                     (<= (+ (* 1.1111111111? x!0) (* (- 1.1111111111?) x!5))                         60.8894613106?)))           (a!37 (or (<= x!4 35.0)                     (<= (+ (* 1.1111111111? x!0) (* (- 1.1111111111?) x!5))                         54.8005151796?)))           (a!38 (or (<= x!4 36.0)                     (<= (+ (* 1.1111111111? x!0) (* (- 1.1111111111?) x!5))                         49.3204636616?)))           (a!39 (or (<= x!4 37.0)                     (<= (+ (* 1.1111111111? x!0) (* (- 1.1111111111?) x!5))                         44.3884172954?)))           (a!40 (or (<= x!4 38.0)                     (<= (+ (* 1.1111111111? x!0) (* (- 1.1111111111?) x!5))                         39.9495755659?)))           (a!41 (or (<= x!4 39.0)                     (<= (+ (* 1.1111111111? x!0) (* (- 1.1111111111?) x!5))                         35.9546180093?)))           (a!42 (or (<= x!4 40.0)                     (<= (+ (* 1.1111111111? x!0) (* (- 1.1111111111?) x!5))                         32.3591562084?)))           (a!43 (or (<= x!4 41.0)                     (<= (+ (* 1.1111111111? x!0) (* (- 1.1111111111?) x!5))                         29.1232405875?)))           (a!44 (or (<= x!4 42.0)                     (<= (+ (* 1.1111111111? x!0) (* (- 1.1111111111?) x!5))                         26.2109165288?)))           (a!45 (or (<= x!4 43.0)                     (<= (+ (* 1.1111111111? x!0) (* (- 1.1111111111?) x!5))                         23.5898248759?)))           (a!46 (or (<= x!4 44.0)                     (<= (+ (* 1.1111111111? x!0) (* (- 1.1111111111?) x!5))                         21.2308423883?)))           (a!47 (or (<= x!4 45.0)                     (<= (+ (* 1.1111111111? x!0) (* (- 1.1111111111?) x!5))                         19.1077581494?)))           (a!48 (or (<= x!4 46.0)                     (<= (+ (* 1.1111111111? x!0) (* (- 1.1111111111?) x!5))                         17.1969823345?)))           (a!49 (or (<= x!4 47.0)                     (<= (+ (* 1.1111111111? x!0) (* (- 1.1111111111?) x!5))                         15.4772841010?)))           (a!50 (or (<= x!4 48.0)                     (<= (+ (* 1.1111111111? x!0) (* (- 1.1111111111?) x!5))                         13.9295556909?)))           (a!51 (or (<= x!4 49.0)                     (<= (+ (* 1.1111111111? x!0) (* (- 1.1111111111?) x!5))                         12.5366001218?)))           (a!52 (or (<= x!4 50.0)                     (<= (+ (* 1.1111111111? x!0) (* (- 1.1111111111?) x!5))                         11.2829401096?)))           (a!53 (or (<= x!4 51.0)                     (<= (+ (* 1.1111111111? x!0) (* (- 1.1111111111?) x!5))                         10.1546460987?)))           (a!54 (or (<= x!4 52.0)                     (<= (+ (* 1.1111111111? x!0) (* (- 1.1111111111?) x!5))                         9.1391814888?)))           (a!55 (or (<= x!4 53.0)                     (<= (+ (* 1.1111111111? x!0) (* (- 1.1111111111?) x!5))                         8.2252633399?)))           (a!56 (or (<= x!4 54.0)                     (<= (+ (* 1.1111111111? x!0) (* (- 1.1111111111?) x!5))                         7.4027370059?)))           (a!57 (or (<= x!4 55.0)                     (<= (+ (* 1.1111111111? x!0) (* (- 1.1111111111?) x!5))                         6.6624633053?)))           (a!58 (or (<= x!4 56.0)                     (<= (+ (* 1.1111111111? x!0) (* (- 1.1111111111?) x!5))                         5.9962169748?)))           (a!59 (or (<= x!4 57.0)                     (<= (+ (* 1.1111111111? x!0) (* (- 1.1111111111?) x!5))                         5.3965952773?)))           (a!60 (or (<= x!4 58.0)                     (<= (+ (* 1.1111111111? x!0) (* (- 1.1111111111?) x!5))                         4.8569357496?)))           (a!61 (or (<= x!4 59.0)                     (<= (+ (* 1.1111111111? x!0) (* (- 1.1111111111?) x!5))                         4.3712421746?)))           (a!62 (or (<= x!4 60.0)                     (<= (+ (* 1.1111111111? x!0) (* (- 1.1111111111?) x!5))                         3.9341179571?)))           (a!63 (or (<= x!4 61.0)                     (<= (+ (* 1.1111111111? x!0) (* (- 1.1111111111?) x!5))                         3.5407061614?)))           (a!64 (or (<= x!4 62.0)                     (<= (+ (* 1.1111111111? x!0) (* (- 1.1111111111?) x!5))                         3.1866355453?)))           (a!65 (or (<= x!4 63.0)                     (<= (+ (* 1.1111111111? x!0) (* (- 1.1111111111?) x!5))                         2.8679719907?)))           (a!66 (or (<= x!4 64.0)                     (<= (+ (* 1.1111111111? x!0) (* (- 1.1111111111?) x!5))                         2.5811747917?)))           (a!67 (or (<= x!4 65.0)                     (<= (+ (* 0.4782969 x!0) (* (- 0.4782969) x!5)) 1.0)))           (a!68 (or (<= x!4 66.0)                     (<= (+ (* 0.531441 x!0) (* (- 0.531441) x!5)) 1.0)))           (a!69 (or (<= x!4 67.0)                     (<= (+ (* 1.1111111111? x!0) (* (- 1.1111111111?) x!5))                         1.8816764231?)))           (a!70 (or (<= x!4 68.0)                     (<= (+ (* 1.1111111111? x!0) (* (- 1.1111111111?) x!5))                         1.6935087808?)))           (a!71 (or (<= x!4 69.0) (<= (+ (* 0.729 x!0) (* (- 0.729) x!5)) 1.0)))           (a!72 (or (<= x!4 70.0) (<= (+ (* 0.81 x!0) (* (- 0.81) x!5)) 1.0)))           (a!73 (or (<= (+ (* 1.1111111111? x!0) (* (- 1.1111111111?) x!5))                         1.2345679012?)                     (not (>= x!4 108.0))))           (a!74 (or (<= x!4 0.0)                     (>= (+ (* 0.0005075287? x!0) (* (- 0.0005075287?) x!5))                         (- 1.0))))           (a!75 (or (<= x!4 1.0)                     (>= (+ (* 1.1111111111? x!0) (* (- 1.1111111111?) x!5))                         (- 1970.3315899974?))))           (a!76 (or (<= x!4 2.0)                     (>= (+ (* 1.1111111111? x!0) (* (- 1.1111111111?) x!5))                         (- 1773.2984309976?))))           (a!77 (or (<= x!4 3.0)                     (>= (+ (* 1.1111111111? x!0) (* (- 1.1111111111?) x!5))                         (- 1595.9685878979?))))           (a!78 (or (<= x!4 4.0)                     (>= (+ (* 1.1111111111? x!0) (* (- 1.1111111111?) x!5))                         (- 1436.3717291081?))))           (a!79 (or (<= x!4 5.0)                     (>= (+ (* 1.1111111111? x!0) (* (- 1.1111111111?) x!5))                         (- 1292.7345561973?))))           (a!80 (or (<= x!4 6.0)                     (>= (+ (* 1.1111111111? x!0) (* (- 1.1111111111?) x!5))                         (- 1163.4611005775?))))           (a!81 (or (<= x!4 7.0)                     (>= (+ (* 1.2345679012? x!0) (* (- 1.2345679012?) x!5))                         (- 1163.4611005775?))))           (a!82 (or (<= x!4 8.0)                     (>= (+ (* 1.1111111111? x!0) (* (- 1.1111111111?) x!5))                         (- 942.4034914678?))))           (a!83 (or (<= x!4 9.0)                     (>= (+ (* 1.1111111111? x!0) (* (- 1.1111111111?) x!5))                         (- 848.1631423210?))))           (a!84 (or (<= x!4 10.0)                     (>= (+ (* 1.1111111111? x!0) (* (- 1.1111111111?) x!5))                         (- 763.3468280889?))))           (a!85 (or (<= x!4 11.0)                     (>= (+ (* 1.1111111111? x!0) (* (- 1.1111111111?) x!5))                         (- 687.0121452800?))))           (a!86 (or (<= x!4 12.0)                     (>= (+ (* 1.1111111111? x!0) (* (- 1.1111111111?) x!5))                         (- 618.3109307520?))))           (a!87 (or (<= x!4 13.0)                     (>= (+ (* 1.1111111111? x!0) (* (- 1.1111111111?) x!5))                         (- 556.4798376768?))))           (a!88 (or (<= x!4 14.0)                     (>= (+ (* 1.2345679012? x!0) (* (- 1.2345679012?) x!5))                         (- 556.4798376768?))))           (a!89 (or (<= x!4 15.0)                     (>= (+ (* 1.1111111111? x!0) (* (- 1.1111111111?) x!5))                         (- 450.7486685182?))))           (a!90 (or (<= x!4 16.0)                     (>= (+ (* 1.1111111111? x!0) (* (- 1.1111111111?) x!5))                         (- 405.6738016664?))))           (a!91 (or (<= x!4 17.0)                     (>= (+ (* 1.1111111111? x!0) (* (- 1.1111111111?) x!5))                         (- 365.1064214997?))))           (a!92 (or (<= x!4 18.0)                     (>= (+ (* 1.1111111111? x!0) (* (- 1.1111111111?) x!5))                         (- 328.5957793497?))))           (a!93 (or (<= x!4 19.0)                     (>= (+ (* 1.1111111111? x!0) (* (- 1.1111111111?) x!5))                         (- 295.7362014148?))))           (a!94 (or (<= x!4 20.0)                     (>= (+ (* 1.1111111111? x!0) (* (- 1.1111111111?) x!5))                         (- 266.1625812733?))))           (a!95 (or (<= x!4 21.0)                     (>= (+ (* 1.2345679012? x!0) (* (- 1.2345679012?) x!5))                         (- 266.1625812733?))))           (a!96 (or (<= x!4 22.0)                     (>= (+ (* 1.3717421124? x!0) (* (- 1.3717421124?) x!5))                         (- 266.1625812733?))))           (a!97 (or (<= x!4 23.0)                     (>= (+ (* 1.1111111111? x!0) (* (- 1.1111111111?) x!5))                         (- 194.0325217482?))))           (a!98 (or (<= x!4 24.0)                     (>= (+ (* 1.1111111111? x!0) (* (- 1.1111111111?) x!5))                         (- 174.6292695734?))))           (a!99 (or (<= x!4 25.0)                     (>= (+ (* 1.2345679012? x!0) (* (- 1.2345679012?) x!5))                         (- 174.6292695734?))))           (a!100 (or (<= x!4 26.0)                      (>= (+ (* 1.1111111111? x!0) (* (- 1.1111111111?) x!5))                          (- 141.4497083544?))))           (a!101 (or (<= x!4 27.0)                      (>= (+ (* 1.2345679012? x!0) (* (- 1.2345679012?) x!5))                          (- 141.4497083544?))))           (a!102 (or (<= x!4 28.0)                      (>= (+ (* 1.1111111111? x!0) (* (- 1.1111111111?) x!5))                          (- 114.5742637671?))))           (a!103 (or (<= x!4 29.0)                      (>= (+ (* 1.1111111111? x!0) (* (- 1.1111111111?) x!5))                          (- 103.1168373904?))))           (a!104 (or (<= x!4 30.0)                      (>= (+ (* 1.1111111111? x!0) (* (- 1.1111111111?) x!5))                          (- 92.8051536513?))))           (a!105 (or (<= x!4 31.0)                      (>= (+ (* 1.1111111111? x!0) (* (- 1.1111111111?) x!5))                          (- 83.5246382862?))))           (a!106 (or (<= x!4 32.0)                      (>= (+ (* 1.1111111111? x!0) (* (- 1.1111111111?) x!5))                          (- 75.1721744576?))))           (a!107 (or (<= x!4 33.0)                      (>= (+ (* 1.1111111111? x!0) (* (- 1.1111111111?) x!5))                          (- 67.6549570118?))))           (a!108 (or (<= x!4 34.0)                      (>= (+ (* 1.1111111111? x!0) (* (- 1.1111111111?) x!5))                          (- 60.8894613106?))))           (a!109 (or (<= x!4 35.0)                      (>= (+ (* 1.1111111111? x!0) (* (- 1.1111111111?) x!5))                          (- 54.8005151796?))))           (a!110 (or (<= x!4 36.0)                      (>= (+ (* 1.1111111111? x!0) (* (- 1.1111111111?) x!5))                          (- 49.3204636616?))))           (a!111 (or (<= x!4 37.0)                      (>= (+ (* 1.1111111111? x!0) (* (- 1.1111111111?) x!5))                          (- 44.3884172954?))))           (a!112 (or (<= x!4 38.0)                      (>= (+ (* 1.1111111111? x!0) (* (- 1.1111111111?) x!5))                          (- 39.9495755659?))))           (a!113 (or (<= x!4 39.0)                      (>= (+ (* 1.1111111111? x!0) (* (- 1.1111111111?) x!5))                          (- 35.9546180093?))))           (a!114 (or (<= x!4 40.0)                      (>= (+ (* 1.1111111111? x!0) (* (- 1.1111111111?) x!5))                          (- 32.3591562084?))))           (a!115 (or (<= x!4 41.0)                      (>= (+ (* 1.1111111111? x!0) (* (- 1.1111111111?) x!5))                          (- 29.1232405875?))))           (a!116 (or (<= x!4 42.0)                      (>= (+ (* 1.1111111111? x!0) (* (- 1.1111111111?) x!5))                          (- 26.2109165288?))))           (a!117 (or (<= x!4 43.0)                      (>= (+ (* 1.1111111111? x!0) (* (- 1.1111111111?) x!5))                          (- 23.5898248759?))))           (a!118 (or (<= x!4 44.0)                      (>= (+ (* 1.1111111111? x!0) (* (- 1.1111111111?) x!5))                          (- 21.2308423883?))))           (a!119 (or (<= x!4 45.0)                      (>= (+ (* 1.1111111111? x!0) (* (- 1.1111111111?) x!5))                          (- 19.1077581494?))))           (a!120 (or (<= x!4 46.0)                      (>= (+ (* 1.1111111111? x!0) (* (- 1.1111111111?) x!5))                          (- 17.1969823345?))))           (a!121 (or (<= x!4 47.0)                      (>= (+ (* 1.1111111111? x!0) (* (- 1.1111111111?) x!5))                          (- 15.4772841010?))))           (a!122 (or (<= x!4 48.0)                      (>= (+ (* 1.1111111111? x!0) (* (- 1.1111111111?) x!5))                          (- 13.9295556909?))))           (a!123 (or (<= x!4 49.0)                      (>= (+ (* 1.1111111111? x!0) (* (- 1.1111111111?) x!5))                          (- 12.5366001218?))))           (a!124 (or (<= x!4 50.0)                      (>= (+ (* 1.1111111111? x!0) (* (- 1.1111111111?) x!5))                          (- 11.2829401096?))))           (a!125 (or (<= x!4 51.0)                      (>= (+ (* 1.1111111111? x!0) (* (- 1.1111111111?) x!5))                          (- 10.1546460987?))))           (a!126 (or (<= x!4 52.0)                      (>= (+ (* 1.1111111111? x!0) (* (- 1.1111111111?) x!5))                          (- 9.1391814888?))))           (a!127 (or (<= x!4 53.0)                      (>= (+ (* 1.1111111111? x!0) (* (- 1.1111111111?) x!5))                          (- 8.2252633399?))))           (a!128 (or (<= x!4 54.0)                      (>= (+ (* 1.1111111111? x!0) (* (- 1.1111111111?) x!5))                          (- 7.4027370059?))))           (a!129 (or (<= x!4 55.0)                      (>= (+ (* 1.1111111111? x!0) (* (- 1.1111111111?) x!5))                          (- 6.6624633053?))))           (a!130 (or (<= x!4 56.0)                      (>= (+ (* 1.1111111111? x!0) (* (- 1.1111111111?) x!5))                          (- 5.9962169748?))))           (a!131 (or (<= x!4 57.0)                      (>= (+ (* 1.1111111111? x!0) (* (- 1.1111111111?) x!5))                          (- 5.3965952773?))))           (a!132 (or (<= x!4 58.0)                      (>= (+ (* 1.1111111111? x!0) (* (- 1.1111111111?) x!5))                          (- 4.8569357496?))))           (a!133 (or (<= x!4 59.0)                      (>= (+ (* 1.1111111111? x!0) (* (- 1.1111111111?) x!5))                          (- 4.3712421746?))))           (a!134 (or (<= x!4 60.0)                      (>= (+ (* 1.1111111111? x!0) (* (- 1.1111111111?) x!5))                          (- 3.9341179571?))))           (a!135 (or (<= x!4 61.0)                      (>= (+ (* 1.1111111111? x!0) (* (- 1.1111111111?) x!5))                          (- 3.5407061614?))))           (a!136 (or (<= x!4 62.0)                      (>= (+ (* 1.1111111111? x!0) (* (- 1.1111111111?) x!5))                          (- 3.1866355453?))))           (a!137 (or (<= x!4 63.0)                      (>= (+ (* 1.1111111111? x!0) (* (- 1.1111111111?) x!5))                          (- 2.8679719907?))))           (a!138 (or (<= x!4 64.0)                      (>= (+ (* 1.1111111111? x!0) (* (- 1.1111111111?) x!5))                          (- 2.5811747917?))))           (a!139 (or (<= x!4 65.0)                      (>= (+ (* 1.1111111111? x!0) (* (- 1.1111111111?) x!5))                          (- 2.3230573125?))))           (a!140 (or (<= x!4 66.0)                      (>= (+ (* 1.1111111111? x!0) (* (- 1.1111111111?) x!5))                          (- 2.0907515812?))))           (a!141 (or (<= x!4 67.0)                      (>= (+ (* 0.59049 x!0) (* (- 0.59049) x!5)) (- 1.0))))           (a!142 (or (<= x!4 68.0)                      (>= (+ (* 1.1111111111? x!0) (* (- 1.1111111111?) x!5))                          (- 1.6935087808?))))           (a!143 (or (<= x!4 69.0)                      (>= (+ (* 1.1111111111? x!0) (* (- 1.1111111111?) x!5))                          (- 1.5241579027?))))           (a!144 (or (<= x!4 70.0)                      (>= (+ (* 1.1111111111? x!0) (* (- 1.1111111111?) x!5))                          (- 1.3717421124?)))))       (and a!1            (<= (+ x!0 (* (- 1.0) x!5)) 2000.0)            a!2            a!3            a!4            a!5            a!6            a!7            a!8            a!9            a!10            a!11            a!12            a!13            a!14            a!15            a!16            a!17            a!18            a!19            a!20            a!21            a!22            a!23            a!24            a!25            a!26            a!27            a!28            a!29            a!30            a!31            a!32            a!33            a!34            a!35            a!36            a!37            a!38            a!39            a!40            a!41            a!42            a!43            a!44            a!45            a!46            a!47            a!48            a!49            a!50            a!51            a!52            a!53            a!54            a!55            a!56            a!57            a!58            a!59            a!60            a!61            a!62            a!63            a!64            a!65            a!66            a!67            a!68            a!69            a!70            a!71            a!72            a!73            (>= (+ (* 0.0004567759? x!0) (* (- 0.0004567759?) x!5)) (- 1.0))            a!74            a!75            a!76            a!77            a!78            a!79            a!80            a!81            a!82            a!83            a!84            a!85            a!86            a!87            a!88            a!89            a!90            a!91            a!92            a!93            a!94            a!95            a!96            a!97            a!98            a!99            a!100            a!101            a!102            a!103            a!104            a!105            a!106            a!107            a!108            a!109            a!110            a!111            a!112            a!113            a!114            a!115            a!116            a!117            a!118            a!119            a!120            a!121            a!122            a!123            a!124            a!125            a!126            a!127            a!128            a!129            a!130            a!131            a!132            a!133            a!134            a!135            a!136            a!137            a!138            a!139            a!140            a!141            a!142            a!143            a!144))) ),122.9935
p_0.00_2000.00_0.00_2000.00_0.1000_110.00_1.00_1.00.smt2,0.00,2000.00,0.00,2000.00,0.1000,110.00,1.00,1.00,Golem,sat,3.0615
p_0.00_2000.00_0.00_2000.00_0.1000_2582.50_0.50_0.50.smt2,0.00,2000.00,0.00,2000.00,0.1000,2582.50,0.50,0.50,Spacer,TIMEOUT,331.4005
p_0.00_2000.00_0.00_2000.00_0.1000_2582.50_0.50_0.50.smt2,0.00,2000.00,0.00,2000.00,0.1000,2582.50,0.50,0.50,Golem,TIMEOUT,332.2288
p_0.00_2000.00_0.00_2000.00_0.1000_2582.50_0.50_1.00.smt2,0.00,2000.00,0.00,2000.00,0.1000,2582.50,0.50,1.00,Spacer,TIMEOUT,335.6536
p_0.00_2000.00_0.00_2000.00_0.1000_2582.50_0.50_1.00.smt2,0.00,2000.00,0.00,2000.00,0.1000,2582.50,0.50,1.00,Golem,TIMEOUT,331.7240
p_0.00_2000.00_0.00_2000.00_0.1000_2582.50_1.00_0.50.smt2,0.00,2000.00,0.00,2000.00,0.1000,2582.50,1.00,0.50,Spacer,TIMEOUT,330.9166
p_0.00_2000.00_0.00_2000.00_0.1000_2582.50_1.00_0.50.smt2,0.00,2000.00,0.00,2000.00,0.1000,2582.50,1.00,0.50,Golem,TIMEOUT,332.3086
p_0.00_2000.00_0.00_2000.00_0.1000_2582.50_1.00_1.00.smt2,0.00,2000.00,0.00,2000.00,0.1000,2582.50,1.00,1.00,Spacer,TIMEOUT,335.8145
p_0.00_2000.00_0.00_2000.00_0.1000_2582.50_1.00_1.00.smt2,0.00,2000.00,0.00,2000.00,0.1000,2582.50,1.00,1.00,Golem,TIMEOUT,331.6319
p_0.00_2000.00_0.00_2000.00_0.1000_5055.00_0.50_0.50.smt2,0.00,2000.00,0.00,2000.00,0.1000,5055.00,0.50,0.50,Spacer,TIMEOUT,331.3726
p_0.00_2000.00_0.00_2000.00_0.1000_5055.00_0.50_0.50.smt2,0.00,2000.00,0.00,2000.00,0.1000,5055.00,0.50,0.50,Golem,TIMEOUT,335.9415
p_0.00_2000.00_0.00_2000.00_0.1000_5055.00_0.50_1.00.smt2,0.00,2000.00,0.00,2000.00,0.1000,5055.00,0.50,1.00,Spacer,TIMEOUT,320.2599
p_0.00_2000.00_0.00_2000.00_0.1000_5055.00_0.50_1.00.smt2,0.00,2000.00,0.00,2000.00,0.1000,5055.00,0.50,1.00,Golem,TIMEOUT,310.7168
p_0.00_2000.00_0.00_2000.00_0.1000_5055.00_1.00_0.50.smt2,0.00,2000.00,0.00,2000.00,0.1000,5055.00,1.00,0.50,Spacer,TIMEOUT,309.9877
p_0.00_2000.00_0.00_2000.00_0.1000_5055.00_1.00_0.50.smt2,0.00,2000.00,0.00,2000.00,0.1000,5055.00,1.00,0.50,Golem,TIMEOUT,300.5534
p_0.00_2000.00_0.00_2000.00_0.1000_5055.00_1.00_1.00.smt2,0.00,2000.00,0.00,2000.00,0.1000,5055.00,1.00,1.00,Spacer,TIMEOUT,300.2514
p_0.00_2000.00_0.00_2000.00_0.1000_5055.00_1.00_1.00.smt2,0.00,2000.00,0.00,2000.00,0.1000,5055.00,1.00,1.00,Golem,TIMEOUT,300.0539
p_0.00_2000.00_0.00_2000.00_0.1000_7527.50_0.50_0.50.smt2,0.00,2000.00,0.00,2000.00,0.1000,7527.50,0.50,0.50,Spacer,TIMEOUT,300.2473
p_0.00_2000.00_0.00_2000.00_0.1000_7527.50_0.50_0.50.smt2,0.00,2000.00,0.00,2000.00,0.1000,7527.50,0.50,0.50,Golem,TIMEOUT,300.1000
