Filename,Param_1,Param_2,Param_3,Param_4,Param_5,Param_6,Param_7,Param_8,Tool,Result,Time_Seconds
p_0.00_2000.00_0.00_2000.00_0.1000_7527.50_0.50_1.00.smt2,0.00,2000.00,0.00,2000.00,0.1000,7527.50,0.50,1.00,Spacer,TIMEOUT,300.2631
p_0.00_2000.00_0.00_2000.00_0.1000_7527.50_0.50_1.00.smt2,0.00,2000.00,0.00,2000.00,0.1000,7527.50,0.50,1.00,Golem,TIMEOUT,300.1155
p_0.00_2000.00_0.00_2000.00_0.1000_7527.50_1.00_0.50.smt2,0.00,2000.00,0.00,2000.00,0.1000,7527.50,1.00,0.50,Spacer,TIMEOUT,300.1980
p_0.00_2000.00_0.00_2000.00_0.1000_7527.50_1.00_0.50.smt2,0.00,2000.00,0.00,2000.00,0.1000,7527.50,1.00,0.50,Golem,TIMEOUT,300.1053
p_0.00_2000.00_0.00_2000.00_0.1000_7527.50_1.00_1.00.smt2,0.00,2000.00,0.00,2000.00,0.1000,7527.50,1.00,1.00,Spacer,TIMEOUT,300.2452
p_0.00_2000.00_0.00_2000.00_0.1000_7527.50_1.00_1.00.smt2,0.00,2000.00,0.00,2000.00,0.1000,7527.50,1.00,1.00,Golem,TIMEOUT,300.0538
p_0.00_2000.00_0.00_2000.00_0.1200_10000.00_0.50_0.50.smt2,0.00,2000.00,0.00,2000.00,0.1200,10000.00,0.50,0.50,Spacer,TIMEOUT,300.1592
p_0.00_2000.00_0.00_2000.00_0.1200_10000.00_0.50_0.50.smt2,0.00,2000.00,0.00,2000.00,0.1200,10000.00,0.50,0.50,Golem,TIMEOUT,300.1040
p_0.00_2000.00_0.00_2000.00_0.1200_10000.00_0.50_1.00.smt2,0.00,2000.00,0.00,2000.00,0.1200,10000.00,0.50,1.00,Spacer,TIMEOUT,300.2468
p_0.00_2000.00_0.00_2000.00_0.1200_10000.00_0.50_1.00.smt2,0.00,2000.00,0.00,2000.00,0.1200,10000.00,0.50,1.00,Golem,TIMEOUT,300.0432
p_0.00_2000.00_0.00_2000.00_0.1200_10000.00_1.00_0.50.smt2,0.00,2000.00,0.00,2000.00,0.1200,10000.00,1.00,0.50,Spacer,TIMEOUT,300.2450
p_0.00_2000.00_0.00_2000.00_0.1200_10000.00_1.00_0.50.smt2,0.00,2000.00,0.00,2000.00,0.1200,10000.00,1.00,0.50,Golem,TIMEOUT,300.1036
p_0.00_2000.00_0.00_2000.00_0.1200_10000.00_1.00_1.00.smt2,0.00,2000.00,0.00,2000.00,0.1200,10000.00,1.00,1.00,Spacer,TIMEOUT,300.2442
p_0.00_2000.00_0.00_2000.00_0.1200_10000.00_1.00_1.00.smt2,0.00,2000.00,0.00,2000.00,0.1200,10000.00,1.00,1.00,Golem,TIMEOUT,300.1036
p_0.00_2000.00_0.00_2000.00_0.1200_110.00_0.50_0.50.smt2,0.00,2000.00,0.00,2000.00,0.1200,110.00,0.50,0.50,Spacer,sat (   (define-fun Inv ((x!0 Real)    (x!1 Real)    (x!2 Real)    (x!3 Real)    (x!4 Real)    (x!5 Real)) Bool     (let ((a!1 (or (not (>= x!4 108.0))                    (>= (+ (* 1.1363636363? x!0) (* (- 1.1363636363?) x!5))                        (- 0.6456611570?))))           (a!2 (or (<= x!4 0.0)                    (<= (+ (* 0.0002798279? x!0) (* (- 0.0002798279?) x!5))                        0.4924971089?)))           (a!3 (or (<= x!4 1.0)                    (<= (+ (* 1.1363636363? x!0) (* (- 1.1363636363?) x!5))                        1786.8125194273?)))           (a!4 (or (not (>= x!4 48.0))                    (<= (+ (* 0.0004106227? x!0) (* (- 0.0004106227?) x!5)) 0.5)))           (a!5 (or (not (>= x!4 47.0))                    (<= (+ (* 1.1363636363? x!0) (* (- 1.1363636363?) x!5))                        1572.3950170960?)))           (a!6 (or (not (>= x!4 49.0))                    (<= (+ (* 0.0004666167? x!0) (* (- 0.0004666167?) x!5)) 0.5)))           (a!7 (or (not (>= x!4 50.0))                    (<= (+ (* 0.0005302463? x!0) (* (- 0.0005302463?) x!5)) 0.5)))           (a!8 (or (not (>= x!4 51.0))                    (<= (+ (* 0.0006025526? x!0) (* (- 0.0006025526?) x!5)) 0.5)))           (a!9 (or (not (>= x!4 52.0))                    (<= (+ (* 0.0006847188? x!0) (* (- 0.0006847188?) x!5)) 0.5)))           (a!10 (or (not (>= x!4 53.0))                     (<= (+ (* 0.0007780896? x!0) (* (- 0.0007780896?) x!5)) 0.5)))           (a!11 (or (not (>= x!4 54.0))                     (<= (+ (* 0.0008841927? x!0) (* (- 0.0008841927?) x!5)) 0.5)))           (a!12 (or (not (>= x!4 55.0))                     (<= (+ (* 0.0010047645? x!0) (* (- 0.0010047645?) x!5)) 0.5)))           (a!13 (or (not (>= x!4 56.0))                     (<= (+ (* 0.0011417778? x!0) (* (- 0.0011417778?) x!5)) 0.5)))           (a!14 (or (not (>= x!4 57.0))                     (<= (+ (* 0.0012974748? x!0) (* (- 0.0012974748?) x!5)) 0.5)))           (a!15 (or (not (>= x!4 58.0))                     (<= (+ (* 0.0014744032? x!0) (* (- 0.0014744032?) x!5)) 0.5)))           (a!16 (or (not (>= x!4 59.0))                     (<= (+ (* 0.0016754582? x!0) (* (- 0.0016754582?) x!5)) 0.5)))           (a!17 (or (not (>= x!4 60.0))                     (<= (+ (* 0.0019039298? x!0) (* (- 0.0019039298?) x!5)) 0.5)))           (a!18 (or (not (>= x!4 61.0))                     (<= (+ (* 0.0021635566? x!0) (* (- 0.0021635566?) x!5)) 0.5)))           (a!19 (or (not (>= x!4 62.0))                     (<= (+ (* 0.0024585870? x!0) (* (- 0.0024585870?) x!5)) 0.5)))           (a!20 (or (not (>= x!4 63.0))                     (<= (+ (* 0.0027938489? x!0) (* (- 0.0027938489?) x!5)) 0.5)))           (a!21 (or (not (>= x!4 64.0))                     (<= (+ (* 0.0031748283? x!0) (* (- 0.0031748283?) x!5)) 0.5)))           (a!22 (or (not (>= x!4 65.0))                     (<= (+ (* 0.0036077594? x!0) (* (- 0.0036077594?) x!5)) 0.5)))           (a!23 (or (not (>= x!4 66.0))                     (<= (+ (* 0.0040997266? x!0) (* (- 0.0040997266?) x!5)) 0.5)))           (a!24 (or (not (>= x!4 67.0))                     (<= (+ (* 0.0046587802? x!0) (* (- 0.0046587802?) x!5)) 0.5)))           (a!25 (or (not (>= x!4 68.0))                     (<= (+ (* 0.0052940685? x!0) (* (- 0.0052940685?) x!5)) 0.5)))           (a!26 (or (not (>= x!4 69.0))                     (<= (+ (* 0.0060159869? x!0) (* (- 0.0060159869?) x!5)) 0.5)))           (a!27 (or (not (>= x!4 70.0))                     (<= (+ (* 0.0068363488? x!0) (* (- 0.0068363488?) x!5)) 0.5)))           (a!28 (or (not (>= x!4 71.0))                     (<= (+ (* 0.0077685781? x!0) (* (- 0.0077685781?) x!5)) 0.5)))           (a!29 (or (not (>= x!4 72.0))                     (<= (+ (* 0.0088279297? x!0) (* (- 0.0088279297?) x!5)) 0.5)))           (a!30 (or (not (>= x!4 73.0))                     (<= (+ (* 0.0100317383? x!0) (* (- 0.0100317383?) x!5)) 0.5)))           (a!31 (or (not (>= x!4 74.0))                     (<= (+ (* 0.0113997027? x!0) (* (- 0.0113997027?) x!5)) 0.5)))           (a!32 (or (not (>= x!4 75.0))                     (<= (+ (* 0.0129542076? x!0) (* (- 0.0129542076?) x!5)) 0.5)))           (a!33 (or (not (>= x!4 76.0))                     (<= (+ (* 0.0147206904? x!0) (* (- 0.0147206904?) x!5)) 0.5)))           (a!34 (or (not (>= x!4 77.0))                     (<= (+ (* 0.0167280573? x!0) (* (- 0.0167280573?) x!5)) 0.5)))           (a!35 (or (not (>= x!4 78.0))                     (<= (+ (* 0.0190091560? x!0) (* (- 0.0190091560?) x!5)) 0.5)))           (a!36 (or (not (>= x!4 79.0))                     (<= (+ (* 0.0216013137? x!0) (* (- 0.0216013137?) x!5)) 0.5)))           (a!37 (or (not (>= x!4 80.0))                     (<= (+ (* 0.0245469474? x!0) (* (- 0.0245469474?) x!5)) 0.5)))           (a!38 (or (not (>= x!4 81.0))                     (<= (+ (* 0.0278942584? x!0) (* (- 0.0278942584?) x!5)) 0.5)))           (a!39 (or (not (>= x!4 82.0))                     (<= (+ (* 0.0316980209? x!0) (* (- 0.0316980209?) x!5)) 0.5)))           (a!40 (or (not (>= x!4 83.0))                     (<= (+ (* 0.0360204783? x!0) (* (- 0.0360204783?) x!5)) 0.5)))           (a!41 (or (not (>= x!4 84.0))                     (<= (+ (* 0.0409323617? x!0) (* (- 0.0409323617?) x!5)) 0.5)))           (a!42 (or (not (>= x!4 85.0))                     (<= (+ (* 0.0465140474? x!0) (* (- 0.0465140474?) x!5)) 0.5)))           (a!43 (or (not (>= x!4 86.0))                     (<= (+ (* 0.0528568721? x!0) (* (- 0.0528568721?) x!5)) 0.5)))           (a!44 (or (not (>= x!4 87.0))                     (<= (+ (* 0.0600646273? x!0) (* (- 0.0600646273?) x!5)) 0.5)))           (a!45 (or (not (>= x!4 88.0))                     (<= (+ (* 0.0682552584? x!0) (* (- 0.0682552584?) x!5)) 0.5)))           (a!46 (or (not (>= x!4 89.0))                     (<= (+ (* 0.0775627936? x!0) (* (- 0.0775627936?) x!5)) 0.5)))           (a!47 (or (not (>= x!4 90.0))                     (<= (+ (* 0.0881395382? x!0) (* (- 0.0881395382?) x!5)) 0.5)))           (a!48 (or (not (>= x!4 91.0))                     (<= (+ (* 0.1001585661? x!0) (* (- 0.1001585661?) x!5)) 0.5)))           (a!49 (or (not (>= x!4 92.0))                     (<= (+ (* 0.1138165524? x!0) (* (- 0.1138165524?) x!5)) 0.5)))           (a!50 (or (not (>= x!4 93.0))                     (<= (+ (* 0.1293369914? x!0) (* (- 0.1293369914?) x!5)) 0.5)))           (a!51 (or (not (>= x!4 94.0))                     (<= (+ (* 0.1469738539? x!0) (* (- 0.1469738539?) x!5)) 0.5)))           (a!52 (or (not (>= x!4 95.0))                     (<= (+ (* 0.1670157430? x!0) (* (- 0.1670157430?) x!5)) 0.5)))           (a!53 (or (not (>= x!4 96.0))                     (<= (+ (* 0.1897906171? x!0) (* (- 0.1897906171?) x!5)) 0.5)))           (a!54 (or (not (>= x!4 97.0))                     (<= (+ (* 0.2156711558? x!0) (* (- 0.2156711558?) x!5)) 0.5)))           (a!55 (or (not (>= x!4 98.0))                     (<= (+ (* 0.2450808588? x!0) (* (- 0.2450808588?) x!5)) 0.5)))           (a!56 (or (not (>= x!4 99.0))                     (<= (+ (* 0.2785009760? x!0) (* (- 0.2785009760?) x!5)) 0.5)))           (a!57 (or (not (>= x!4 100.0))                     (<= (+ (* 0.3164783818? x!0) (* (- 0.3164783818?) x!5)) 0.5)))           (a!58 (or (not (>= x!4 101.0))                     (<= (+ (* 0.3596345248? x!0) (* (- 0.3596345248?) x!5)) 0.5)))           (a!59 (or (not (>= x!4 102.0))                     (<= (+ (* 0.4086755963? x!0) (* (- 0.4086755963?) x!5)) 0.5)))           (a!60 (or (not (>= x!4 103.0))                     (<= (+ (* 0.4644040867? x!0) (* (- 0.4644040867?) x!5)) 0.5)))           (a!61 (or (not (>= x!4 104.0))                     (<= (+ (* 0.5277319168 x!0) (* (- 0.5277319168) x!5)) 0.5)))           (a!62 (or (not (>= x!4 105.0))                     (<= (+ (* 0.59969536 x!0) (* (- 0.59969536) x!5)) 0.5)))           (a!63 (or (not (>= x!4 106.0))                     (<= (+ (* 0.681472 x!0) (* (- 0.681472) x!5)) 0.5)))           (a!64 (or (not (>= x!4 107.0))                     (<= (+ (* 0.7744 x!0) (* (- 0.7744) x!5)) 0.5)))           (a!65 (or (not (>= x!4 108.0))                     (<= (+ (* 0.88 x!0) (* (- 0.88) x!5)) 0.5)))           (a!66 (or (<= x!4 0.0)                     (>= (+ (* 0.0002798279? x!0) (* (- 0.0002798279?) x!5))                         (- 0.5))))           (a!67 (or (<= x!4 1.0)                     (>= (+ (* 0.0003179862? x!0) (* (- 0.0003179862?) x!5))                         (- 0.5))))           (a!68 (or (not (>= x!4 47.0))                     (>= (+ (* 0.0003613480? x!0) (* (- 0.0003613480?) x!5))                         (- 0.5))))           (a!69 (or (not (>= x!4 48.0))                     (>= (+ (* 1.1363636363? x!0) (* (- 1.1363636363?) x!5))                         (- 1383.7076150445?))))           (a!70 (or (not (>= x!4 49.0))                     (>= (+ (* 1.1363636363? x!0) (* (- 1.1363636363?) x!5))                         (- 1217.6627012391?))))           (a!71 (or (not (>= x!4 50.0))                     (>= (+ (* 1.1363636363? x!0) (* (- 1.1363636363?) x!5))                         (- 1071.5431770904?))))           (a!72 (or (not (>= x!4 51.0))                     (>= (+ (* 1.1363636363? x!0) (* (- 1.1363636363?) x!5))                         (- 942.9579958396?))))           (a!73 (or (not (>= x!4 52.0))                     (>= (+ (* 0.0006847188? x!0) (* (- 0.0006847188?) x!5))                         (- 0.5))))           (a!74 (or (not (>= x!4 53.0))                     (>= (+ (* 0.0007780896? x!0) (* (- 0.0007780896?) x!5))                         (- 0.5))))           (a!75 (or (not (>= x!4 54.0))                     (>= (+ (* 0.0008841927? x!0) (* (- 0.0008841927?) x!5))                         (- 0.5))))           (a!76 (or (not (>= x!4 55.0))                     (>= (+ (* 0.0010047645? x!0) (* (- 0.0010047645?) x!5))                         (- 0.5))))           (a!77 (or (not (>= x!4 56.0))                     (>= (+ (* 1.1363636363? x!0) (* (- 1.1363636363?) x!5))                         (- 497.6290306063?))))           (a!78 (or (not (>= x!4 57.0))                     (>= (+ (* 1.1363636363? x!0) (* (- 1.1363636363?) x!5))                         (- 437.9135469335?))))           (a!79 (or (not (>= x!4 58.0))                     (>= (+ (* 1.1363636363? x!0) (* (- 1.1363636363?) x!5))                         (- 385.3639213015?))))           (a!80 (or (not (>= x!4 59.0))                     (>= (+ (* 1.1363636363? x!0) (* (- 1.1363636363?) x!5))                         (- 339.1202507453?))))           (a!81 (or (not (>= x!4 60.0))                     (>= (+ (* 1.1363636363? x!0) (* (- 1.1363636363?) x!5))                         (- 298.4258206559?))))           (a!82 (or (not (>= x!4 61.0))                     (>= (+ (* 1.1363636363? x!0) (* (- 1.1363636363?) x!5))                         (- 262.6147221772?))))           (a!83 (or (not (>= x!4 62.0))                     (>= (+ (* 1.1363636363? x!0) (* (- 1.1363636363?) x!5))                         (- 231.1009555159?))))           (a!84 (or (not (>= x!4 63.0))                     (>= (+ (* 1.1363636363? x!0) (* (- 1.1363636363?) x!5))                         (- 203.3688408540?))))           (a!85 (or (not (>= x!4 64.0))                     (>= (+ (* 1.1363636363? x!0) (* (- 1.1363636363?) x!5))                         (- 178.9645799515?))))           (a!86 (or (not (>= x!4 65.0))                     (>= (+ (* 0.0036077594? x!0) (* (- 0.0036077594?) x!5))                         (- 0.5))))           (a!87 (or (not (>= x!4 66.0))                     (>= (+ (* 0.0040997266? x!0) (* (- 0.0040997266?) x!5))                         (- 0.5))))           (a!88 (or (not (>= x!4 67.0))                     (>= (+ (* 0.0046587802? x!0) (* (- 0.0046587802?) x!5))                         (- 0.5))))           (a!89 (or (not (>= x!4 68.0))                     (>= (+ (* 0.0052940685? x!0) (* (- 0.0052940685?) x!5))                         (- 0.5))))           (a!90 (or (not (>= x!4 69.0))                     (>= (+ (* 0.0060159869? x!0) (* (- 0.0060159869?) x!5))                         (- 0.5))))           (a!91 (or (not (>= x!4 70.0))                     (>= (+ (* 0.0068363488? x!0) (* (- 0.0068363488?) x!5))                         (- 0.5))))           (a!92 (or (not (>= x!4 71.0))                     (>= (+ (* 0.0077685781? x!0) (* (- 0.0077685781?) x!5))                         (- 0.5))))           (a!93 (or (not (>= x!4 72.0))                     (>= (+ (* 0.0088279297? x!0) (* (- 0.0088279297?) x!5))                         (- 0.5))))           (a!94 (or (not (>= x!4 73.0))                     (>= (+ (* 0.0100317383? x!0) (* (- 0.0100317383?) x!5))                         (- 0.5))))           (a!95 (or (not (>= x!4 74.0))                     (>= (+ (* 0.0113997027? x!0) (* (- 0.0113997027?) x!5))                         (- 0.5))))           (a!96 (or (not (>= x!4 75.0))                     (>= (+ (* 0.0129542076? x!0) (* (- 0.0129542076?) x!5))                         (- 0.5))))           (a!97 (or (not (>= x!4 76.0))                     (>= (+ (* 0.0147206904? x!0) (* (- 0.0147206904?) x!5))                         (- 0.5))))           (a!98 (or (not (>= x!4 77.0))                     (>= (+ (* 0.0167280573? x!0) (* (- 0.0167280573?) x!5))                         (- 0.5))))           (a!99 (or (not (>= x!4 78.0))                     (>= (+ (* 0.0190091560? x!0) (* (- 0.0190091560?) x!5))                         (- 0.5))))           (a!100 (or (not (>= x!4 79.0))                      (>= (+ (* 0.0216013137? x!0) (* (- 0.0216013137?) x!5))                          (- 0.5))))           (a!101 (or (not (>= x!4 80.0))                      (>= (+ (* 0.0245469474? x!0) (* (- 0.0245469474?) x!5))                          (- 0.5))))           (a!102 (or (not (>= x!4 81.0))                      (>= (+ (* 0.0278942584? x!0) (* (- 0.0278942584?) x!5))                          (- 0.5))))           (a!103 (or (not (>= x!4 82.0))                      (>= (+ (* 0.0316980209? x!0) (* (- 0.0316980209?) x!5))                          (- 0.5))))           (a!104 (or (not (>= x!4 83.0))                      (>= (+ (* 0.0360204783? x!0) (* (- 0.0360204783?) x!5))                          (- 0.5))))           (a!105 (or (not (>= x!4 84.0))                      (>= (+ (* 0.0409323617? x!0) (* (- 0.0409323617?) x!5))                          (- 0.5))))           (a!106 (or (not (>= x!4 85.0))                      (>= (+ (* 0.0465140474? x!0) (* (- 0.0465140474?) x!5))                          (- 0.5))))           (a!107 (or (not (>= x!4 86.0))                      (>= (+ (* 0.0528568721? x!0) (* (- 0.0528568721?) x!5))                          (- 0.5))))           (a!108 (or (not (>= x!4 87.0))                      (>= (+ (* 0.0600646273? x!0) (* (- 0.0600646273?) x!5))                          (- 0.5))))           (a!109 (or (not (>= x!4 88.0))                      (>= (+ (* 0.0682552584? x!0) (* (- 0.0682552584?) x!5))                          (- 0.5))))           (a!110 (or (not (>= x!4 89.0))                      (>= (+ (* 0.0775627936? x!0) (* (- 0.0775627936?) x!5))                          (- 0.5))))           (a!111 (or (not (>= x!4 90.0))                      (>= (+ (* 0.0881395382? x!0) (* (- 0.0881395382?) x!5))                          (- 0.5))))           (a!112 (or (not (>= x!4 91.0))                      (>= (+ (* 0.1001585661? x!0) (* (- 0.1001585661?) x!5))                          (- 0.5))))           (a!113 (or (not (>= x!4 92.0))                      (>= (+ (* 0.1138165524? x!0) (* (- 0.1138165524?) x!5))                          (- 0.5))))           (a!114 (or (not (>= x!4 93.0))                      (>= (+ (* 1.1363636363? x!0) (* (- 1.1363636363?) x!5))                          (- 4.3930341342?))))           (a!115 (or (not (>= x!4 94.0))                      (>= (+ (* 1.1363636363? x!0) (* (- 1.1363636363?) x!5))                          (- 3.8658700381?))))           (a!116 (or (not (>= x!4 95.0))                      (>= (+ (* 1.2913223140? x!0) (* (- 1.2913223140?) x!5))                          (- 3.8658700381?))))           (a!117 (or (not (>= x!4 96.0))                      (>= (+ (* 1.4674117205? x!0) (* (- 1.4674117205?) x!5))                          (- 3.8658700381?))))           (a!118 (or (not (>= x!4 97.0))                      (>= (+ (* 1.1363636363? x!0) (* (- 1.1363636363?) x!5))                          (- 2.6344821866?))))           (a!119 (or (not (>= x!4 98.0))                      (>= (+ (* 1.1363636363? x!0) (* (- 1.1363636363?) x!5))                          (- 2.3183443242?))))           (a!120 (or (not (>= x!4 99.0))                      (>= (+ (* 1.2913223140? x!0) (* (- 1.2913223140?) x!5))                          (- 2.3183443242?))))           (a!121 (or (not (>= x!4 100.0))                      (>= (+ (* 0.3164783818? x!0) (* (- 0.3164783818?) x!5))                          (- 0.5))))           (a!122 (or (not (>= x!4 101.0))                      (>= (+ (* 0.3596345248? x!0) (* (- 0.3596345248?) x!5))                          (- 0.5))))           (a!123 (or (not (>= x!4 102.0))                      (>= (+ (* 0.4086755963? x!0) (* (- 0.4086755963?) x!5))                          (- 0.5))))           (a!124 (or (not (>= x!4 103.0))                      (>= (+ (* 1.1363636363? x!0) (* (- 1.1363636363?) x!5))                          (- 1.2234642940?))))           (a!125 (or (not (>= x!4 104.0))                      (>= (+ (* 1.1363636363? x!0) (* (- 1.1363636363?) x!5))                          (- 1.0766485787?))))           (a!126 (or (not (>= x!4 105.0))                      (>= (+ (* 1.1363636363? x!0) (* (- 1.1363636363?) x!5))                          (- 0.9474507492?))))           (a!127 (or (not (>= x!4 106.0))                      (>= (+ (* 1.1363636363? x!0) (* (- 1.1363636363?) x!5))                          (- 0.8337566593?))))           (a!128 (or (not (>= x!4 107.0))                      (>= (+ (* 1.1363636363? x!0) (* (- 1.1363636363?) x!5))                          (- 0.7337058602?)))))       (and a!1            (<= (+ x!0 (* (- 1.0) x!5)) 2000.0)            a!2            a!3            a!4            a!5            a!6            a!7            a!8            a!9            a!10            a!11            a!12            a!13            a!14            a!15            a!16            a!17            a!18            a!19            a!20            a!21            a!22            a!23            a!24            a!25            a!26            a!27            a!28            a!29            a!30            a!31            a!32            a!33            a!34            a!35            a!36            a!37            a!38            a!39            a!40            a!41            a!42            a!43            a!44            a!45            a!46            a!47            a!48            a!49            a!50            a!51            a!52            a!53            a!54            a!55            a!56            a!57            a!58            a!59            a!60            a!61            a!62            a!63            a!64            a!65            (>= (+ (* 0.0002462485? x!0) (* (- 0.0002462485?) x!5)) (- 0.5))            a!66            a!67            a!68            a!69            a!70            a!71            a!72            a!73            a!74            a!75            a!76            a!77            a!78            a!79            a!80            a!81            a!82            a!83            a!84            a!85            a!86            a!87            a!88            a!89            a!90            a!91            a!92            a!93            a!94            a!95            a!96            a!97            a!98            a!99            a!100            a!101            a!102            a!103            a!104            a!105            a!106            a!107            a!108            a!109            a!110            a!111            a!112            a!113            a!114            a!115            a!116            a!117            a!118            a!119            a!120            a!121            a!122            a!123            a!124            a!125            a!126            a!127            a!128))) ),71.9596
p_0.00_2000.00_0.00_2000.00_0.1200_110.00_0.50_0.50.smt2,0.00,2000.00,0.00,2000.00,0.1200,110.00,0.50,0.50,Golem,sat,3.3719
p_0.00_2000.00_0.00_2000.00_0.1200_110.00_0.50_1.00.smt2,0.00,2000.00,0.00,2000.00,0.1200,110.00,0.50,1.00,Spacer,sat (   (define-fun Inv ((x!0 Real)    (x!1 Real)    (x!2 Real)    (x!3 Real)    (x!4 Real)    (x!5 Real)) Bool     (let ((a!1 (or (not (>= x!4 108.0))                    (>= (+ (* 1.1363636363? x!0) (* (- 1.1363636363?) x!5))                        (- 1.2913223140?))))           (a!2 (or (<= x!4 0.0)                    (<= (+ (* 0.0002798279? x!0) (* (- 0.0002798279?) x!5))                        0.4924971089?)))           (a!3 (or (<= x!4 1.0)                    (<= (+ (* 1.1363636363? x!0) (* (- 1.1363636363?) x!5))                        1786.8125194273?)))           (a!4 (or (not (>= x!4 48.0))                    (<= (+ (* 0.0004106227? x!0) (* (- 0.0004106227?) x!5)) 0.5)))           (a!5 (or (not (>= x!4 47.0))                    (<= (+ (* 1.1363636363? x!0) (* (- 1.1363636363?) x!5))                        1572.3950170960?)))           (a!6 (or (not (>= x!4 49.0))                    (<= (+ (* 0.0004666167? x!0) (* (- 0.0004666167?) x!5)) 0.5)))           (a!7 (or (not (>= x!4 50.0))                    (<= (+ (* 0.0005302463? x!0) (* (- 0.0005302463?) x!5)) 0.5)))           (a!8 (or (not (>= x!4 51.0))                    (<= (+ (* 0.0006025526? x!0) (* (- 0.0006025526?) x!5)) 0.5)))           (a!9 (or (not (>= x!4 52.0))                    (<= (+ (* 0.0006847188? x!0) (* (- 0.0006847188?) x!5)) 0.5)))           (a!10 (or (not (>= x!4 53.0))                     (<= (+ (* 0.0007780896? x!0) (* (- 0.0007780896?) x!5)) 0.5)))           (a!11 (or (not (>= x!4 54.0))                     (<= (+ (* 0.0008841927? x!0) (* (- 0.0008841927?) x!5)) 0.5)))           (a!12 (or (not (>= x!4 55.0))                     (<= (+ (* 0.0010047645? x!0) (* (- 0.0010047645?) x!5)) 0.5)))           (a!13 (or (not (>= x!4 56.0))                     (<= (+ (* 0.0011417778? x!0) (* (- 0.0011417778?) x!5)) 0.5)))           (a!14 (or (not (>= x!4 57.0))                     (<= (+ (* 0.0012974748? x!0) (* (- 0.0012974748?) x!5)) 0.5)))           (a!15 (or (not (>= x!4 58.0))                     (<= (+ (* 0.0014744032? x!0) (* (- 0.0014744032?) x!5)) 0.5)))           (a!16 (or (not (>= x!4 59.0))                     (<= (+ (* 0.0016754582? x!0) (* (- 0.0016754582?) x!5)) 0.5)))           (a!17 (or (not (>= x!4 60.0))                     (<= (+ (* 0.0019039298? x!0) (* (- 0.0019039298?) x!5)) 0.5)))           (a!18 (or (not (>= x!4 61.0))                     (<= (+ (* 0.0021635566? x!0) (* (- 0.0021635566?) x!5)) 0.5)))           (a!19 (or (not (>= x!4 62.0))                     (<= (+ (* 0.0024585870? x!0) (* (- 0.0024585870?) x!5)) 0.5)))           (a!20 (or (not (>= x!4 63.0))                     (<= (+ (* 0.0027938489? x!0) (* (- 0.0027938489?) x!5)) 0.5)))           (a!21 (or (not (>= x!4 64.0))                     (<= (+ (* 0.0031748283? x!0) (* (- 0.0031748283?) x!5)) 0.5)))           (a!22 (or (not (>= x!4 65.0))                     (<= (+ (* 0.0036077594? x!0) (* (- 0.0036077594?) x!5)) 0.5)))           (a!23 (or (not (>= x!4 66.0))                     (<= (+ (* 0.0040997266? x!0) (* (- 0.0040997266?) x!5)) 0.5)))           (a!24 (or (not (>= x!4 67.0))                     (<= (+ (* 0.0046587802? x!0) (* (- 0.0046587802?) x!5)) 0.5)))           (a!25 (or (not (>= x!4 68.0))                     (<= (+ (* 0.0052940685? x!0) (* (- 0.0052940685?) x!5)) 0.5)))           (a!26 (or (not (>= x!4 69.0))                     (<= (+ (* 0.0060159869? x!0) (* (- 0.0060159869?) x!5)) 0.5)))           (a!27 (or (not (>= x!4 70.0))                     (<= (+ (* 0.0068363488? x!0) (* (- 0.0068363488?) x!5)) 0.5)))           (a!28 (or (not (>= x!4 71.0))                     (<= (+ (* 0.0077685781? x!0) (* (- 0.0077685781?) x!5)) 0.5)))           (a!29 (or (not (>= x!4 72.0))                     (<= (+ (* 0.0088279297? x!0) (* (- 0.0088279297?) x!5)) 0.5)))           (a!30 (or (not (>= x!4 73.0))                     (<= (+ (* 0.0100317383? x!0) (* (- 0.0100317383?) x!5)) 0.5)))           (a!31 (or (not (>= x!4 74.0))                     (<= (+ (* 0.0113997027? x!0) (* (- 0.0113997027?) x!5)) 0.5)))           (a!32 (or (not (>= x!4 75.0))                     (<= (+ (* 0.0129542076? x!0) (* (- 0.0129542076?) x!5)) 0.5)))           (a!33 (or (not (>= x!4 76.0))                     (<= (+ (* 0.0147206904? x!0) (* (- 0.0147206904?) x!5)) 0.5)))           (a!34 (or (not (>= x!4 77.0))                     (<= (+ (* 0.0167280573? x!0) (* (- 0.0167280573?) x!5)) 0.5)))           (a!35 (or (not (>= x!4 78.0))                     (<= (+ (* 0.0190091560? x!0) (* (- 0.0190091560?) x!5)) 0.5)))           (a!36 (or (not (>= x!4 79.0))                     (<= (+ (* 0.0216013137? x!0) (* (- 0.0216013137?) x!5)) 0.5)))           (a!37 (or (not (>= x!4 80.0))                     (<= (+ (* 0.0245469474? x!0) (* (- 0.0245469474?) x!5)) 0.5)))           (a!38 (or (not (>= x!4 81.0))                     (<= (+ (* 0.0278942584? x!0) (* (- 0.0278942584?) x!5)) 0.5)))           (a!39 (or (not (>= x!4 82.0))                     (<= (+ (* 0.0316980209? x!0) (* (- 0.0316980209?) x!5)) 0.5)))           (a!40 (or (not (>= x!4 83.0))                     (<= (+ (* 0.0360204783? x!0) (* (- 0.0360204783?) x!5)) 0.5)))           (a!41 (or (not (>= x!4 84.0))                     (<= (+ (* 0.0409323617? x!0) (* (- 0.0409323617?) x!5)) 0.5)))           (a!42 (or (not (>= x!4 85.0))                     (<= (+ (* 0.0465140474? x!0) (* (- 0.0465140474?) x!5)) 0.5)))           (a!43 (or (not (>= x!4 86.0))                     (<= (+ (* 0.0528568721? x!0) (* (- 0.0528568721?) x!5)) 0.5)))           (a!44 (or (not (>= x!4 87.0))                     (<= (+ (* 0.0600646273? x!0) (* (- 0.0600646273?) x!5)) 0.5)))           (a!45 (or (not (>= x!4 88.0))                     (<= (+ (* 0.0682552584? x!0) (* (- 0.0682552584?) x!5)) 0.5)))           (a!46 (or (not (>= x!4 89.0))                     (<= (+ (* 0.0775627936? x!0) (* (- 0.0775627936?) x!5)) 0.5)))           (a!47 (or (not (>= x!4 90.0))                     (<= (+ (* 0.0881395382? x!0) (* (- 0.0881395382?) x!5)) 0.5)))           (a!48 (or (not (>= x!4 91.0))                     (<= (+ (* 0.1001585661? x!0) (* (- 0.1001585661?) x!5)) 0.5)))           (a!49 (or (not (>= x!4 92.0))                     (<= (+ (* 0.1138165524? x!0) (* (- 0.1138165524?) x!5)) 0.5)))           (a!50 (or (not (>= x!4 93.0))                     (<= (+ (* 0.1293369914? x!0) (* (- 0.1293369914?) x!5)) 0.5)))           (a!51 (or (not (>= x!4 94.0))                     (<= (+ (* 0.1469738539? x!0) (* (- 0.1469738539?) x!5)) 0.5)))           (a!52 (or (not (>= x!4 95.0))                     (<= (+ (* 0.1670157430? x!0) (* (- 0.1670157430?) x!5)) 0.5)))           (a!53 (or (not (>= x!4 96.0))                     (<= (+ (* 0.1897906171? x!0) (* (- 0.1897906171?) x!5)) 0.5)))           (a!54 (or (not (>= x!4 97.0))                     (<= (+ (* 0.2156711558? x!0) (* (- 0.2156711558?) x!5)) 0.5)))           (a!55 (or (not (>= x!4 98.0))                     (<= (+ (* 0.2450808588? x!0) (* (- 0.2450808588?) x!5)) 0.5)))           (a!56 (or (not (>= x!4 99.0))                     (<= (+ (* 0.2785009760? x!0) (* (- 0.2785009760?) x!5)) 0.5)))           (a!57 (or (not (>= x!4 100.0))                     (<= (+ (* 0.3164783818? x!0) (* (- 0.3164783818?) x!5)) 0.5)))           (a!58 (or (not (>= x!4 101.0))                     (<= (+ (* 0.3596345248? x!0) (* (- 0.3596345248?) x!5)) 0.5)))           (a!59 (or (not (>= x!4 102.0))                     (<= (+ (* 0.4086755963? x!0) (* (- 0.4086755963?) x!5)) 0.5)))           (a!60 (or (not (>= x!4 103.0))                     (<= (+ (* 0.4644040867? x!0) (* (- 0.4644040867?) x!5)) 0.5)))           (a!61 (or (not (>= x!4 104.0))                     (<= (+ (* 0.5277319168 x!0) (* (- 0.5277319168) x!5)) 0.5)))           (a!62 (or (not (>= x!4 105.0))                     (<= (+ (* 0.59969536 x!0) (* (- 0.59969536) x!5)) 0.5)))           (a!63 (or (not (>= x!4 106.0))                     (<= (+ (* 0.681472 x!0) (* (- 0.681472) x!5)) 0.5)))           (a!64 (or (not (>= x!4 107.0))                     (<= (+ (* 0.7744 x!0) (* (- 0.7744) x!5)) 0.5)))           (a!65 (or (not (>= x!4 108.0))                     (<= (+ (* 0.88 x!0) (* (- 0.88) x!5)) 0.5)))           (a!66 (or (<= x!4 0.0)                     (>= (+ (* 0.0005302463? x!0) (* (- 0.0005302463?) x!5))                         (- 1.0))))           (a!67 (or (not (>= x!4 52.0))                     (>= (+ (* 0.0006847188? x!0) (* (- 0.0006847188?) x!5))                         (- 1.0))))           (a!68 (or (not (>= x!4 51.0))                     (>= (+ (* 0.0006025526? x!0) (* (- 0.0006025526?) x!5))                         (- 1.0))))           (a!69 (or (not (>= x!4 53.0))                     (>= (+ (* 0.0007780896? x!0) (* (- 0.0007780896?) x!5))                         (- 1.0))))           (a!70 (or (not (>= x!4 54.0))                     (>= (+ (* 0.0008841927? x!0) (* (- 0.0008841927?) x!5))                         (- 1.0))))           (a!71 (or (not (>= x!4 55.0))                     (>= (+ (* 1.1363636363? x!0) (* (- 1.1363636363?) x!5))                         (- 1130.9750695598?))))           (a!72 (or (not (>= x!4 56.0))                     (>= (+ (* 1.1363636363? x!0) (* (- 1.1363636363?) x!5))                         (- 995.2580612126?))))           (a!73 (or (not (>= x!4 57.0))                     (>= (+ (* 0.0012974748? x!0) (* (- 0.0012974748?) x!5))                         (- 1.0))))           (a!74 (or (not (>= x!4 58.0))                     (>= (+ (* 0.0014744032? x!0) (* (- 0.0014744032?) x!5))                         (- 1.0))))           (a!75 (or (not (>= x!4 59.0))                     (>= (+ (* 1.1363636363? x!0) (* (- 1.1363636363?) x!5))                         (- 678.2405014907?))))           (a!76 (or (not (>= x!4 60.0))                     (>= (+ (* 0.0019039298? x!0) (* (- 0.0019039298?) x!5))                         (- 1.0))))           (a!77 (or (not (>= x!4 61.0))                     (>= (+ (* 0.0021635566? x!0) (* (- 0.0021635566?) x!5))                         (- 1.0))))           (a!78 (or (not (>= x!4 62.0))                     (>= (+ (* 0.0024585870? x!0) (* (- 0.0024585870?) x!5))                         (- 1.0))))           (a!79 (or (not (>= x!4 63.0))                     (>= (+ (* 0.0027938489? x!0) (* (- 0.0027938489?) x!5))                         (- 1.0))))           (a!80 (or (not (>= x!4 64.0))                     (>= (+ (* 0.0031748283? x!0) (* (- 0.0031748283?) x!5))                         (- 1.0))))           (a!81 (or (not (>= x!4 65.0))                     (>= (+ (* 1.1363636363? x!0) (* (- 1.1363636363?) x!5))                         (- 314.9776607147?))))           (a!82 (or (not (>= x!4 66.0))                     (>= (+ (* 1.1363636363? x!0) (* (- 1.1363636363?) x!5))                         (- 277.1803414289?))))           (a!83 (or (not (>= x!4 67.0))                     (>= (+ (* 1.1363636363? x!0) (* (- 1.1363636363?) x!5))                         (- 243.9187004574?))))           (a!84 (or (not (>= x!4 68.0))                     (>= (+ (* 1.1363636363? x!0) (* (- 1.1363636363?) x!5))                         (- 214.6484564025?))))           (a!85 (or (not (>= x!4 69.0))                     (>= (+ (* 1.1363636363? x!0) (* (- 1.1363636363?) x!5))                         (- 188.8906416342?))))           (a!86 (or (not (>= x!4 70.0))                     (>= (+ (* 1.2913223140? x!0) (* (- 1.2913223140?) x!5))                         (- 188.8906416342?))))           (a!87 (or (not (>= x!4 71.0))                     (>= (+ (* 1.4674117205? x!0) (* (- 1.4674117205?) x!5))                         (- 188.8906416342?))))           (a!88 (or (not (>= x!4 72.0))                     (>= (+ (* 1.6675133187? x!0) (* (- 1.6675133187?) x!5))                         (- 188.8906416342?))))           (a!89 (or (not (>= x!4 73.0))                     (>= (+ (* 1.8949014985? x!0) (* (- 1.8949014985?) x!5))                         (- 188.8906416342?))))           (a!90 (or (not (>= x!4 74.0))                     (>= (+ (* 1.1363636363? x!0) (* (- 1.1363636363?) x!5))                         (- 99.6836203752?))))           (a!91 (or (not (>= x!4 75.0))                     (>= (+ (* 1.1363636363? x!0) (* (- 1.1363636363?) x!5))                         (- 87.7215859302?))))           (a!92 (or (not (>= x!4 76.0))                     (>= (+ (* 0.0147206904? x!0) (* (- 0.0147206904?) x!5))                         (- 1.0))))           (a!93 (or (not (>= x!4 77.0))                     (>= (+ (* 0.0167280573? x!0) (* (- 0.0167280573?) x!5))                         (- 1.0))))           (a!94 (or (not (>= x!4 78.0))                     (>= (+ (* 1.1363636363? x!0) (* (- 1.1363636363?) x!5))                         (- 59.7798046070?))))           (a!95 (or (not (>= x!4 79.0))                     (>= (+ (* 0.0216013137? x!0) (* (- 0.0216013137?) x!5))                         (- 1.0))))           (a!96 (or (not (>= x!4 80.0))                     (>= (+ (* 0.0245469474? x!0) (* (- 0.0245469474?) x!5))                         (- 1.0))))           (a!97 (or (not (>= x!4 81.0))                     (>= (+ (* 0.0278942584? x!0) (* (- 0.0278942584?) x!5))                         (- 1.0))))           (a!98 (or (not (>= x!4 82.0))                     (>= (+ (* 1.1363636363? x!0) (* (- 1.1363636363?) x!5))                         (- 35.8496714445?))))           (a!99 (or (not (>= x!4 83.0))                     (>= (+ (* 0.0360204783? x!0) (* (- 0.0360204783?) x!5))                         (- 1.0))))           (a!100 (or (not (>= x!4 84.0))                      (>= (+ (* 1.1363636363? x!0) (* (- 1.1363636363?) x!5))                          (- 27.7619855666?))))           (a!101 (or (not (>= x!4 85.0))                      (>= (+ (* 1.1363636363? x!0) (* (- 1.1363636363?) x!5))                          (- 24.4305472986?))))           (a!102 (or (not (>= x!4 86.0))                      (>= (+ (* 1.1363636363? x!0) (* (- 1.1363636363?) x!5))                          (- 21.4988816228?))))           (a!103 (or (not (>= x!4 88.0))                      (>= (+ (* 1.1363636363? x!0) (* (- 1.1363636363?) x!5))                          (- 16.6487339287?))))           (a!104 (or (not (>= x!4 87.0))                      (>= (+ (* 0.0600646273? x!0) (* (- 0.0600646273?) x!5))                          (- 1.0))))           (a!105 (or (not (>= x!4 89.0))                      (>= (+ (* 1.1363636363? x!0) (* (- 1.1363636363?) x!5))                          (- 14.6508858572?))))           (a!106 (or (not (>= x!4 90.0))                      (>= (+ (* 0.0881395382? x!0) (* (- 0.0881395382?) x!5))                          (- 1.0))))           (a!107 (or (not (>= x!4 91.0))                      (>= (+ (* 0.1001585661? x!0) (* (- 0.1001585661?) x!5))                          (- 1.0))))           (a!108 (or (not (>= x!4 92.0))                      (>= (+ (* 0.1138165524? x!0) (* (- 0.1138165524?) x!5))                          (- 1.0))))           (a!109 (or (not (>= x!4 93.0))                      (>= (+ (* 0.1293369914? x!0) (* (- 0.1293369914?) x!5))                          (- 1.0))))           (a!110 (or (not (>= x!4 94.0))                      (>= (+ (* 1.1363636363? x!0) (* (- 1.1363636363?) x!5))                          (- 7.7317400762?))))           (a!111 (or (not (>= x!4 95.0))                      (>= (+ (* 0.1670157430? x!0) (* (- 0.1670157430?) x!5))                          (- 1.0))))           (a!112 (or (not (>= x!4 96.0))                      (>= (+ (* 0.1897906171? x!0) (* (- 0.1897906171?) x!5))                          (- 1.0))))           (a!113 (or (not (>= x!4 97.0))                      (>= (+ (* 1.1363636363? x!0) (* (- 1.1363636363?) x!5))                          (- 5.2689643732?))))           (a!114 (or (not (>= x!4 98.0))                      (>= (+ (* 1.1363636363? x!0) (* (- 1.1363636363?) x!5))                          (- 4.6366886484?))))           (a!115 (or (not (>= x!4 99.0))                      (>= (+ (* 1.1363636363? x!0) (* (- 1.1363636363?) x!5))                          (- 4.0802860106?))))           (a!116 (or (not (>= x!4 100.0))                      (>= (+ (* 0.3164783818? x!0) (* (- 0.3164783818?) x!5))                          (- 1.0))))           (a!117 (or (not (>= x!4 101.0))                      (>= (+ (* 0.3596345248? x!0) (* (- 0.3596345248?) x!5))                          (- 1.0))))           (a!118 (or (not (>= x!4 103.0))                      (>= (+ (* 1.1363636363? x!0) (* (- 1.1363636363?) x!5))                          (- 2.4469285880?))))           (a!119 (or (not (>= x!4 102.0))                      (>= (+ (* 0.4086755963? x!0) (* (- 0.4086755963?) x!5))                          (- 1.0))))           (a!120 (or (not (>= x!4 104.0))                      (>= (+ (* 1.1363636363? x!0) (* (- 1.1363636363?) x!5))                          (- 2.1532971574?))))           (a!121 (or (not (>= x!4 105.0))                      (>= (+ (* 1.2913223140? x!0) (* (- 1.2913223140?) x!5))                          (- 2.1532971574?))))           (a!122 (or (not (>= x!4 106.0))                      (>= (+ (* 1.1363636363? x!0) (* (- 1.1363636363?) x!5))                          (- 1.6675133187?))))           (a!123 (or (not (>= x!4 107.0))                      (>= (+ (* 1.1363636363? x!0) (* (- 1.1363636363?) x!5))                          (- 1.4674117205?)))))       (and a!1            (<= (+ x!0 (* (- 1.0) x!5)) 2000.0)            a!2            a!3            a!4            a!5            a!6            a!7            a!8            a!9            a!10            a!11            a!12            a!13            a!14            a!15            a!16            a!17            a!18            a!19            a!20            a!21            a!22            a!23            a!24            a!25            a!26            a!27            a!28            a!29            a!30            a!31            a!32            a!33            a!34            a!35            a!36            a!37            a!38            a!39            a!40            a!41            a!42            a!43            a!44            a!45            a!46            a!47            a!48            a!49            a!50            a!51            a!52            a!53            a!54            a!55            a!56            a!57            a!58            a!59            a!60            a!61            a!62            a!63            a!64            a!65            (>= (+ (* 0.0004666167? x!0) (* (- 0.0004666167?) x!5)) (- 1.0))            a!66            a!67            a!68            a!69            a!70            a!71            a!72            a!73            a!74            a!75            a!76            a!77            a!78            a!79            a!80            a!81            a!82            a!83            a!84            a!85            a!86            a!87            a!88            a!89            a!90            a!91            a!92            a!93            a!94            a!95            a!96            a!97            a!98            a!99            a!100            a!101            a!102            a!103            a!104            a!105            a!106            a!107            a!108            a!109            a!110            a!111            a!112            a!113            a!114            a!115            a!116            a!117            a!118            a!119            a!120            a!121            a!122            a!123))) ),82.7490
p_0.00_2000.00_0.00_2000.00_0.1200_110.00_0.50_1.00.smt2,0.00,2000.00,0.00,2000.00,0.1200,110.00,0.50,1.00,Golem,sat,3.2950
p_0.00_2000.00_0.00_2000.00_0.1200_110.00_1.00_0.50.smt2,0.00,2000.00,0.00,2000.00,0.1200,110.00,1.00,0.50,Spacer,sat (   (define-fun Inv ((x!0 Real)    (x!1 Real)    (x!2 Real)    (x!3 Real)    (x!4 Real)    (x!5 Real)) Bool     (let ((a!1 (or (not (>= x!4 108.0))                    (>= (+ (* 0.88 x!0) (* (- 0.88) x!5)) (- 0.5))))           (a!2 (or (<= x!4 0.0)                    (<= (+ (* 0.0005302463? x!0) (* (- 0.0005302463?) x!5))                        0.9332335097?)))           (a!3 (or (<= x!4 1.0)                    (<= (+ (* 1.1363636363? x!0) (* (- 1.1363636363?) x!5))                        1885.9159916792?)))           (a!4 (or (not (>= x!4 53.0))                    (<= (+ (* 0.0007780896? x!0) (* (- 0.0007780896?) x!5)) 1.0)))           (a!5 (or (not (>= x!4 52.0))                    (<= (+ (* 1.1363636363? x!0) (* (- 1.1363636363?) x!5))                        1659.6060726777?)))           (a!6 (or (not (>= x!4 55.0))                    (<= (+ (* 0.0010047645? x!0) (* (- 0.0010047645?) x!5)) 1.0)))           (a!7 (or (not (>= x!4 54.0))                    (<= (+ (* 0.0008841927? x!0) (* (- 0.0008841927?) x!5)) 1.0)))           (a!8 (or (not (>= x!4 56.0))                    (<= (+ (* 0.0011417778? x!0) (* (- 0.0011417778?) x!5)) 1.0)))           (a!9 (or (not (>= x!4 57.0))                    (<= (+ (* 0.0012974748? x!0) (* (- 0.0012974748?) x!5)) 1.0)))           (a!10 (or (not (>= x!4 58.0))                     (<= (+ (* 0.0014744032? x!0) (* (- 0.0014744032?) x!5)) 1.0)))           (a!11 (or (not (>= x!4 59.0))                     (<= (+ (* 0.0016754582? x!0) (* (- 0.0016754582?) x!5)) 1.0)))           (a!12 (or (not (>= x!4 60.0))                     (<= (+ (* 0.0019039298? x!0) (* (- 0.0019039298?) x!5)) 1.0)))           (a!13 (or (not (>= x!4 61.0))                     (<= (+ (* 0.0021635566? x!0) (* (- 0.0021635566?) x!5)) 1.0)))           (a!14 (or (not (>= x!4 62.0))                     (<= (+ (* 0.0024585870? x!0) (* (- 0.0024585870?) x!5)) 1.0)))           (a!15 (or (not (>= x!4 63.0))                     (<= (+ (* 0.0027938489? x!0) (* (- 0.0027938489?) x!5)) 1.0)))           (a!16 (or (not (>= x!4 64.0))                     (<= (+ (* 0.0031748283? x!0) (* (- 0.0031748283?) x!5)) 1.0)))           (a!17 (or (not (>= x!4 65.0))                     (<= (+ (* 0.0036077594? x!0) (* (- 0.0036077594?) x!5)) 1.0)))           (a!18 (or (not (>= x!4 66.0))                     (<= (+ (* 0.0040997266? x!0) (* (- 0.0040997266?) x!5)) 1.0)))           (a!19 (or (not (>= x!4 67.0))                     (<= (+ (* 0.0046587802? x!0) (* (- 0.0046587802?) x!5)) 1.0)))           (a!20 (or (not (>= x!4 68.0))                     (<= (+ (* 0.0052940685? x!0) (* (- 0.0052940685?) x!5)) 1.0)))           (a!21 (or (not (>= x!4 69.0))                     (<= (+ (* 0.0060159869? x!0) (* (- 0.0060159869?) x!5)) 1.0)))           (a!22 (or (not (>= x!4 70.0))                     (<= (+ (* 0.0068363488? x!0) (* (- 0.0068363488?) x!5)) 1.0)))           (a!23 (or (not (>= x!4 71.0))                     (<= (+ (* 0.0077685781? x!0) (* (- 0.0077685781?) x!5)) 1.0)))           (a!24 (or (not (>= x!4 72.0))                     (<= (+ (* 0.0088279297? x!0) (* (- 0.0088279297?) x!5)) 1.0)))           (a!25 (or (not (>= x!4 73.0))                     (<= (+ (* 0.0100317383? x!0) (* (- 0.0100317383?) x!5)) 1.0)))           (a!26 (or (not (>= x!4 74.0))                     (<= (+ (* 0.0113997027? x!0) (* (- 0.0113997027?) x!5)) 1.0)))           (a!27 (or (not (>= x!4 75.0))                     (<= (+ (* 0.0129542076? x!0) (* (- 0.0129542076?) x!5)) 1.0)))           (a!28 (or (not (>= x!4 76.0))                     (<= (+ (* 0.0147206904? x!0) (* (- 0.0147206904?) x!5)) 1.0)))           (a!29 (or (not (>= x!4 77.0))                     (<= (+ (* 0.0167280573? x!0) (* (- 0.0167280573?) x!5)) 1.0)))           (a!30 (or (not (>= x!4 78.0))                     (<= (+ (* 0.0190091560? x!0) (* (- 0.0190091560?) x!5)) 1.0)))           (a!31 (or (not (>= x!4 79.0))                     (<= (+ (* 0.0216013137? x!0) (* (- 0.0216013137?) x!5)) 1.0)))           (a!32 (or (not (>= x!4 80.0))                     (<= (+ (* 0.0245469474? x!0) (* (- 0.0245469474?) x!5)) 1.0)))           (a!33 (or (not (>= x!4 81.0))                     (<= (+ (* 0.0278942584? x!0) (* (- 0.0278942584?) x!5)) 1.0)))           (a!34 (or (not (>= x!4 82.0))                     (<= (+ (* 0.0316980209? x!0) (* (- 0.0316980209?) x!5)) 1.0)))           (a!35 (or (not (>= x!4 83.0))                     (<= (+ (* 0.0360204783? x!0) (* (- 0.0360204783?) x!5)) 1.0)))           (a!36 (or (not (>= x!4 84.0))                     (<= (+ (* 0.0409323617? x!0) (* (- 0.0409323617?) x!5)) 1.0)))           (a!37 (or (not (>= x!4 85.0))                     (<= (+ (* 0.0465140474? x!0) (* (- 0.0465140474?) x!5)) 1.0)))           (a!38 (or (not (>= x!4 86.0))                     (<= (+ (* 0.0528568721? x!0) (* (- 0.0528568721?) x!5)) 1.0)))           (a!39 (or (not (>= x!4 87.0))                     (<= (+ (* 0.0600646273? x!0) (* (- 0.0600646273?) x!5)) 1.0)))           (a!40 (or (not (>= x!4 88.0))                     (<= (+ (* 0.0682552584? x!0) (* (- 0.0682552584?) x!5)) 1.0)))           (a!41 (or (not (>= x!4 89.0))                     (<= (+ (* 0.0775627936? x!0) (* (- 0.0775627936?) x!5)) 1.0)))           (a!42 (or (not (>= x!4 90.0))                     (<= (+ (* 0.0881395382? x!0) (* (- 0.0881395382?) x!5)) 1.0)))           (a!43 (or (not (>= x!4 91.0))                     (<= (+ (* 0.1001585661? x!0) (* (- 0.1001585661?) x!5)) 1.0)))           (a!44 (or (not (>= x!4 92.0))                     (<= (+ (* 0.1138165524? x!0) (* (- 0.1138165524?) x!5)) 1.0)))           (a!45 (or (not (>= x!4 93.0))                     (<= (+ (* 0.1293369914? x!0) (* (- 0.1293369914?) x!5)) 1.0)))           (a!46 (or (not (>= x!4 94.0))                     (<= (+ (* 0.1469738539? x!0) (* (- 0.1469738539?) x!5)) 1.0)))           (a!47 (or (not (>= x!4 95.0))                     (<= (+ (* 0.1670157430? x!0) (* (- 0.1670157430?) x!5)) 1.0)))           (a!48 (or (not (>= x!4 96.0))                     (<= (+ (* 0.1897906171? x!0) (* (- 0.1897906171?) x!5)) 1.0)))           (a!49 (or (not (>= x!4 97.0))                     (<= (+ (* 0.2156711558? x!0) (* (- 0.2156711558?) x!5)) 1.0)))           (a!50 (or (not (>= x!4 98.0))                     (<= (+ (* 0.2450808588? x!0) (* (- 0.2450808588?) x!5)) 1.0)))           (a!51 (or (not (>= x!4 99.0))                     (<= (+ (* 0.2785009760? x!0) (* (- 0.2785009760?) x!5)) 1.0)))           (a!52 (or (not (>= x!4 100.0))                     (<= (+ (* 0.3164783818? x!0) (* (- 0.3164783818?) x!5)) 1.0)))           (a!53 (or (not (>= x!4 101.0))                     (<= (+ (* 0.3596345248? x!0) (* (- 0.3596345248?) x!5)) 1.0)))           (a!54 (or (not (>= x!4 102.0))                     (<= (+ (* 0.4086755963? x!0) (* (- 0.4086755963?) x!5)) 1.0)))           (a!55 (or (not (>= x!4 103.0))                     (<= (+ (* 0.4644040867? x!0) (* (- 0.4644040867?) x!5)) 1.0)))           (a!56 (or (not (>= x!4 104.0))                     (<= (+ (* 0.5277319168 x!0) (* (- 0.5277319168) x!5)) 1.0)))           (a!57 (or (not (>= x!4 105.0))                     (<= (+ (* 0.59969536 x!0) (* (- 0.59969536) x!5)) 1.0)))           (a!58 (or (not (>= x!4 106.0))                     (<= (+ (* 0.681472 x!0) (* (- 0.681472) x!5)) 1.0)))           (a!59 (or (not (>= x!4 107.0))                     (<= (+ (* 0.7744 x!0) (* (- 0.7744) x!5)) 1.0)))           (a!60 (or (not (>= x!4 108.0))                     (<= (+ (* 0.88 x!0) (* (- 0.88) x!5)) 1.0)))           (a!61 (or (<= x!4 0.0)                     (>= (+ (* 0.0002798279? x!0) (* (- 0.0002798279?) x!5))                         (- 0.5))))           (a!62 (or (<= x!4 1.0)                     (>= (+ (* 1.1363636363? x!0) (* (- 1.1363636363?) x!5))                         (- 1786.8125194273?))))           (a!63 (or (<= x!4 2.0)                     (>= (+ (* 1.1363636363? x!0) (* (- 1.1363636363?) x!5))                         (- 1572.3950170960?))))           (a!64 (or (not (>= x!4 48.0))                     (>= (+ (* 1.1363636363? x!0) (* (- 1.1363636363?) x!5))                         (- 1383.7076150445?))))           (a!65 (or (>= (+ (* 0.0005302463? x!0) (* (- 0.0005302463?) x!5))                         (- 0.5))                     (not (>= x!4 50.0))))           (a!66 (or (>= (+ (* 0.0004666167? x!0) (* (- 0.0004666167?) x!5))                         (- 0.5))                     (not (>= x!4 49.0))))           (a!67 (or (not (>= x!4 51.0))                     (>= (+ (* 1.1363636363? x!0) (* (- 1.1363636363?) x!5))                         (- 942.9579958396?))))           (a!68 (or (not (>= x!4 52.0))                     (>= (+ (* 1.1363636363? x!0) (* (- 1.1363636363?) x!5))                         (- 829.8030363388?))))           (a!69 (or (not (>= x!4 53.0))                     (>= (+ (* 0.0007780896? x!0) (* (- 0.0007780896?) x!5))                         (- 0.5))))           (a!70 (or (not (>= x!4 54.0))                     (>= (+ (* 0.0008841927? x!0) (* (- 0.0008841927?) x!5))                         (- 0.5))))           (a!71 (or (not (>= x!4 55.0))                     (>= (+ (* 0.0010047645? x!0) (* (- 0.0010047645?) x!5))                         (- 0.5))))           (a!72 (or (not (>= x!4 56.0))                     (>= (+ (* 0.0011417778? x!0) (* (- 0.0011417778?) x!5))                         (- 0.5))))           (a!73 (or (not (>= x!4 58.0))                     (>= (+ (* 1.1363636363? x!0) (* (- 1.1363636363?) x!5))                         (- 385.3639213015?))))           (a!74 (or (not (>= x!4 57.0))                     (>= (+ (* 0.0012974748? x!0) (* (- 0.0012974748?) x!5))                         (- 0.5))))           (a!75 (or (not (>= x!4 59.0))                     (>= (+ (* 1.1363636363? x!0) (* (- 1.1363636363?) x!5))                         (- 339.1202507453?))))           (a!76 (or (not (>= x!4 60.0))                     (>= (+ (* 0.0019039298? x!0) (* (- 0.0019039298?) x!5))                         (- 0.5))))           (a!77 (or (not (>= x!4 61.0))                     (>= (+ (* 0.0021635566? x!0) (* (- 0.0021635566?) x!5))                         (- 0.5))))           (a!78 (or (not (>= x!4 62.0))                     (>= (+ (* 1.1363636363? x!0) (* (- 1.1363636363?) x!5))                         (- 231.1009555159?))))           (a!79 (or (not (>= x!4 63.0))                     (>= (+ (* 1.1363636363? x!0) (* (- 1.1363636363?) x!5))                         (- 203.3688408540?))))           (a!80 (or (not (>= x!4 64.0))                     (>= (+ (* 1.1363636363? x!0) (* (- 1.1363636363?) x!5))                         (- 178.9645799515?))))           (a!81 (or (not (>= x!4 65.0))                     (>= (+ (* 1.1363636363? x!0) (* (- 1.1363636363?) x!5))                         (- 157.4888303573?))))           (a!82 (or (not (>= x!4 66.0))                     (>= (+ (* 1.1363636363? x!0) (* (- 1.1363636363?) x!5))                         (- 138.5901707144?))))           (a!83 (or (not (>= x!4 67.0))                     (>= (+ (* 1.1363636363? x!0) (* (- 1.1363636363?) x!5))                         (- 121.9593502287?))))           (a!84 (or (not (>= x!4 68.0))                     (>= (+ (* 1.1363636363? x!0) (* (- 1.1363636363?) x!5))                         (- 107.3242282012?))))           (a!85 (or (not (>= x!4 69.0))                     (>= (+ (* 1.1363636363? x!0) (* (- 1.1363636363?) x!5))                         (- 94.4453208171?))))           (a!86 (or (not (>= x!4 70.0))                     (>= (+ (* 1.1363636363? x!0) (* (- 1.1363636363?) x!5))                         (- 83.1118823190?))))           (a!87 (or (not (>= x!4 71.0))                     (>= (+ (* 1.1363636363? x!0) (* (- 1.1363636363?) x!5))                         (- 73.1384564407?))))           (a!88 (or (>= (+ (* 0.0088279297? x!0) (* (- 0.0088279297?) x!5))                         (- 0.5))                     (not (>= x!4 72.0))))           (a!89 (or (not (>= x!4 73.0))                     (>= (+ (* 0.0100317383? x!0) (* (- 0.0100317383?) x!5))                         (- 0.5))))           (a!90 (or (not (>= x!4 74.0))                     (>= (+ (* 0.0113997027? x!0) (* (- 0.0113997027?) x!5))                         (- 0.5))))           (a!91 (or (not (>= x!4 75.0))                     (>= (+ (* 0.0129542076? x!0) (* (- 0.0129542076?) x!5))                         (- 0.5))))           (a!92 (or (not (>= x!4 76.0))                     (>= (+ (* 0.0147206904? x!0) (* (- 0.0147206904?) x!5))                         (- 0.5))))           (a!93 (or (not (>= x!4 77.0))                     (>= (+ (* 0.0167280573? x!0) (* (- 0.0167280573?) x!5))                         (- 0.5))))           (a!94 (or (>= (+ (* 0.0190091560? x!0) (* (- 0.0190091560?) x!5))                         (- 0.5))                     (not (>= x!4 78.0))))           (a!95 (or (not (>= x!4 79.0))                     (>= (+ (* 0.0216013137? x!0) (* (- 0.0216013137?) x!5))                         (- 0.5))))           (a!96 (or (not (>= x!4 80.0))                     (>= (+ (* 0.0245469474? x!0) (* (- 0.0245469474?) x!5))                         (- 0.5))))           (a!97 (or (not (>= x!4 81.0))                     (>= (+ (* 0.0278942584? x!0) (* (- 0.0278942584?) x!5))                         (- 0.5))))           (a!98 (or (>= (+ (* 0.0316980209? x!0) (* (- 0.0316980209?) x!5))                         (- 0.5))                     (not (>= x!4 82.0))))           (a!99 (or (not (>= x!4 83.0))                     (>= (+ (* 0.0360204783? x!0) (* (- 0.0360204783?) x!5))                         (- 0.5))))           (a!100 (or (not (>= x!4 84.0))                      (>= (+ (* 0.0409323617? x!0) (* (- 0.0409323617?) x!5))                          (- 0.5))))           (a!101 (or (not (>= x!4 85.0))                      (>= (+ (* 0.0465140474? x!0) (* (- 0.0465140474?) x!5))                          (- 0.5))))           (a!102 (or (not (>= x!4 86.0))                      (>= (+ (* 0.0528568721? x!0) (* (- 0.0528568721?) x!5))                          (- 0.5))))           (a!103 (or (not (>= x!4 87.0))                      (>= (+ (* 0.0600646273? x!0) (* (- 0.0600646273?) x!5))                          (- 0.5))))           (a!104 (or (not (>= x!4 88.0))                      (>= (+ (* 0.0682552584? x!0) (* (- 0.0682552584?) x!5))                          (- 0.5))))           (a!105 (or (not (>= x!4 89.0))                      (>= (+ (* 0.0775627936? x!0) (* (- 0.0775627936?) x!5))                          (- 0.5))))           (a!106 (or (not (>= x!4 90.0))                      (>= (+ (* 0.0881395382? x!0) (* (- 0.0881395382?) x!5))                          (- 0.5))))           (a!107 (or (>= (+ (* 0.1001585661? x!0) (* (- 0.1001585661?) x!5))                          (- 0.5))                      (not (>= x!4 91.0))))           (a!108 (or (not (>= x!4 92.0))                      (>= (+ (* 0.1138165524? x!0) (* (- 0.1138165524?) x!5))                          (- 0.5))))           (a!109 (or (not (>= x!4 93.0))                      (>= (+ (* 0.1293369914? x!0) (* (- 0.1293369914?) x!5))                          (- 0.5))))           (a!110 (or (not (>= x!4 94.0))                      (>= (+ (* 0.1469738539? x!0) (* (- 0.1469738539?) x!5))                          (- 0.5))))           (a!111 (or (not (>= x!4 95.0))                      (>= (+ (* 0.1670157430? x!0) (* (- 0.1670157430?) x!5))                          (- 0.5))))           (a!112 (or (not (>= x!4 96.0))                      (>= (+ (* 0.1897906171? x!0) (* (- 0.1897906171?) x!5))                          (- 0.5))))           (a!113 (or (not (>= x!4 97.0))                      (>= (+ (* 0.2156711558? x!0) (* (- 0.2156711558?) x!5))                          (- 0.5))))           (a!114 (or (not (>= x!4 98.0))                      (>= (+ (* 0.2450808588? x!0) (* (- 0.2450808588?) x!5))                          (- 0.5))))           (a!115 (or (not (>= x!4 99.0))                      (>= (+ (* 0.2785009760? x!0) (* (- 0.2785009760?) x!5))                          (- 0.5))))           (a!116 (or (not (>= x!4 100.0))                      (>= (+ (* 0.3164783818? x!0) (* (- 0.3164783818?) x!5))                          (- 0.5))))           (a!117 (or (not (>= x!4 101.0))                      (>= (+ (* 1.1363636363? x!0) (* (- 1.1363636363?) x!5))                          (- 1.5798867433?))))           (a!118 (or (not (>= x!4 102.0))                      (>= (+ (* 1.1363636363? x!0) (* (- 1.1363636363?) x!5))                          (- 1.3903003341?))))           (a!119 (or (not (>= x!4 103.0))                      (>= (+ (* 1.2913223140? x!0) (* (- 1.2913223140?) x!5))                          (- 1.3903003341?))))           (a!120 (or (not (>= x!4 104.0))                      (>= (+ (* 0.5277319168 x!0) (* (- 0.5277319168) x!5))                          (- 0.5))))           (a!121 (or (not (>= x!4 105.0))                      (>= (+ (* 0.59969536 x!0) (* (- 0.59969536) x!5)) (- 0.5))))           (a!122 (or (not (>= x!4 106.0))                      (>= (+ (* 0.681472 x!0) (* (- 0.681472) x!5)) (- 0.5))))           (a!123 (or (not (>= x!4 107.0))                      (>= (+ (* 1.1363636363? x!0) (* (- 1.1363636363?) x!5))                          (- 0.7337058602?)))))       (and a!1            (<= (+ x!0 (* (- 1.0) x!5)) 2000.0)            a!2            a!3            a!4            a!5            a!6            a!7            a!8            a!9            a!10            a!11            a!12            a!13            a!14            a!15            a!16            a!17            a!18            a!19            a!20            a!21            a!22            a!23            a!24            a!25            a!26            a!27            a!28            a!29            a!30            a!31            a!32            a!33            a!34            a!35            a!36            a!37            a!38            a!39            a!40            a!41            a!42            a!43            a!44            a!45            a!46            a!47            a!48            a!49            a!50            a!51            a!52            a!53            a!54            a!55            a!56            a!57            a!58            a!59            a!60            (>= (+ (* 0.0002462485? x!0) (* (- 0.0002462485?) x!5)) (- 0.5))            a!61            a!62            a!63            a!64            a!65            a!66            a!67            a!68            a!69            a!70            a!71            a!72            a!73            a!74            a!75            a!76            a!77            a!78            a!79            a!80            a!81            a!82            a!83            a!84            a!85            a!86            a!87            a!88            a!89            a!90            a!91            a!92            a!93            a!94            a!95            a!96            a!97            a!98            a!99            a!100            a!101            a!102            a!103            a!104            a!105            a!106            a!107            a!108            a!109            a!110            a!111            a!112            a!113            a!114            a!115            a!116            a!117            a!118            a!119            a!120            a!121            a!122            a!123))) ),86.6242
p_0.00_2000.00_0.00_2000.00_0.1200_110.00_1.00_0.50.smt2,0.00,2000.00,0.00,2000.00,0.1200,110.00,1.00,0.50,Golem,sat,3.2668
p_0.00_2000.00_0.00_2000.00_0.1200_110.00_1.00_1.00.smt2,0.00,2000.00,0.00,2000.00,0.1200,110.00,1.00,1.00,Spacer,sat (   (define-fun Inv ((x!0 Real)    (x!1 Real)    (x!2 Real)    (x!3 Real)    (x!4 Real)    (x!5 Real)) Bool     (let ((a!1 (or (not (>= x!4 108.0))                    (>= (+ (* 0.88 x!0) (* (- 0.88) x!5)) (- 1.0))))           (a!2 (or (<= x!4 0.0)                    (<= (+ (* 0.0005302463? x!0) (* (- 0.0005302463?) x!5))                        0.9332335097?)))           (a!3 (or (<= x!4 1.0)                    (<= (+ (* 1.1363636363? x!0) (* (- 1.1363636363?) x!5))                        1885.9159916792?)))           (a!4 (or (not (>= x!4 53.0))                    (<= (+ (* 0.0007780896? x!0) (* (- 0.0007780896?) x!5)) 1.0)))           (a!5 (or (not (>= x!4 52.0))                    (<= (+ (* 1.1363636363? x!0) (* (- 1.1363636363?) x!5))                        1659.6060726777?)))           (a!6 (or (not (>= x!4 55.0))                    (<= (+ (* 0.0010047645? x!0) (* (- 0.0010047645?) x!5)) 1.0)))           (a!7 (or (not (>= x!4 54.0))                    (<= (+ (* 0.0008841927? x!0) (* (- 0.0008841927?) x!5)) 1.0)))           (a!8 (or (not (>= x!4 56.0))                    (<= (+ (* 0.0011417778? x!0) (* (- 0.0011417778?) x!5)) 1.0)))           (a!9 (or (not (>= x!4 57.0))                    (<= (+ (* 0.0012974748? x!0) (* (- 0.0012974748?) x!5)) 1.0)))           (a!10 (or (not (>= x!4 58.0))                     (<= (+ (* 0.0014744032? x!0) (* (- 0.0014744032?) x!5)) 1.0)))           (a!11 (or (not (>= x!4 59.0))                     (<= (+ (* 0.0016754582? x!0) (* (- 0.0016754582?) x!5)) 1.0)))           (a!12 (or (not (>= x!4 60.0))                     (<= (+ (* 0.0019039298? x!0) (* (- 0.0019039298?) x!5)) 1.0)))           (a!13 (or (not (>= x!4 61.0))                     (<= (+ (* 0.0021635566? x!0) (* (- 0.0021635566?) x!5)) 1.0)))           (a!14 (or (not (>= x!4 62.0))                     (<= (+ (* 0.0024585870? x!0) (* (- 0.0024585870?) x!5)) 1.0)))           (a!15 (or (not (>= x!4 63.0))                     (<= (+ (* 0.0027938489? x!0) (* (- 0.0027938489?) x!5)) 1.0)))           (a!16 (or (not (>= x!4 64.0))                     (<= (+ (* 0.0031748283? x!0) (* (- 0.0031748283?) x!5)) 1.0)))           (a!17 (or (not (>= x!4 65.0))                     (<= (+ (* 0.0036077594? x!0) (* (- 0.0036077594?) x!5)) 1.0)))           (a!18 (or (not (>= x!4 66.0))                     (<= (+ (* 0.0040997266? x!0) (* (- 0.0040997266?) x!5)) 1.0)))           (a!19 (or (not (>= x!4 67.0))                     (<= (+ (* 0.0046587802? x!0) (* (- 0.0046587802?) x!5)) 1.0)))           (a!20 (or (not (>= x!4 68.0))                     (<= (+ (* 0.0052940685? x!0) (* (- 0.0052940685?) x!5)) 1.0)))           (a!21 (or (not (>= x!4 69.0))                     (<= (+ (* 0.0060159869? x!0) (* (- 0.0060159869?) x!5)) 1.0)))           (a!22 (or (not (>= x!4 70.0))                     (<= (+ (* 0.0068363488? x!0) (* (- 0.0068363488?) x!5)) 1.0)))           (a!23 (or (not (>= x!4 71.0))                     (<= (+ (* 0.0077685781? x!0) (* (- 0.0077685781?) x!5)) 1.0)))           (a!24 (or (not (>= x!4 72.0))                     (<= (+ (* 0.0088279297? x!0) (* (- 0.0088279297?) x!5)) 1.0)))           (a!25 (or (not (>= x!4 73.0))                     (<= (+ (* 0.0100317383? x!0) (* (- 0.0100317383?) x!5)) 1.0)))           (a!26 (or (not (>= x!4 74.0))                     (<= (+ (* 0.0113997027? x!0) (* (- 0.0113997027?) x!5)) 1.0)))           (a!27 (or (not (>= x!4 75.0))                     (<= (+ (* 0.0129542076? x!0) (* (- 0.0129542076?) x!5)) 1.0)))           (a!28 (or (not (>= x!4 76.0))                     (<= (+ (* 0.0147206904? x!0) (* (- 0.0147206904?) x!5)) 1.0)))           (a!29 (or (not (>= x!4 77.0))                     (<= (+ (* 0.0167280573? x!0) (* (- 0.0167280573?) x!5)) 1.0)))           (a!30 (or (not (>= x!4 78.0))                     (<= (+ (* 0.0190091560? x!0) (* (- 0.0190091560?) x!5)) 1.0)))           (a!31 (or (not (>= x!4 79.0))                     (<= (+ (* 0.0216013137? x!0) (* (- 0.0216013137?) x!5)) 1.0)))           (a!32 (or (not (>= x!4 80.0))                     (<= (+ (* 0.0245469474? x!0) (* (- 0.0245469474?) x!5)) 1.0)))           (a!33 (or (not (>= x!4 81.0))                     (<= (+ (* 0.0278942584? x!0) (* (- 0.0278942584?) x!5)) 1.0)))           (a!34 (or (not (>= x!4 82.0))                     (<= (+ (* 0.0316980209? x!0) (* (- 0.0316980209?) x!5)) 1.0)))           (a!35 (or (not (>= x!4 83.0))                     (<= (+ (* 0.0360204783? x!0) (* (- 0.0360204783?) x!5)) 1.0)))           (a!36 (or (not (>= x!4 84.0))                     (<= (+ (* 0.0409323617? x!0) (* (- 0.0409323617?) x!5)) 1.0)))           (a!37 (or (not (>= x!4 85.0))                     (<= (+ (* 0.0465140474? x!0) (* (- 0.0465140474?) x!5)) 1.0)))           (a!38 (or (not (>= x!4 86.0))                     (<= (+ (* 0.0528568721? x!0) (* (- 0.0528568721?) x!5)) 1.0)))           (a!39 (or (not (>= x!4 87.0))                     (<= (+ (* 0.0600646273? x!0) (* (- 0.0600646273?) x!5)) 1.0)))           (a!40 (or (not (>= x!4 88.0))                     (<= (+ (* 0.0682552584? x!0) (* (- 0.0682552584?) x!5)) 1.0)))           (a!41 (or (not (>= x!4 89.0))                     (<= (+ (* 0.0775627936? x!0) (* (- 0.0775627936?) x!5)) 1.0)))           (a!42 (or (not (>= x!4 90.0))                     (<= (+ (* 0.0881395382? x!0) (* (- 0.0881395382?) x!5)) 1.0)))           (a!43 (or (not (>= x!4 91.0))                     (<= (+ (* 0.1001585661? x!0) (* (- 0.1001585661?) x!5)) 1.0)))           (a!44 (or (not (>= x!4 92.0))                     (<= (+ (* 0.1138165524? x!0) (* (- 0.1138165524?) x!5)) 1.0)))           (a!45 (or (not (>= x!4 93.0))                     (<= (+ (* 0.1293369914? x!0) (* (- 0.1293369914?) x!5)) 1.0)))           (a!46 (or (not (>= x!4 94.0))                     (<= (+ (* 0.1469738539? x!0) (* (- 0.1469738539?) x!5)) 1.0)))           (a!47 (or (not (>= x!4 95.0))                     (<= (+ (* 0.1670157430? x!0) (* (- 0.1670157430?) x!5)) 1.0)))           (a!48 (or (not (>= x!4 96.0))                     (<= (+ (* 0.1897906171? x!0) (* (- 0.1897906171?) x!5)) 1.0)))           (a!49 (or (not (>= x!4 97.0))                     (<= (+ (* 0.2156711558? x!0) (* (- 0.2156711558?) x!5)) 1.0)))           (a!50 (or (not (>= x!4 98.0))                     (<= (+ (* 0.2450808588? x!0) (* (- 0.2450808588?) x!5)) 1.0)))           (a!51 (or (not (>= x!4 99.0))                     (<= (+ (* 0.2785009760? x!0) (* (- 0.2785009760?) x!5)) 1.0)))           (a!52 (or (not (>= x!4 100.0))                     (<= (+ (* 0.3164783818? x!0) (* (- 0.3164783818?) x!5)) 1.0)))           (a!53 (or (not (>= x!4 101.0))                     (<= (+ (* 0.3596345248? x!0) (* (- 0.3596345248?) x!5)) 1.0)))           (a!54 (or (not (>= x!4 102.0))                     (<= (+ (* 0.4086755963? x!0) (* (- 0.4086755963?) x!5)) 1.0)))           (a!55 (or (not (>= x!4 103.0))                     (<= (+ (* 0.4644040867? x!0) (* (- 0.4644040867?) x!5)) 1.0)))           (a!56 (or (not (>= x!4 104.0))                     (<= (+ (* 0.5277319168 x!0) (* (- 0.5277319168) x!5)) 1.0)))           (a!57 (or (not (>= x!4 105.0))                     (<= (+ (* 0.59969536 x!0) (* (- 0.59969536) x!5)) 1.0)))           (a!58 (or (not (>= x!4 106.0))                     (<= (+ (* 0.681472 x!0) (* (- 0.681472) x!5)) 1.0)))           (a!59 (or (not (>= x!4 107.0))                     (<= (+ (* 0.7744 x!0) (* (- 0.7744) x!5)) 1.0)))           (a!60 (or (not (>= x!4 108.0))                     (<= (+ (* 0.88 x!0) (* (- 0.88) x!5)) 1.0)))           (a!61 (or (<= x!4 0.0)                     (>= (+ (* 0.0005302463? x!0) (* (- 0.0005302463?) x!5))                         (- 1.0))))           (a!62 (or (<= x!4 1.0)                     (>= (+ (* 0.0006025526? x!0) (* (- 0.0006025526?) x!5))                         (- 1.0))))           (a!63 (or (<= x!4 2.0)                     (>= (+ (* 0.0006847188? x!0) (* (- 0.0006847188?) x!5))                         (- 1.0))))           (a!64 (or (not (>= x!4 53.0))                     (>= (+ (* 1.1363636363? x!0) (* (- 1.1363636363?) x!5))                         (- 1460.4533439563?))))           (a!65 (or (not (>= x!4 54.0))                     (>= (+ (* 1.1363636363? x!0) (* (- 1.1363636363?) x!5))                         (- 1285.1989426816?))))           (a!66 (or (not (>= x!4 55.0))                     (>= (+ (* 1.1363636363? x!0) (* (- 1.1363636363?) x!5))                         (- 1130.9750695598?))))           (a!67 (or (not (>= x!4 56.0))                     (>= (+ (* 1.1363636363? x!0) (* (- 1.1363636363?) x!5))                         (- 995.2580612126?))))           (a!68 (or (not (>= x!4 57.0))                     (>= (+ (* 1.1363636363? x!0) (* (- 1.1363636363?) x!5))                         (- 875.8270938671?))))           (a!69 (or (not (>= x!4 58.0))                     (>= (+ (* 0.0014744032? x!0) (* (- 0.0014744032?) x!5))                         (- 1.0))))           (a!70 (or (not (>= x!4 59.0))                     (>= (+ (* 0.0016754582? x!0) (* (- 0.0016754582?) x!5))                         (- 1.0))))           (a!71 (or (not (>= x!4 60.0))                     (>= (+ (* 0.0019039298? x!0) (* (- 0.0019039298?) x!5))                         (- 1.0))))           (a!72 (or (not (>= x!4 61.0))                     (>= (+ (* 0.0021635566? x!0) (* (- 0.0021635566?) x!5))                         (- 1.0))))           (a!73 (or (not (>= x!4 62.0))                     (>= (+ (* 0.0024585870? x!0) (* (- 0.0024585870?) x!5))                         (- 1.0))))           (a!74 (or (not (>= x!4 63.0))                     (>= (+ (* 0.0027938489? x!0) (* (- 0.0027938489?) x!5))                         (- 1.0))))           (a!75 (or (not (>= x!4 64.0))                     (>= (+ (* 0.0031748283? x!0) (* (- 0.0031748283?) x!5))                         (- 1.0))))           (a!76 (or (not (>= x!4 65.0))                     (>= (+ (* 1.1363636363? x!0) (* (- 1.1363636363?) x!5))                         (- 314.9776607147?))))           (a!77 (or (not (>= x!4 66.0))                     (>= (+ (* 1.1363636363? x!0) (* (- 1.1363636363?) x!5))                         (- 277.1803414289?))))           (a!78 (or (not (>= x!4 67.0))                     (>= (+ (* 1.1363636363? x!0) (* (- 1.1363636363?) x!5))                         (- 243.9187004574?))))           (a!79 (or (not (>= x!4 68.0))                     (>= (+ (* 1.1363636363? x!0) (* (- 1.1363636363?) x!5))                         (- 214.6484564025?))))           (a!80 (or (not (>= x!4 69.0))                     (>= (+ (* 1.1363636363? x!0) (* (- 1.1363636363?) x!5))                         (- 188.8906416342?))))           (a!81 (or (not (>= x!4 70.0))                     (>= (+ (* 1.1363636363? x!0) (* (- 1.1363636363?) x!5))                         (- 166.2237646381?))))           (a!82 (or (not (>= x!4 71.0))                     (>= (+ (* 1.1363636363? x!0) (* (- 1.1363636363?) x!5))                         (- 146.2769128815?))))           (a!83 (or (not (>= x!4 72.0))                     (>= (+ (* 1.1363636363? x!0) (* (- 1.1363636363?) x!5))                         (- 128.7236833357?))))           (a!84 (or (not (>= x!4 73.0))                     (>= (+ (* 1.1363636363? x!0) (* (- 1.1363636363?) x!5))                         (- 113.2768413354?))))           (a!85 (or (not (>= x!4 74.0))                     (>= (+ (* 0.0113997027? x!0) (* (- 0.0113997027?) x!5))                         (- 1.0))))           (a!86 (or (not (>= x!4 75.0))                     (>= (+ (* 0.0129542076? x!0) (* (- 0.0129542076?) x!5))                         (- 1.0))))           (a!87 (or (not (>= x!4 76.0))                     (>= (+ (* 0.0147206904? x!0) (* (- 0.0147206904?) x!5))                         (- 1.0))))           (a!88 (or (not (>= x!4 77.0))                     (>= (+ (* 0.0167280573? x!0) (* (- 0.0167280573?) x!5))                         (- 1.0))))           (a!89 (or (>= (+ (* 0.0190091560? x!0) (* (- 0.0190091560?) x!5))                         (- 1.0))                     (not (>= x!4 78.0))))           (a!90 (or (not (>= x!4 79.0))                     (>= (+ (* 0.0216013137? x!0) (* (- 0.0216013137?) x!5))                         (- 1.0))))           (a!91 (or (not (>= x!4 80.0))                     (>= (+ (* 0.0245469474? x!0) (* (- 0.0245469474?) x!5))                         (- 1.0))))           (a!92 (or (not (>= x!4 81.0))                     (>= (+ (* 0.0278942584? x!0) (* (- 0.0278942584?) x!5))                         (- 1.0))))           (a!93 (or (not (>= x!4 82.0))                     (>= (+ (* 0.0316980209? x!0) (* (- 0.0316980209?) x!5))                         (- 1.0))))           (a!94 (or (not (>= x!4 83.0))                     (>= (+ (* 0.0360204783? x!0) (* (- 0.0360204783?) x!5))                         (- 1.0))))           (a!95 (or (not (>= x!4 84.0))                     (>= (+ (* 0.0409323617? x!0) (* (- 0.0409323617?) x!5))                         (- 1.0))))           (a!96 (or (not (>= x!4 85.0))                     (>= (+ (* 0.0465140474? x!0) (* (- 0.0465140474?) x!5))                         (- 1.0))))           (a!97 (or (not (>= x!4 86.0))                     (>= (+ (* 0.0528568721? x!0) (* (- 0.0528568721?) x!5))                         (- 1.0))))           (a!98 (or (not (>= x!4 87.0))                     (>= (+ (* 0.0600646273? x!0) (* (- 0.0600646273?) x!5))                         (- 1.0))))           (a!99 (or (not (>= x!4 88.0))                     (>= (+ (* 0.0682552584? x!0) (* (- 0.0682552584?) x!5))                         (- 1.0))))           (a!100 (or (not (>= x!4 89.0))                      (>= (+ (* 0.0775627936? x!0) (* (- 0.0775627936?) x!5))                          (- 1.0))))           (a!101 (or (not (>= x!4 90.0))                      (>= (+ (* 0.0881395382? x!0) (* (- 0.0881395382?) x!5))                          (- 1.0))))           (a!102 (or (>= (+ (* 0.1001585661? x!0) (* (- 0.1001585661?) x!5))                          (- 1.0))                      (not (>= x!4 91.0))))           (a!103 (or (not (>= x!4 92.0))                      (>= (+ (* 0.1138165524? x!0) (* (- 0.1138165524?) x!5))                          (- 1.0))))           (a!104 (or (not (>= x!4 93.0))                      (>= (+ (* 0.1293369914? x!0) (* (- 0.1293369914?) x!5))                          (- 1.0))))           (a!105 (or (not (>= x!4 94.0))                      (>= (+ (* 0.1469738539? x!0) (* (- 0.1469738539?) x!5))                          (- 1.0))))           (a!106 (or (not (>= x!4 95.0))                      (>= (+ (* 0.1670157430? x!0) (* (- 0.1670157430?) x!5))                          (- 1.0))))           (a!107 (or (not (>= x!4 96.0))                      (>= (+ (* 0.1897906171? x!0) (* (- 0.1897906171?) x!5))                          (- 1.0))))           (a!108 (or (not (>= x!4 97.0))                      (>= (+ (* 0.2156711558? x!0) (* (- 0.2156711558?) x!5))                          (- 1.0))))           (a!109 (or (not (>= x!4 98.0))                      (>= (+ (* 0.2450808588? x!0) (* (- 0.2450808588?) x!5))                          (- 1.0))))           (a!110 (or (not (>= x!4 99.0))                      (>= (+ (* 0.2785009760? x!0) (* (- 0.2785009760?) x!5))                          (- 1.0))))           (a!111 (or (not (>= x!4 100.0))                      (>= (+ (* 1.1363636363? x!0) (* (- 1.1363636363?) x!5))                          (- 3.5906516893?))))           (a!112 (or (not (>= x!4 101.0))                      (>= (+ (* 0.3596345248? x!0) (* (- 0.3596345248?) x!5))                          (- 1.0))))           (a!113 (or (not (>= x!4 102.0))                      (>= (+ (* 0.4086755963? x!0) (* (- 0.4086755963?) x!5))                          (- 1.0))))           (a!114 (or (not (>= x!4 103.0))                      (>= (+ (* 0.4644040867? x!0) (* (- 0.4644040867?) x!5))                          (- 1.0))))           (a!115 (or (not (>= x!4 104.0))                      (>= (+ (* 0.5277319168 x!0) (* (- 0.5277319168) x!5))                          (- 1.0))))           (a!116 (or (not (>= x!4 105.0))                      (>= (+ (* 0.59969536 x!0) (* (- 0.59969536) x!5)) (- 1.0))))           (a!117 (or (not (>= x!4 106.0))                      (>= (+ (* 0.681472 x!0) (* (- 0.681472) x!5)) (- 1.0))))           (a!118 (or (not (>= x!4 107.0))                      (>= (+ (* 1.1363636363? x!0) (* (- 1.1363636363?) x!5))                          (- 1.4674117205?)))))       (and a!1            (>= (+ (* 0.0004666167? x!0) (* (- 0.0004666167?) x!5)) (- 1.0))            (<= (+ x!0 (* (- 1.0) x!5)) 2000.0)            a!2            a!3            a!4            a!5            a!6            a!7            a!8            a!9            a!10            a!11            a!12            a!13            a!14            a!15            a!16            a!17            a!18            a!19            a!20            a!21            a!22            a!23            a!24            a!25            a!26            a!27            a!28            a!29            a!30            a!31            a!32            a!33            a!34            a!35            a!36            a!37            a!38            a!39            a!40            a!41            a!42            a!43            a!44            a!45            a!46            a!47            a!48            a!49            a!50            a!51            a!52            a!53            a!54            a!55            a!56            a!57            a!58            a!59            a!60            a!61            a!62            a!63            a!64            a!65            a!66            a!67            a!68            a!69            a!70            a!71            a!72            a!73            a!74            a!75            a!76            a!77            a!78            a!79            a!80            a!81            a!82            a!83            a!84            a!85            a!86            a!87            a!88            a!89            a!90            a!91            a!92            a!93            a!94            a!95            a!96            a!97            a!98            a!99            a!100            a!101            a!102            a!103            a!104            a!105            a!106            a!107            a!108            a!109            a!110            a!111            a!112            a!113            a!114            a!115            a!116            a!117            a!118))) ),49.0114
p_0.00_2000.00_0.00_2000.00_0.1200_110.00_1.00_1.00.smt2,0.00,2000.00,0.00,2000.00,0.1200,110.00,1.00,1.00,Golem,sat,3.2556
p_0.00_2000.00_0.00_2000.00_0.1200_2582.50_0.50_0.50.smt2,0.00,2000.00,0.00,2000.00,0.1200,2582.50,0.50,0.50,Spacer,TIMEOUT,300.1461
p_0.00_2000.00_0.00_2000.00_0.1200_2582.50_0.50_0.50.smt2,0.00,2000.00,0.00,2000.00,0.1200,2582.50,0.50,0.50,Golem,TIMEOUT,300.0654
p_0.00_2000.00_0.00_2000.00_0.1200_2582.50_0.50_1.00.smt2,0.00,2000.00,0.00,2000.00,0.1200,2582.50,0.50,1.00,Spacer,TIMEOUT,300.1216
p_0.00_2000.00_0.00_2000.00_0.1200_2582.50_0.50_1.00.smt2,0.00,2000.00,0.00,2000.00,0.1200,2582.50,0.50,1.00,Golem,TIMEOUT,300.0617
p_0.00_2000.00_0.00_2000.00_0.1200_2582.50_1.00_0.50.smt2,0.00,2000.00,0.00,2000.00,0.1200,2582.50,1.00,0.50,Spacer,TIMEOUT,300.1436
p_0.00_2000.00_0.00_2000.00_0.1200_2582.50_1.00_0.50.smt2,0.00,2000.00,0.00,2000.00,0.1200,2582.50,1.00,0.50,Golem,TIMEOUT,301.7356
p_0.00_2000.00_0.00_2000.00_0.1200_2582.50_1.00_1.00.smt2,0.00,2000.00,0.00,2000.00,0.1200,2582.50,1.00,1.00,Spacer,TIMEOUT,304.5239
p_0.00_2000.00_0.00_2000.00_0.1200_2582.50_1.00_1.00.smt2,0.00,2000.00,0.00,2000.00,0.1200,2582.50,1.00,1.00,Golem,TIMEOUT,305.7407
p_0.00_2000.00_0.00_2000.00_0.1200_5055.00_0.50_0.50.smt2,0.00,2000.00,0.00,2000.00,0.1200,5055.00,0.50,0.50,Spacer,TIMEOUT,305.4812
p_0.00_2000.00_0.00_2000.00_0.1200_5055.00_0.50_0.50.smt2,0.00,2000.00,0.00,2000.00,0.1200,5055.00,0.50,0.50,Golem,TIMEOUT,305.1196
p_0.00_2000.00_0.00_2000.00_0.1200_5055.00_0.50_1.00.smt2,0.00,2000.00,0.00,2000.00,0.1200,5055.00,0.50,1.00,Spacer,TIMEOUT,306.3144
p_0.00_2000.00_0.00_2000.00_0.1200_5055.00_0.50_1.00.smt2,0.00,2000.00,0.00,2000.00,0.1200,5055.00,0.50,1.00,Golem,TIMEOUT,305.7268
p_0.00_2000.00_0.00_2000.00_0.1200_5055.00_1.00_0.50.smt2,0.00,2000.00,0.00,2000.00,0.1200,5055.00,1.00,0.50,Spacer,TIMEOUT,305.9861
p_0.00_2000.00_0.00_2000.00_0.1200_5055.00_1.00_0.50.smt2,0.00,2000.00,0.00,2000.00,0.1200,5055.00,1.00,0.50,Golem,TIMEOUT,306.2128
p_0.00_2000.00_0.00_2000.00_0.1200_5055.00_1.00_1.00.smt2,0.00,2000.00,0.00,2000.00,0.1200,5055.00,1.00,1.00,Spacer,TIMEOUT,306.0738
p_0.00_2000.00_0.00_2000.00_0.1200_5055.00_1.00_1.00.smt2,0.00,2000.00,0.00,2000.00,0.1200,5055.00,1.00,1.00,Golem,TIMEOUT,306.2545
p_0.00_2000.00_0.00_2000.00_0.1200_7527.50_0.50_0.50.smt2,0.00,2000.00,0.00,2000.00,0.1200,7527.50,0.50,0.50,Spacer,TIMEOUT,306.9391
p_0.00_2000.00_0.00_2000.00_0.1200_7527.50_0.50_0.50.smt2,0.00,2000.00,0.00,2000.00,0.1200,7527.50,0.50,0.50,Golem,TIMEOUT,306.8103
p_0.00_2000.00_0.00_2000.00_0.1200_7527.50_0.50_1.00.smt2,0.00,2000.00,0.00,2000.00,0.1200,7527.50,0.50,1.00,Spacer,TIMEOUT,307.5147
p_0.00_2000.00_0.00_2000.00_0.1200_7527.50_0.50_1.00.smt2,0.00,2000.00,0.00,2000.00,0.1200,7527.50,0.50,1.00,Golem,TIMEOUT,306.8121
p_0.00_2000.00_0.00_2000.00_0.1200_7527.50_1.00_0.50.smt2,0.00,2000.00,0.00,2000.00,0.1200,7527.50,1.00,0.50,Spacer,TIMEOUT,307.5464
p_0.00_2000.00_0.00_2000.00_0.1200_7527.50_1.00_0.50.smt2,0.00,2000.00,0.00,2000.00,0.1200,7527.50,1.00,0.50,Golem,TIMEOUT,308.2743
p_0.00_2000.00_0.00_2000.00_0.1200_7527.50_1.00_1.00.smt2,0.00,2000.00,0.00,2000.00,0.1200,7527.50,1.00,1.00,Spacer,TIMEOUT,307.2975
p_0.00_2000.00_0.00_2000.00_0.1200_7527.50_1.00_1.00.smt2,0.00,2000.00,0.00,2000.00,0.1200,7527.50,1.00,1.00,Golem,TIMEOUT,307.2323
p_0.00_4000.00_0.00_2000.00_0.0800_10000.00_0.50_0.50.smt2,0.00,4000.00,0.00,2000.00,0.0800,10000.00,0.50,0.50,Spacer,TIMEOUT,307.8959
p_0.00_4000.00_0.00_2000.00_0.0800_10000.00_0.50_0.50.smt2,0.00,4000.00,0.00,2000.00,0.0800,10000.00,0.50,0.50,Golem,TIMEOUT,309.0132
p_0.00_4000.00_0.00_2000.00_0.0800_10000.00_0.50_1.00.smt2,0.00,4000.00,0.00,2000.00,0.0800,10000.00,0.50,1.00,Spacer,TIMEOUT,308.1955
p_0.00_4000.00_0.00_2000.00_0.0800_10000.00_0.50_1.00.smt2,0.00,4000.00,0.00,2000.00,0.0800,10000.00,0.50,1.00,Golem,TIMEOUT,308.2823
p_0.00_4000.00_0.00_2000.00_0.0800_10000.00_1.00_0.50.smt2,0.00,4000.00,0.00,2000.00,0.0800,10000.00,1.00,0.50,Spacer,TIMEOUT,309.5396
p_0.00_4000.00_0.00_2000.00_0.0800_10000.00_1.00_0.50.smt2,0.00,4000.00,0.00,2000.00,0.0800,10000.00,1.00,0.50,Golem,TIMEOUT,308.6676
p_0.00_4000.00_0.00_2000.00_0.0800_10000.00_1.00_1.00.smt2,0.00,4000.00,0.00,2000.00,0.0800,10000.00,1.00,1.00,Spacer,TIMEOUT,308.5797
p_0.00_4000.00_0.00_2000.00_0.0800_10000.00_1.00_1.00.smt2,0.00,4000.00,0.00,2000.00,0.0800,10000.00,1.00,1.00,Golem,TIMEOUT,309.5140
p_0.00_4000.00_0.00_2000.00_0.0800_110.00_0.50_0.50.smt2,0.00,4000.00,0.00,2000.00,0.0800,110.00,0.50,0.50,Spacer,sat (   (define-fun Inv ((x!0 Real)    (x!1 Real)    (x!2 Real)    (x!3 Real)    (x!4 Real)    (x!5 Real)) Bool     (let ((a!1 (or (not (>= x!4 108.0))                    (>= (+ (* 1196.8360871746? x!0) (* (- 1196.8360871746?) x!5))                        (- 650.4543952036?))))           (a!2 (or (<= x!4 0.0)                    (<= (+ (* 0.0001334435? x!0) (* (- 0.0001334435?) x!5))                        0.4910721950?)))           (a!3 (or (<= x!4 1.0)                    (<= (+ (* 0.0001450473? x!0) (* (- 0.0001450473?) x!5)) 0.5)))           (a!4 (or (not (>= x!4 4.0))                    (<= (+ (* 0.0001576601? x!0) (* (- 0.0001576601?) x!5)) 0.5)))           (a!5 (or (not (>= x!4 5.0))                    (<= (+ (* 0.0001713697? x!0) (* (- 0.0001713697?) x!5)) 0.5)))           (a!6 (or (not (>= x!4 6.0))                    (<= (+ (* 0.0001862714? x!0) (* (- 0.0001862714?) x!5)) 0.5)))           (a!7 (or (not (>= x!4 7.0))                    (<= (+ (* 0.0002024689? x!0) (* (- 0.0002024689?) x!5)) 0.5)))           (a!8 (or (<= (+ (* 1.0869565217? x!0) (* (- 1.0869565217?) x!5))                        2469.5146966372?)                    (not (>= x!4 8.0))))           (a!9 (or (<= (+ (* 1.0869565217? x!0) (* (- 1.0869565217?) x!5))                        2271.9535209063?)                    (not (>= x!4 9.0))))           (a!10 (or (<= (+ (* 1.0869565217? x!0) (* (- 1.0869565217?) x!5))                         2090.1972392338?)                     (not (>= x!4 10.0))))           (a!11 (or (<= (+ (* 1.0869565217? x!0) (* (- 1.0869565217?) x!5))                         1922.9814600950?)                     (not (>= x!4 11.0))))           (a!12 (or (not (>= x!4 12.0))                     (<= (+ (* 0.0003071986? x!0) (* (- 0.0003071986?) x!5)) 0.5)))           (a!13 (or (<= (+ (* 1.0869565217? x!0) (* (- 1.0869565217?) x!5))                         1627.6115078244?)                     (not (>= x!4 13.0))))           (a!14 (or (<= (+ (* 1.0869565217? x!0) (* (- 1.0869565217?) x!5))                         1497.4025871985?)                     (not (>= x!4 14.0))))           (a!15 (or (<= (+ (* 1.0869565217? x!0) (* (- 1.0869565217?) x!5))                         1377.6103802226?)                     (not (>= x!4 15.0))))           (a!16 (or (<= (+ (* 1.0869565217? x!0) (* (- 1.0869565217?) x!5))                         1166.0094258204?)                     (not (>= x!4 17.0))))           (a!17 (or (not (>= x!4 16.0))                     (<= (+ (* 0.0004288130? x!0) (* (- 0.0004288130?) x!5)) 0.5)))           (a!18 (or (<= (+ (* 1.0869565217? x!0) (* (- 1.0869565217?) x!5))                         1072.7286717548?)                     (not (>= x!4 18.0))))           (a!19 (or (<= (+ (* 1.0869565217? x!0) (* (- 1.0869565217?) x!5))                         986.9103780144?)                     (not (>= x!4 19.0))))           (a!20 (or (not (>= x!4 20.0))                     (<= (+ (* 1.0869565217? x!0) (* (- 1.0869565217?) x!5))                         907.9575477732?)))           (a!21 (or (not (>= x!4 21.0))                     (<= (+ (* 1.0869565217? x!0) (* (- 1.0869565217?) x!5))                         835.3209439514?)))           (a!22 (or (not (>= x!4 22.0))                     (<= (+ (* 1.0869565217? x!0) (* (- 1.0869565217?) x!5))                         768.4952684352?)))           (a!23 (or (not (>= x!4 23.0))                     (<= (+ (* 1.0869565217? x!0) (* (- 1.0869565217?) x!5))                         707.0156469604?)))           (a!24 (or (not (>= x!4 25.0))                     (<= (+ (* 1.0869565217? x!0) (* (- 1.0869565217?) x!5))                         598.4180435873?)))           (a!25 (or (not (>= x!4 24.0))                     (<= (+ (* 0.0008355363? x!0) (* (- 0.0008355363?) x!5)) 0.5)))           (a!26 (or (not (>= x!4 26.0))                     (<= (+ (* 1.0869565217? x!0) (* (- 1.0869565217?) x!5))                         550.5446001003?)))           (a!27 (or (not (>= x!4 27.0))                     (<= (+ (* 0.0010730052? x!0) (* (- 0.0010730052?) x!5)) 0.5)))           (a!28 (or (not (>= x!4 29.0))                     (<= (+ (* 1.0869565217? x!0) (* (- 1.0869565217?) x!5))                         428.7024735629?)))           (a!29 (or (not (>= x!4 28.0))                     (<= (+ (* 0.0011663100? x!0) (* (- 0.0011663100?) x!5)) 0.5)))           (a!30 (or (not (>= x!4 30.0))                     (<= (+ (* 0.0013779655? x!0) (* (- 0.0013779655?) x!5)) 0.5)))           (a!31 (or (not (>= x!4 31.0))                     (<= (+ (* 0.0014977886? x!0) (* (- 0.0014977886?) x!5)) 0.5)))           (a!32 (or (not (>= x!4 33.0))                     (<= (+ (* 1.0869565217? x!0) (* (- 1.0869565217?) x!5))                         307.1194339950?)))           (a!33 (or (not (>= x!4 32.0))                     (<= (+ (* 0.0016280311? x!0) (* (- 0.0016280311?) x!5)) 0.5)))           (a!34 (or (not (>= x!4 34.0))                     (<= (+ (* 1.0869565217? x!0) (* (- 1.0869565217?) x!5))                         282.5498792754?)))           (a!35 (or (not (>= x!4 35.0))                     (<= (+ (* 1.0869565217? x!0) (* (- 1.0869565217?) x!5))                         259.9458889334?)))           (a!36 (or (not (>= x!4 36.0))                     (<= (+ (* 0.0022725392? x!0) (* (- 0.0022725392?) x!5)) 0.5)))           (a!37 (or (not (>= x!4 37.0))                     (<= (+ (* 0.0024701513? x!0) (* (- 0.0024701513?) x!5)) 0.5)))           (a!38 (or (not (>= x!4 38.0))                     (<= (+ (* 0.0026849471? x!0) (* (- 0.0026849471?) x!5)) 0.5)))           (a!39 (or (not (>= x!4 39.0))                     (<= (+ (* 1.0869565217? x!0) (* (- 1.0869565217?) x!5))                         186.2234048128?)))           (a!40 (or (not (>= x!4 40.0))                     (<= (+ (* 1.0869565217? x!0) (* (- 1.0869565217?) x!5))                         171.3255324278?)))           (a!41 (or (not (>= x!4 41.0))                     (<= (+ (* 1.0869565217? x!0) (* (- 1.0869565217?) x!5))                         157.6194898336?)))           (a!42 (or (not (>= x!4 43.0))                     (<= (+ (* 1.0869565217? x!0) (* (- 1.0869565217?) x!5))                         133.4091361951?)))           (a!43 (or (not (>= x!4 42.0))                     (<= (+ (* 1.0869565217? x!0) (* (- 1.0869565217?) x!5))                         145.0099306469?)))           (a!44 (or (not (>= x!4 44.0))                     (<= (+ (* 1.0869565217? x!0) (* (- 1.0869565217?) x!5))                         122.7364052995?)))           (a!45 (or (not (>= x!4 45.0))                     (<= (+ (* 1.0869565217? x!0) (* (- 1.0869565217?) x!5))                         112.9174928755?)))           (a!46 (or (not (>= x!4 46.0))                     (<= (+ (* 1.0869565217? x!0) (* (- 1.0869565217?) x!5))                         103.8840934455?)))           (a!47 (or (not (>= x!4 47.0))                     (<= (+ (* 1.0869565217? x!0) (* (- 1.0869565217?) x!5))                         95.5733659698?)))           (a!48 (or (not (>= x!4 48.0))                     (<= (+ (* 1.0869565217? x!0) (* (- 1.0869565217?) x!5))                         87.9274966923?)))           (a!49 (or (not (>= x!4 49.0))                     (<= (+ (* 1.0869565217? x!0) (* (- 1.0869565217?) x!5))                         80.8932969569?)))           (a!50 (or (not (>= x!4 50.0))                     (<= (+ (* 1.0869565217? x!0) (* (- 1.0869565217?) x!5))                         74.4218332003?)))           (a!51 (or (not (>= x!4 52.0))                     (<= (+ (* 1.0869565217? x!0) (* (- 1.0869565217?) x!5))                         62.9906396207?)))           (a!52 (or (not (>= x!4 51.0))                     (<= (+ (* 1.0869565217? x!0) (* (- 1.0869565217?) x!5))                         68.4680865443?)))           (a!53 (or (not (>= x!4 53.0))                     (<= (+ (* 1.0869565217? x!0) (* (- 1.0869565217?) x!5))                         57.9513884511?)))           (a!54 (or (not (>= x!4 54.0))                     (<= (+ (* 1.0869565217? x!0) (* (- 1.0869565217?) x!5))                         53.3152773750?)))           (a!55 (or (not (>= x!4 55.0))                     (<= (+ (* 1.0869565217? x!0) (* (- 1.0869565217?) x!5))                         49.0500551850?)))           (a!56 (or (not (>= x!4 56.0))                     (<= (+ (* 1.0869565217? x!0) (* (- 1.0869565217?) x!5))                         45.1260507702?)))           (a!57 (or (not (>= x!4 57.0))                     (<= (+ (* 1.0869565217? x!0) (* (- 1.0869565217?) x!5))                         41.5159667086?)))           (a!58 (or (not (>= x!4 58.0))                     (<= (+ (* 1.0869565217? x!0) (* (- 1.0869565217?) x!5))                         38.1946893719?)))           (a!59 (or (not (>= x!4 59.0))                     (<= (+ (* 1.0869565217? x!0) (* (- 1.0869565217?) x!5))                         35.1391142221?)))           (a!60 (or (not (>= x!4 60.0))                     (<= (+ (* 1.0869565217? x!0) (* (- 1.0869565217?) x!5))                         32.3279850843?)))           (a!61 (or (not (>= x!4 61.0))                     (<= (+ (* 1.0869565217? x!0) (* (- 1.0869565217?) x!5))                         29.7417462776?)))           (a!62 (or (not (>= x!4 62.0))                     (<= (+ (* 1.0869565217? x!0) (* (- 1.0869565217?) x!5))                         27.3624065754?)))           (a!63 (or (not (>= x!4 63.0))                     (<= (+ (* 1.0869565217? x!0) (* (- 1.0869565217?) x!5))                         25.1734140493?)))           (a!64 (or (not (>= x!4 64.0))                     (<= (+ (* 1.0869565217? x!0) (* (- 1.0869565217?) x!5))                         23.1595409254?)))           (a!65 (or (not (>= x!4 65.0))                     (<= (+ (* 1.0869565217? x!0) (* (- 1.0869565217?) x!5))                         21.3067776514?)))           (a!66 (or (not (>= x!4 66.0))                     (<= (+ (* 1.0869565217? x!0) (* (- 1.0869565217?) x!5))                         19.6022354392?)))           (a!67 (or (not (>= x!4 67.0))                     (<= (+ (* 1.0869565217? x!0) (* (- 1.0869565217?) x!5))                         18.0340566041?)))           (a!68 (or (not (>= x!4 68.0))                     (<= (+ (* 1.0869565217? x!0) (* (- 1.0869565217?) x!5))                         16.5913320758?)))           (a!69 (or (not (>= x!4 69.0))                     (<= (+ (* 1.0869565217? x!0) (* (- 1.0869565217?) x!5))                         15.2640255097?)))           (a!70 (or (not (>= x!4 70.0))                     (<= (+ (* 1.0869565217? x!0) (* (- 1.0869565217?) x!5))                         14.0429034689?)))           (a!71 (or (not (>= x!4 71.0))                     (<= (+ (* 1.0869565217? x!0) (* (- 1.0869565217?) x!5))                         12.9194711914?)))           (a!72 (or (not (>= x!4 72.0))                     (<= (+ (* 1.0869565217? x!0) (* (- 1.0869565217?) x!5))                         11.8859134961?)))           (a!73 (or (not (>= x!4 73.0))                     (<= (+ (* 1.0869565217? x!0) (* (- 1.0869565217?) x!5))                         10.9350404164?)))           (a!74 (or (not (>= x!4 75.0))                     (<= (+ (* 1.0869565217? x!0) (* (- 1.0869565217?) x!5))                         9.2554182084?)))           (a!75 (or (not (>= x!4 74.0))                     (<= (+ (* 1.0869565217? x!0) (* (- 1.0869565217?) x!5))                         10.0602371831?)))           (a!76 (or (not (>= x!4 76.0))                     (<= (+ (* 1.0869565217? x!0) (* (- 1.0869565217?) x!5))                         8.5149847518?)))           (a!77 (or (not (>= x!4 77.0))                     (<= (+ (* 1.0869565217? x!0) (* (- 1.0869565217?) x!5))                         7.8337859716?)))           (a!78 (or (not (>= x!4 78.0))                     (<= (+ (* 1.0869565217? x!0) (* (- 1.0869565217?) x!5))                         7.2070830939?)))           (a!79 (or (not (>= x!4 79.0))                     (<= (+ (* 1.0869565217? x!0) (* (- 1.0869565217?) x!5))                         6.6305164464?)))           (a!80 (or (not (>= x!4 80.0))                     (<= (+ (* 1.0869565217? x!0) (* (- 1.0869565217?) x!5))                         6.1000751306?)))           (a!81 (or (not (>= x!4 81.0))                     (<= (+ (* 1.0869565217? x!0) (* (- 1.0869565217?) x!5))                         5.6120691202?)))           (a!82 (or (not (>= x!4 83.0))                     (<= (+ (* 1.0869565217? x!0) (* (- 1.0869565217?) x!5))                         4.7500553033?)))           (a!83 (or (not (>= x!4 82.0))                     (<= (+ (* 1.0869565217? x!0) (* (- 1.0869565217?) x!5))                         5.1631035906?)))           (a!84 (or (not (>= x!4 84.0))                     (<= (+ (* 1.0869565217? x!0) (* (- 1.0869565217?) x!5))                         4.3700508791?)))           (a!85 (or (not (>= x!4 86.0))                     (<= (+ (* 1.0869565217? x!0) (* (- 1.0869565217?) x!5))                         3.6988110640?)))           (a!86 (or (not (>= x!4 85.0))                     (<= (+ (* 1.0869565217? x!0) (* (- 1.0869565217?) x!5))                         4.0204468087?)))           (a!87 (or (not (>= x!4 87.0))                     (<= (+ (* 1.0869565217? x!0) (* (- 1.0869565217?) x!5))                         3.4029061789?)))           (a!88 (or (not (>= x!4 89.0))                     (<= (+ (* 1.0869565217? x!0) (* (- 1.0869565217?) x!5))                         2.8802197898?)))           (a!89 (or (not (>= x!4 88.0))                     (<= (+ (* 1.0869565217? x!0) (* (- 1.0869565217?) x!5))                         3.1306736846?)))           (a!90 (or (not (>= x!4 90.0))                     (<= (+ (* 1.0869565217? x!0) (* (- 1.0869565217?) x!5))                         2.6498022066?)))           (a!91 (or (not (>= x!4 92.0))                     (<= (+ (* 1.0869565217? x!0) (* (- 1.0869565217?) x!5))                         2.2427925877?)))           (a!92 (or (not (>= x!4 91.0))                     (<= (+ (* 1.0869565217? x!0) (* (- 1.0869565217?) x!5))                         2.4378180301?)))           (a!93 (or (not (>= x!4 93.0))                     (<= (+ (* 1.0869565217? x!0) (* (- 1.0869565217?) x!5))                         2.0633691807?)))           (a!94 (or (not (>= x!4 94.0))                     (<= (+ (* 1.0869565217? x!0) (* (- 1.0869565217?) x!5))                         1.8982996462?)))           (a!95 (or (not (>= x!4 95.0))                     (<= (+ (* 1.0869565217? x!0) (* (- 1.0869565217?) x!5))                         1.7464356745?)))           (a!96 (or (not (>= x!4 96.0))                     (<= (+ (* 1.0869565217? x!0) (* (- 1.0869565217?) x!5))                         1.6067208205?)))           (a!97 (or (not (>= x!4 97.0))                     (<= (+ (* 1.0869565217? x!0) (* (- 1.0869565217?) x!5))                         1.4781831549?)))           (a!98 (or (not (>= x!4 98.0))                     (<= (+ (* 1.0869565217? x!0) (* (- 1.0869565217?) x!5))                         1.3599285025?)))           (a!99 (or (not (>= x!4 99.0))                     (<= (+ (* 1.0869565217? x!0) (* (- 1.0869565217?) x!5))                         1.2511342223?)))           (a!100 (or (not (>= x!4 100.0))                      (<= (+ (* 1.0869565217? x!0) (* (- 1.0869565217?) x!5))                          1.1510434845?)))           (a!101 (or (not (>= x!4 101.0))                      (<= (+ (* 1.0869565217? x!0) (* (- 1.0869565217?) x!5))                          1.0589600057?)))           (a!102 (or (not (>= x!4 102.0))                      (<= (+ (* 1.0869565217? x!0) (* (- 1.0869565217?) x!5))                          0.9742432053?)))           (a!103 (or (not (>= x!4 103.0))                      (<= (+ (* 1.0869565217? x!0) (* (- 1.0869565217?) x!5))                          0.8963037489?)))           (a!104 (or (not (>= x!4 104.0))                      (<= (+ (* 1.0869565217? x!0) (* (- 1.0869565217?) x!5))                          0.8245994489?)))           (a!105 (or (not (>= x!4 105.0))                      (<= (+ (* 1.0869565217? x!0) (* (- 1.0869565217?) x!5))                          0.7586314930?)))           (a!106 (or (not (>= x!4 106.0))                      (<= (+ (* 1.0869565217? x!0) (* (- 1.0869565217?) x!5))                          0.6979409736?)))           (a!107 (or (not (>= x!4 107.0))                      (<= (+ (* 1.0869565217? x!0) (* (- 1.0869565217?) x!5))                          0.6421056957?)))           (a!108 (or (<= (+ (* 1.0869565217? x!0) (* (- 1.0869565217?) x!5))                          0.5907372400?)                      (not (>= x!4 108.0))))           (a!109 (or (<= x!4 0.0)                      (>= (+ (* 0.0002600129? x!0) (* (- 0.0002600129?) x!5))                          (- 0.5))))           (a!110 (or (not (>= x!4 11.0))                      (>= (+ (* 0.0002826227? x!0) (* (- 0.0002826227?) x!5))                          (- 0.5))))           (a!111 (or (not (>= x!4 12.0))                      (>= (+ (* 0.0003071986? x!0) (* (- 0.0003071986?) x!5))                          (- 0.5))))           (a!112 (or (not (>= x!4 13.0))                      (>= (+ (* 1.0869565217? x!0) (* (- 1.0869565217?) x!5))                          (- 1627.6115078244?))))           (a!113 (or (not (>= x!4 14.0))                      (>= (+ (* 1.0869565217? x!0) (* (- 1.0869565217?) x!5))                          (- 1497.4025871985?))))           (a!114 (or (not (>= x!4 15.0))                      (>= (+ (* 1.1814744801? x!0) (* (- 1.1814744801?) x!5))                          (- 1497.4025871985?))))           (a!115 (or (not (>= x!4 16.0))                      (>= (+ (* 1.2842113914? x!0) (* (- 1.2842113914?) x!5))                          (- 1497.4025871985?))))           (a!116 (or (not (>= x!4 17.0))                      (>= (+ (* 1.3958819472? x!0) (* (- 1.3958819472?) x!5))                          (- 1497.4025871985?))))           (a!117 (or (not (>= x!4 18.0))                      (>= (+ (* 0.0005066316? x!0) (* (- 0.0005066316?) x!5))                          (- 0.5))))           (a!118 (or (not (>= x!4 19.0))                      (>= (+ (* 0.0005506865? x!0) (* (- 0.0005506865?) x!5))                          (- 0.5))))           (a!119 (or (not (>= x!4 20.0))                      (>= (+ (* 0.0005985723? x!0) (* (- 0.0005985723?) x!5))                          (- 0.5))))           (a!120 (or (not (>= x!4 21.0))                      (>= (+ (* 1.0869565217? x!0) (* (- 1.0869565217?) x!5))                          (- 835.3209439514?))))           (a!121 (or (not (>= x!4 22.0))                      (>= (+ (* 1.0869565217? x!0) (* (- 1.0869565217?) x!5))                          (- 768.4952684352?))))           (a!122 (or (not (>= x!4 23.0))                      (>= (+ (* 1.0869565217? x!0) (* (- 1.0869565217?) x!5))                          (- 707.0156469604?))))           (a!123 (or (not (>= x!4 24.0))                      (>= (+ (* 1.0869565217? x!0) (* (- 1.0869565217?) x!5))                          (- 650.4543952036?))))           (a!124 (or (not (>= x!4 25.0))                      (>= (+ (* 1.1814744801? x!0) (* (- 1.1814744801?) x!5))                          (- 650.4543952036?))))           (a!125 (or (not (>= x!4 26.0))                      (>= (+ (* 1.2842113914? x!0) (* (- 1.2842113914?) x!5))                          (- 650.4543952036?))))           (a!126 (or (not (>= x!4 29.0))                      (>= (+ (* 1.6491988979? x!0) (* (- 1.6491988979?) x!5))                          (- 650.4543952036?))))           (a!127 (or (not (>= x!4 27.0))                      (>= (+ (* 1.3958819472? x!0) (* (- 1.3958819472?) x!5))                          (- 650.4543952036?))))           (a!128 (or (not (>= x!4 28.0))                      (>= (+ (* 1.5172629861? x!0) (* (- 1.5172629861?) x!5))                          (- 650.4543952036?))))           (a!129 (or (not (>= x!4 30.0))                      (>= (+ (* 1.7926074978? x!0) (* (- 1.7926074978?) x!5))                          (- 650.4543952036?))))           (a!130 (or (not (>= x!4 31.0))                      (>= (+ (* 1.9484864106? x!0) (* (- 1.9484864106?) x!5))                          (- 650.4543952036?))))           (a!131 (or (not (>= x!4 32.0))                      (>= (+ (* 2.1179200115? x!0) (* (- 2.1179200115?) x!5))                          (- 650.4543952036?))))           (a!132 (or (not (>= x!4 33.0))                      (>= (+ (* 2.3020869691? x!0) (* (- 2.3020869691?) x!5))                          (- 650.4543952036?))))           (a!133 (or (not (>= x!4 34.0))                      (>= (+ (* 2.5022684446? x!0) (* (- 2.5022684446?) x!5))                          (- 650.4543952036?))))           (a!134 (or (not (>= x!4 35.0))                      (>= (+ (* 2.7198570050? x!0) (* (- 2.7198570050?) x!5))                          (- 650.4543952036?))))           (a!135 (or (not (>= x!4 36.0))                      (>= (+ (* 2.9563663098? x!0) (* (- 2.9563663098?) x!5))                          (- 650.4543952036?))))           (a!136 (or (not (>= x!4 37.0))                      (>= (+ (* 3.2134416411? x!0) (* (- 3.2134416411?) x!5))                          (- 650.4543952036?))))           (a!137 (or (not (>= x!4 38.0))                      (>= (+ (* 3.4928713491? x!0) (* (- 3.4928713491?) x!5))                          (- 650.4543952036?))))           (a!138 (or (not (>= x!4 39.0))                      (>= (+ (* 3.7965992925? x!0) (* (- 3.7965992925?) x!5))                          (- 650.4543952036?))))           (a!139 (or (not (>= x!4 40.0))                      (>= (+ (* 4.1267383614? x!0) (* (- 4.1267383614?) x!5))                          (- 650.4543952036?))))           (a!140 (or (not (>= x!4 41.0))                      (>= (+ (* 4.4855851754? x!0) (* (- 4.4855851754?) x!5))                          (- 650.4543952036?))))           (a!141 (or (not (>= x!4 42.0))                      (>= (+ (* 4.8756360602? x!0) (* (- 4.8756360602?) x!5))                          (- 650.4543952036?))))           (a!142 (or (not (>= x!4 43.0))                      (>= (+ (* 5.2996044133? x!0) (* (- 5.2996044133?) x!5))                          (- 650.4543952036?))))           (a!143 (or (not (>= x!4 44.0))                      (>= (+ (* 5.7604395797? x!0) (* (- 5.7604395797?) x!5))                          (- 650.4543952036?))))           (a!144 (or (not (>= x!4 45.0))                      (>= (+ (* 6.2613473692? x!0) (* (- 6.2613473692?) x!5))                          (- 650.4543952036?))))           (a!145 (or (not (>= x!4 46.0))                      (>= (+ (* 6.8058123578? x!0) (* (- 6.8058123578?) x!5))                          (- 650.4543952036?))))           (a!146 (or (not (>= x!4 47.0))                      (>= (+ (* 7.3976221281? x!0) (* (- 7.3976221281?) x!5))                          (- 650.4543952036?))))           (a!147 (or (not (>= x!4 48.0))                      (>= (+ (* 8.0408936175? x!0) (* (- 8.0408936175?) x!5))                          (- 650.4543952036?))))           (a!148 (or (not (>= x!4 49.0))                      (>= (+ (* 8.7401017582? x!0) (* (- 8.7401017582?) x!5))                          (- 650.4543952036?))))           (a!149 (or (not (>= x!4 50.0))                      (>= (+ (* 9.5001106067? x!0) (* (- 9.5001106067?) x!5))                          (- 650.4543952036?))))           (a!150 (or (not (>= x!4 51.0))                      (>= (+ (* 10.3262071812? x!0) (* (- 10.3262071812?) x!5))                          (- 650.4543952036?))))           (a!151 (or (not (>= x!4 52.0))                      (>= (+ (* 11.2241382404? x!0) (* (- 11.2241382404?) x!5))                          (- 650.4543952036?))))           (a!152 (or (not (>= x!4 53.0))                      (>= (+ (* 12.2001502613? x!0) (* (- 12.2001502613?) x!5))                          (- 650.4543952036?))))           (a!153 (or (not (>= x!4 54.0))                      (>= (+ (* 13.2610328928? x!0) (* (- 13.2610328928?) x!5))                          (- 650.4543952036?))))           (a!154 (or (not (>= x!4 55.0))                      (>= (+ (* 14.4141661878? x!0) (* (- 14.4141661878?) x!5))                          (- 650.4543952036?))))           (a!155 (or (not (>= x!4 56.0))                      (>= (+ (* 15.6675719433? x!0) (* (- 15.6675719433?) x!5))                          (- 650.4543952036?))))           (a!156 (or (not (>= x!4 57.0))                      (>= (+ (* 17.0299695036? x!0) (* (- 17.0299695036?) x!5))                          (- 650.4543952036?))))           (a!157 (or (not (>= x!4 58.0))                      (>= (+ (* 18.5108364169? x!0) (* (- 18.5108364169?) x!5))                          (- 650.4543952036?))))           (a!158 (or (not (>= x!4 59.0))                      (>= (+ (* 20.1204743662? x!0) (* (- 20.1204743662?) x!5))                          (- 650.4543952036?))))           (a!159 (or (not (>= x!4 60.0))                      (>= (+ (* 21.8700808328? x!0) (* (- 21.8700808328?) x!5))                          (- 650.4543952036?))))           (a!160 (or (not (>= x!4 61.0))                      (>= (+ (* 23.7718269922? x!0) (* (- 23.7718269922?) x!5))                          (- 650.4543952036?))))           (a!161 (or (not (>= x!4 62.0))                      (>= (+ (* 25.8389423829? x!0) (* (- 25.8389423829?) x!5))                          (- 650.4543952036?))))           (a!162 (or (not (>= x!4 63.0))                      (>= (+ (* 28.0858069379? x!0) (* (- 28.0858069379?) x!5))                          (- 650.4543952036?))))           (a!163 (or (not (>= x!4 64.0))                      (>= (+ (* 30.5280510195? x!0) (* (- 30.5280510195?) x!5))                          (- 650.4543952036?))))           (a!164 (or (not (>= x!4 65.0))                      (>= (+ (* 33.1826641516? x!0) (* (- 33.1826641516?) x!5))                          (- 650.4543952036?))))           (a!165 (or (not (>= x!4 66.0))                      (>= (+ (* 36.0681132083? x!0) (* (- 36.0681132083?) x!5))                          (- 650.4543952036?))))           (a!166 (or (not (>= x!4 67.0))                      (>= (+ (* 39.2044708785? x!0) (* (- 39.2044708785?) x!5))                          (- 650.4543952036?))))           (a!167 (or (not (>= x!4 68.0))                      (>= (+ (* 42.6135553028? x!0) (* (- 42.6135553028?) x!5))                          (- 650.4543952036?))))           (a!168 (or (not (>= x!4 69.0))                      (>= (+ (* 46.3190818508? x!0) (* (- 46.3190818508?) x!5))                          (- 650.4543952036?))))           (a!169 (or (not (>= x!4 70.0))                      (>= (+ (* 50.3468280987? x!0) (* (- 50.3468280987?) x!5))                          (- 650.4543952036?))))           (a!170 (or (not (>= x!4 71.0))                      (>= (+ (* 54.7248131508? x!0) (* (- 54.7248131508?) x!5))                          (- 650.4543952036?))))           (a!171 (or (not (>= x!4 72.0))                      (>= (+ (* 59.4834925552? x!0) (* (- 59.4834925552?) x!5))                          (- 650.4543952036?))))           (a!172 (or (not (>= x!4 73.0))                      (>= (+ (* 64.6559701687? x!0) (* (- 64.6559701687?) x!5))                          (- 650.4543952036?))))           (a!173 (or (not (>= x!4 74.0))                      (>= (+ (* 70.2782284443? x!0) (* (- 70.2782284443?) x!5))                          (- 650.4543952036?))))           (a!174 (or (not (>= x!4 75.0))                      (>= (+ (* 76.3893787438? x!0) (* (- 76.3893787438?) x!5))                          (- 650.4543952036?))))           (a!175 (or (not (>= x!4 76.0))                      (>= (+ (* 83.0319334172? x!0) (* (- 83.0319334172?) x!5))                          (- 650.4543952036?))))           (a!176 (or (not (>= x!4 77.0))                      (>= (+ (* 90.2521015404? x!0) (* (- 90.2521015404?) x!5))                          (- 650.4543952036?))))           (a!177 (or (not (>= x!4 78.0))                      (>= (+ (* 98.1001103700? x!0) (* (- 98.1001103700?) x!5))                          (- 650.4543952036?))))           (a!178 (or (not (>= x!4 79.0))                      (>= (+ (* 106.6305547500? x!0) (* (- 106.6305547500?) x!5))                          (- 650.4543952036?))))           (a!179 (or (not (>= x!4 80.0))                      (>= (+ (* 115.9027769022? x!0) (* (- 115.9027769022?) x!5))                          (- 650.4543952036?))))           (a!180 (or (not (>= x!4 81.0))                      (>= (+ (* 125.9812792415? x!0) (* (- 125.9812792415?) x!5))                          (- 650.4543952036?))))           (a!181 (or (not (>= x!4 82.0))                      (>= (+ (* 136.9361730886? x!0) (* (- 136.9361730886?) x!5))                          (- 650.4543952036?))))           (a!182 (or (not (>= x!4 83.0))                      (>= (+ (* 148.8436664007? x!0) (* (- 148.8436664007?) x!5))                          (- 650.4543952036?))))           (a!183 (or (not (>= x!4 84.0))                      (>= (+ (* 161.7865939138? x!0) (* (- 161.7865939138?) x!5))                          (- 650.4543952036?))))           (a!184 (or (not (>= x!4 85.0))                      (>= (+ (* 175.8549933846? x!0) (* (- 175.8549933846?) x!5))                          (- 650.4543952036?))))           (a!185 (or (not (>= x!4 86.0))                      (>= (+ (* 191.1467319397? x!0) (* (- 191.1467319397?) x!5))                          (- 650.4543952036?))))           (a!186 (or (not (>= x!4 87.0))                      (>= (+ (* 207.7681868910? x!0) (* (- 207.7681868910?) x!5))                          (- 650.4543952036?))))           (a!187 (or (not (>= x!4 88.0))                      (>= (+ (* 225.8349857511? x!0) (* (- 225.8349857511?) x!5))                          (- 650.4543952036?))))           (a!188 (or (not (>= x!4 89.0))                      (>= (+ (* 245.4728105990? x!0) (* (- 245.4728105990?) x!5))                          (- 650.4543952036?))))           (a!189 (or (not (>= x!4 90.0))                      (>= (+ (* 266.8182723903? x!0) (* (- 266.8182723903?) x!5))                          (- 650.4543952036?))))           (a!190 (or (not (>= x!4 91.0))                      (>= (+ (* 290.0198612938? x!0) (* (- 290.0198612938?) x!5))                          (- 650.4543952036?))))           (a!191 (or (not (>= x!4 92.0))                      (>= (+ (* 315.2389796672? x!0) (* (- 315.2389796672?) x!5))                          (- 650.4543952036?))))           (a!192 (or (not (>= x!4 93.0))                      (>= (+ (* 342.6510648556? x!0) (* (- 342.6510648556?) x!5))                          (- 650.4543952036?))))           (a!193 (or (not (>= x!4 94.0))                      (>= (+ (* 372.4468096257? x!0) (* (- 372.4468096257?) x!5))                          (- 650.4543952036?))))           (a!194 (or (not (>= x!4 95.0))                      (>= (+ (* 404.8334887236? x!0) (* (- 404.8334887236?) x!5))                          (- 650.4543952036?))))           (a!195 (or (not (>= x!4 96.0))                      (>= (+ (* 440.0364007865? x!0) (* (- 440.0364007865?) x!5))                          (- 650.4543952036?))))           (a!196 (or (not (>= x!4 97.0))                      (>= (+ (* 478.3004356375? x!0) (* (- 478.3004356375?) x!5))                          (- 650.4543952036?))))           (a!197 (or (not (>= x!4 98.0))                      (>= (+ (* 519.8917778668? x!0) (* (- 519.8917778668?) x!5))                          (- 650.4543952036?))))           (a!198 (or (not (>= x!4 99.0))                      (>= (+ (* 565.0997585509? x!0) (* (- 565.0997585509?) x!5))                          (- 650.4543952036?))))           (a!199 (or (not (>= x!4 100.0))                      (>= (+ (* 614.2388679901? x!0) (* (- 614.2388679901?) x!5))                          (- 650.4543952036?))))           (a!200 (or (not (>= x!4 101.0))                      (>= (+ (* 667.6509434675? x!0) (* (- 667.6509434675?) x!5))                          (- 650.4543952036?))))           (a!201 (or (not (>= x!4 102.0))                      (>= (+ (* 725.7075472473? x!0) (* (- 725.7075472473?) x!5))                          (- 650.4543952036?))))           (a!202 (or (not (>= x!4 103.0))                      (>= (+ (* 788.8125513558? x!0) (* (- 788.8125513558?) x!5))                          (- 650.4543952036?))))           (a!203 (or (not (>= x!4 104.0))                      (>= (+ (* 857.4049471258? x!0) (* (- 857.4049471258?) x!5))                          (- 650.4543952036?))))           (a!204 (or (not (>= x!4 105.0))                      (>= (+ (* 931.9618990498? x!0) (* (- 931.9618990498?) x!5))                          (- 650.4543952036?))))           (a!205 (or (not (>= x!4 106.0))                      (>= (+ (* 1013.0020641846? x!0)                             (* (- 1013.0020641846?) x!5))                          (- 650.4543952036?))))           (a!206 (or (not (>= x!4 107.0))                      (>= (+ (* 1101.0892002007? x!0)                             (* (- 1101.0892002007?) x!5))                          (- 650.4543952036?)))))       (and a!1            (<= (+ x!0 (* (- 1.0) x!5)) 4000.0)            a!2            a!3            a!4            a!5            a!6            a!7            a!8            a!9            a!10            a!11            a!12            a!13            a!14            a!15            a!16            a!17            a!18            a!19            a!20            a!21            a!22            a!23            a!24            a!25            a!26            a!27            a!28            a!29            a!30            a!31            a!32            a!33            a!34            a!35            a!36            a!37            a!38            a!39            a!40            a!41            a!42            a!43            a!44            a!45            a!46            a!47            a!48            a!49            a!50            a!51            a!52            a!53            a!54            a!55            a!56            a!57            a!58            a!59            a!60            a!61            a!62            a!63            a!64            a!65            a!66            a!67            a!68            a!69            a!70            a!71            a!72            a!73            a!74            a!75            a!76            a!77            a!78            a!79            a!80            a!81            a!82            a!83            a!84            a!85            a!86            a!87            a!88            a!89            a!90            a!91            a!92            a!93            a!94            a!95            a!96            a!97            a!98            a!99            a!100            a!101            a!102            a!103            a!104            a!105            a!106            a!107            a!108            (>= (+ (* 0.0002392118? x!0) (* (- 0.0002392118?) x!5)) (- 0.5))            a!109            a!110            a!111            a!112            a!113            a!114            a!115            a!116            a!117            a!118            a!119            a!120            a!121            a!122            a!123            a!124            a!125            a!126            a!127            a!128            a!129            a!130            a!131            a!132            a!133            a!134            a!135            a!136            a!137            a!138            a!139            a!140            a!141            a!142            a!143            a!144            a!145            a!146            a!147            a!148            a!149            a!150            a!151            a!152            a!153            a!154            a!155            a!156            a!157            a!158            a!159            a!160            a!161            a!162            a!163            a!164            a!165            a!166            a!167            a!168            a!169            a!170            a!171            a!172            a!173            a!174            a!175            a!176            a!177            a!178            a!179            a!180            a!181            a!182            a!183            a!184            a!185            a!186            a!187            a!188            a!189            a!190            a!191            a!192            a!193            a!194            a!195            a!196            a!197            a!198            a!199            a!200            a!201            a!202            a!203            a!204            a!205            a!206))) ),273.8570
p_0.00_4000.00_0.00_2000.00_0.0800_110.00_0.50_0.50.smt2,0.00,4000.00,0.00,2000.00,0.0800,110.00,0.50,0.50,Golem,sat,3.0726
p_0.00_4000.00_0.00_2000.00_0.0800_110.00_0.50_1.00.smt2,0.00,4000.00,0.00,2000.00,0.0800,110.00,0.50,1.00,Spacer,sat (   (define-fun Inv ((x!0 Real)    (x!1 Real)    (x!2 Real)    (x!3 Real)    (x!4 Real)    (x!5 Real)) Bool     (let ((a!1 (or (not (>= x!4 108.0))                    (>= (+ (* 0.92 x!0) (* (- 0.92) x!5)) (- 1.0))))           (a!2 (or (<= x!4 0.0)                    (<= (+ (* 0.0001334435? x!0) (* (- 0.0001334435?) x!5))                        0.4910721950?)))           (a!3 (or (<= x!4 1.0)                    (<= (+ (* 0.0001450473? x!0) (* (- 0.0001450473?) x!5)) 0.5)))           (a!4 (or (not (>= x!4 4.0))                    (<= (+ (* 0.0001576601? x!0) (* (- 0.0001576601?) x!5)) 0.5)))           (a!5 (or (not (>= x!4 5.0))                    (<= (+ (* 0.0001713697? x!0) (* (- 0.0001713697?) x!5)) 0.5)))           (a!6 (or (not (>= x!4 6.0))                    (<= (+ (* 0.0001862714? x!0) (* (- 0.0001862714?) x!5)) 0.5)))           (a!7 (or (not (>= x!4 7.0))                    (<= (+ (* 0.0002024689? x!0) (* (- 0.0002024689?) x!5)) 0.5)))           (a!8 (or (not (>= x!4 8.0))                    (<= (+ (* 1.0869565217? x!0) (* (- 1.0869565217?) x!5))                        2469.5146966372?)))           (a!9 (or (not (>= x!4 9.0))                    (<= (+ (* 1.0869565217? x!0) (* (- 1.0869565217?) x!5))                        2271.9535209063?)))           (a!10 (or (not (>= x!4 10.0))                     (<= (+ (* 1.0869565217? x!0) (* (- 1.0869565217?) x!5))                         2090.1972392338?)))           (a!11 (or (not (>= x!4 11.0))                     (<= (+ (* 1.0869565217? x!0) (* (- 1.0869565217?) x!5))                         1922.9814600950?)))           (a!12 (or (not (>= x!4 12.0))                     (<= (+ (* 0.0003071986? x!0) (* (- 0.0003071986?) x!5)) 0.5)))           (a!13 (or (<= (+ (* 1.0869565217? x!0) (* (- 1.0869565217?) x!5))                         1627.6115078244?)                     (not (>= x!4 13.0))))           (a!14 (or (<= (+ (* 1.0869565217? x!0) (* (- 1.0869565217?) x!5))                         1497.4025871985?)                     (not (>= x!4 14.0))))           (a!15 (or (<= (+ (* 1.0869565217? x!0) (* (- 1.0869565217?) x!5))                         1377.6103802226?)                     (not (>= x!4 15.0))))           (a!16 (or (<= (+ (* 1.0869565217? x!0) (* (- 1.0869565217?) x!5))                         1166.0094258204?)                     (not (>= x!4 17.0))))           (a!17 (or (not (>= x!4 16.0))                     (<= (+ (* 0.0004288130? x!0) (* (- 0.0004288130?) x!5)) 0.5)))           (a!18 (or (not (>= x!4 18.0))                     (<= (+ (* 1.0869565217? x!0) (* (- 1.0869565217?) x!5))                         1072.7286717548?)))           (a!19 (or (<= (+ (* 1.0869565217? x!0) (* (- 1.0869565217?) x!5))                         986.9103780144?)                     (not (>= x!4 19.0))))           (a!20 (or (not (>= x!4 20.0))                     (<= (+ (* 1.0869565217? x!0) (* (- 1.0869565217?) x!5))                         907.9575477732?)))           (a!21 (or (not (>= x!4 21.0))                     (<= (+ (* 1.0869565217? x!0) (* (- 1.0869565217?) x!5))                         835.3209439514?)))           (a!22 (or (not (>= x!4 22.0))                     (<= (+ (* 1.0869565217? x!0) (* (- 1.0869565217?) x!5))                         768.4952684352?)))           (a!23 (or (not (>= x!4 23.0))                     (<= (+ (* 1.0869565217? x!0) (* (- 1.0869565217?) x!5))                         707.0156469604?)))           (a!24 (or (not (>= x!4 25.0))                     (<= (+ (* 1.0869565217? x!0) (* (- 1.0869565217?) x!5))                         598.4180435873?)))           (a!25 (or (not (>= x!4 24.0))                     (<= (+ (* 0.0008355363? x!0) (* (- 0.0008355363?) x!5)) 0.5)))           (a!26 (or (not (>= x!4 26.0))                     (<= (+ (* 1.0869565217? x!0) (* (- 1.0869565217?) x!5))                         550.5446001003?)))           (a!27 (or (not (>= x!4 27.0))                     (<= (+ (* 0.0010730052? x!0) (* (- 0.0010730052?) x!5)) 0.5)))           (a!28 (or (not (>= x!4 29.0))                     (<= (+ (* 1.0869565217? x!0) (* (- 1.0869565217?) x!5))                         428.7024735629?)))           (a!29 (or (not (>= x!4 28.0))                     (<= (+ (* 0.0011663100? x!0) (* (- 0.0011663100?) x!5)) 0.5)))           (a!30 (or (not (>= x!4 30.0))                     (<= (+ (* 0.0013779655? x!0) (* (- 0.0013779655?) x!5)) 0.5)))           (a!31 (or (not (>= x!4 31.0))                     (<= (+ (* 0.0014977886? x!0) (* (- 0.0014977886?) x!5)) 0.5)))           (a!32 (or (not (>= x!4 33.0))                     (<= (+ (* 1.0869565217? x!0) (* (- 1.0869565217?) x!5))                         307.1194339950?)))           (a!33 (or (not (>= x!4 32.0))                     (<= (+ (* 0.0016280311? x!0) (* (- 0.0016280311?) x!5)) 0.5)))           (a!34 (or (not (>= x!4 34.0))                     (<= (+ (* 1.0869565217? x!0) (* (- 1.0869565217?) x!5))                         282.5498792754?)))           (a!35 (or (not (>= x!4 35.0))                     (<= (+ (* 1.0869565217? x!0) (* (- 1.0869565217?) x!5))                         259.9458889334?)))           (a!36 (or (not (>= x!4 36.0))                     (<= (+ (* 0.0022725392? x!0) (* (- 0.0022725392?) x!5)) 0.5)))           (a!37 (or (not (>= x!4 37.0))                     (<= (+ (* 0.0024701513? x!0) (* (- 0.0024701513?) x!5)) 0.5)))           (a!38 (or (not (>= x!4 38.0))                     (<= (+ (* 0.0026849471? x!0) (* (- 0.0026849471?) x!5)) 0.5)))           (a!39 (or (not (>= x!4 39.0))                     (<= (+ (* 1.0869565217? x!0) (* (- 1.0869565217?) x!5))                         186.2234048128?)))           (a!40 (or (not (>= x!4 40.0))                     (<= (+ (* 1.0869565217? x!0) (* (- 1.0869565217?) x!5))                         171.3255324278?)))           (a!41 (or (not (>= x!4 41.0))                     (<= (+ (* 1.0869565217? x!0) (* (- 1.0869565217?) x!5))                         157.6194898336?)))           (a!42 (or (not (>= x!4 43.0))                     (<= (+ (* 1.0869565217? x!0) (* (- 1.0869565217?) x!5))                         133.4091361951?)))           (a!43 (or (not (>= x!4 42.0))                     (<= (+ (* 1.0869565217? x!0) (* (- 1.0869565217?) x!5))                         145.0099306469?)))           (a!44 (or (not (>= x!4 44.0))                     (<= (+ (* 1.0869565217? x!0) (* (- 1.0869565217?) x!5))                         122.7364052995?)))           (a!45 (or (not (>= x!4 45.0))                     (<= (+ (* 1.0869565217? x!0) (* (- 1.0869565217?) x!5))                         112.9174928755?)))           (a!46 (or (not (>= x!4 46.0))                     (<= (+ (* 1.0869565217? x!0) (* (- 1.0869565217?) x!5))                         103.8840934455?)))           (a!47 (or (not (>= x!4 47.0))                     (<= (+ (* 1.0869565217? x!0) (* (- 1.0869565217?) x!5))                         95.5733659698?)))           (a!48 (or (not (>= x!4 48.0))                     (<= (+ (* 1.0869565217? x!0) (* (- 1.0869565217?) x!5))                         87.9274966923?)))           (a!49 (or (not (>= x!4 49.0))                     (<= (+ (* 1.0869565217? x!0) (* (- 1.0869565217?) x!5))                         80.8932969569?)))           (a!50 (or (not (>= x!4 50.0))                     (<= (+ (* 1.0869565217? x!0) (* (- 1.0869565217?) x!5))                         74.4218332003?)))           (a!51 (or (not (>= x!4 52.0))                     (<= (+ (* 1.0869565217? x!0) (* (- 1.0869565217?) x!5))                         62.9906396207?)))           (a!52 (or (not (>= x!4 51.0))                     (<= (+ (* 1.0869565217? x!0) (* (- 1.0869565217?) x!5))                         68.4680865443?)))           (a!53 (or (not (>= x!4 53.0))                     (<= (+ (* 1.0869565217? x!0) (* (- 1.0869565217?) x!5))                         57.9513884511?)))           (a!54 (or (not (>= x!4 54.0))                     (<= (+ (* 1.0869565217? x!0) (* (- 1.0869565217?) x!5))                         53.3152773750?)))           (a!55 (or (not (>= x!4 55.0))                     (<= (+ (* 1.0869565217? x!0) (* (- 1.0869565217?) x!5))                         49.0500551850?)))           (a!56 (or (not (>= x!4 56.0))                     (<= (+ (* 1.0869565217? x!0) (* (- 1.0869565217?) x!5))                         45.1260507702?)))           (a!57 (or (not (>= x!4 57.0))                     (<= (+ (* 1.0869565217? x!0) (* (- 1.0869565217?) x!5))                         41.5159667086?)))           (a!58 (or (not (>= x!4 58.0))                     (<= (+ (* 1.0869565217? x!0) (* (- 1.0869565217?) x!5))                         38.1946893719?)))           (a!59 (or (not (>= x!4 59.0))                     (<= (+ (* 1.0869565217? x!0) (* (- 1.0869565217?) x!5))                         35.1391142221?)))           (a!60 (or (not (>= x!4 60.0))                     (<= (+ (* 1.0869565217? x!0) (* (- 1.0869565217?) x!5))                         32.3279850843?)))           (a!61 (or (not (>= x!4 61.0))                     (<= (+ (* 1.0869565217? x!0) (* (- 1.0869565217?) x!5))                         29.7417462776?)))           (a!62 (or (not (>= x!4 62.0))                     (<= (+ (* 1.0869565217? x!0) (* (- 1.0869565217?) x!5))                         27.3624065754?)))           (a!63 (or (not (>= x!4 63.0))                     (<= (+ (* 1.0869565217? x!0) (* (- 1.0869565217?) x!5))                         25.1734140493?)))           (a!64 (or (not (>= x!4 64.0))                     (<= (+ (* 1.0869565217? x!0) (* (- 1.0869565217?) x!5))                         23.1595409254?)))           (a!65 (or (not (>= x!4 65.0))                     (<= (+ (* 1.0869565217? x!0) (* (- 1.0869565217?) x!5))                         21.3067776514?)))           (a!66 (or (not (>= x!4 66.0))                     (<= (+ (* 1.0869565217? x!0) (* (- 1.0869565217?) x!5))                         19.6022354392?)))           (a!67 (or (not (>= x!4 67.0))                     (<= (+ (* 1.0869565217? x!0) (* (- 1.0869565217?) x!5))                         18.0340566041?)))           (a!68 (or (not (>= x!4 68.0))                     (<= (+ (* 1.0869565217? x!0) (* (- 1.0869565217?) x!5))                         16.5913320758?)))           (a!69 (or (not (>= x!4 69.0))                     (<= (+ (* 1.0869565217? x!0) (* (- 1.0869565217?) x!5))                         15.2640255097?)))           (a!70 (or (not (>= x!4 70.0))                     (<= (+ (* 1.0869565217? x!0) (* (- 1.0869565217?) x!5))                         14.0429034689?)))           (a!71 (or (not (>= x!4 71.0))                     (<= (+ (* 1.0869565217? x!0) (* (- 1.0869565217?) x!5))                         12.9194711914?)))           (a!72 (or (not (>= x!4 72.0))                     (<= (+ (* 1.0869565217? x!0) (* (- 1.0869565217?) x!5))                         11.8859134961?)))           (a!73 (or (not (>= x!4 73.0))                     (<= (+ (* 1.0869565217? x!0) (* (- 1.0869565217?) x!5))                         10.9350404164?)))           (a!74 (or (not (>= x!4 75.0))                     (<= (+ (* 1.0869565217? x!0) (* (- 1.0869565217?) x!5))                         9.2554182084?)))           (a!75 (or (not (>= x!4 74.0))                     (<= (+ (* 1.0869565217? x!0) (* (- 1.0869565217?) x!5))                         10.0602371831?)))           (a!76 (or (not (>= x!4 76.0))                     (<= (+ (* 1.0869565217? x!0) (* (- 1.0869565217?) x!5))                         8.5149847518?)))           (a!77 (or (not (>= x!4 77.0))                     (<= (+ (* 1.0869565217? x!0) (* (- 1.0869565217?) x!5))                         7.8337859716?)))           (a!78 (or (not (>= x!4 78.0))                     (<= (+ (* 1.0869565217? x!0) (* (- 1.0869565217?) x!5))                         7.2070830939?)))           (a!79 (or (not (>= x!4 79.0))                     (<= (+ (* 1.0869565217? x!0) (* (- 1.0869565217?) x!5))                         6.6305164464?)))           (a!80 (or (not (>= x!4 80.0))                     (<= (+ (* 1.0869565217? x!0) (* (- 1.0869565217?) x!5))                         6.1000751306?)))           (a!81 (or (not (>= x!4 81.0))                     (<= (+ (* 1.0869565217? x!0) (* (- 1.0869565217?) x!5))                         5.6120691202?)))           (a!82 (or (not (>= x!4 83.0))                     (<= (+ (* 1.0869565217? x!0) (* (- 1.0869565217?) x!5))                         4.7500553033?)))           (a!83 (or (not (>= x!4 82.0))                     (<= (+ (* 1.0869565217? x!0) (* (- 1.0869565217?) x!5))                         5.1631035906?)))           (a!84 (or (not (>= x!4 84.0))                     (<= (+ (* 1.0869565217? x!0) (* (- 1.0869565217?) x!5))                         4.3700508791?)))           (a!85 (or (not (>= x!4 86.0))                     (<= (+ (* 1.0869565217? x!0) (* (- 1.0869565217?) x!5))                         3.6988110640?)))           (a!86 (or (not (>= x!4 85.0))                     (<= (+ (* 1.0869565217? x!0) (* (- 1.0869565217?) x!5))                         4.0204468087?)))           (a!87 (or (not (>= x!4 87.0))                     (<= (+ (* 1.0869565217? x!0) (* (- 1.0869565217?) x!5))                         3.4029061789?)))           (a!88 (or (not (>= x!4 89.0))                     (<= (+ (* 1.0869565217? x!0) (* (- 1.0869565217?) x!5))                         2.8802197898?)))           (a!89 (or (not (>= x!4 88.0))                     (<= (+ (* 1.0869565217? x!0) (* (- 1.0869565217?) x!5))                         3.1306736846?)))           (a!90 (or (not (>= x!4 90.0))                     (<= (+ (* 1.0869565217? x!0) (* (- 1.0869565217?) x!5))                         2.6498022066?)))           (a!91 (or (not (>= x!4 92.0))                     (<= (+ (* 1.0869565217? x!0) (* (- 1.0869565217?) x!5))                         2.2427925877?)))           (a!92 (or (not (>= x!4 91.0))                     (<= (+ (* 1.0869565217? x!0) (* (- 1.0869565217?) x!5))                         2.4378180301?)))           (a!93 (or (not (>= x!4 93.0))                     (<= (+ (* 1.0869565217? x!0) (* (- 1.0869565217?) x!5))                         2.0633691807?)))           (a!94 (or (not (>= x!4 94.0))                     (<= (+ (* 1.0869565217? x!0) (* (- 1.0869565217?) x!5))                         1.8982996462?)))           (a!95 (or (not (>= x!4 95.0))                     (<= (+ (* 1.0869565217? x!0) (* (- 1.0869565217?) x!5))                         1.7464356745?)))           (a!96 (or (not (>= x!4 96.0))                     (<= (+ (* 1.0869565217? x!0) (* (- 1.0869565217?) x!5))                         1.6067208205?)))           (a!97 (or (not (>= x!4 97.0))                     (<= (+ (* 1.0869565217? x!0) (* (- 1.0869565217?) x!5))                         1.4781831549?)))           (a!98 (or (not (>= x!4 98.0))                     (<= (+ (* 1.0869565217? x!0) (* (- 1.0869565217?) x!5))                         1.3599285025?)))           (a!99 (or (not (>= x!4 99.0))                     (<= (+ (* 1.0869565217? x!0) (* (- 1.0869565217?) x!5))                         1.2511342223?)))           (a!100 (or (not (>= x!4 100.0))                      (<= (+ (* 1.0869565217? x!0) (* (- 1.0869565217?) x!5))                          1.1510434845?)))           (a!101 (or (not (>= x!4 101.0))                      (<= (+ (* 1.0869565217? x!0) (* (- 1.0869565217?) x!5))                          1.0589600057?)))           (a!102 (or (not (>= x!4 102.0))                      (<= (+ (* 1.0869565217? x!0) (* (- 1.0869565217?) x!5))                          0.9742432053?)))           (a!103 (or (not (>= x!4 103.0))                      (<= (+ (* 1.0869565217? x!0) (* (- 1.0869565217?) x!5))                          0.8963037489?)))           (a!104 (or (not (>= x!4 104.0))                      (<= (+ (* 1.0869565217? x!0) (* (- 1.0869565217?) x!5))                          0.8245994489?)))           (a!105 (or (not (>= x!4 105.0))                      (<= (+ (* 1.0869565217? x!0) (* (- 1.0869565217?) x!5))                          0.7586314930?)))           (a!106 (or (not (>= x!4 106.0))                      (<= (+ (* 1.0869565217? x!0) (* (- 1.0869565217?) x!5))                          0.6979409736?)))           (a!107 (or (not (>= x!4 107.0))                      (<= (+ (* 1.0869565217? x!0) (* (- 1.0869565217?) x!5))                          0.6421056957?)))           (a!108 (or (not (>= x!4 108.0))                      (<= (+ (* 1.0869565217? x!0) (* (- 1.0869565217?) x!5))                          0.5907372400?)))           (a!109 (or (not (>= x!4 19.0))                      (>= (+ (* 0.0005506865? x!0) (* (- 0.0005506865?) x!5))                          (- 1.0))))           (a!110 (or (<= x!4 0.0)                      (>= (+ (* 0.0005066316? x!0) (* (- 0.0005066316?) x!5))                          (- 1.0))))           (a!111 (or (>= (+ (* 0.0005985723? x!0) (* (- 0.0005985723?) x!5))                          (- 1.0))                      (not (>= x!4 20.0))))           (a!112 (or (not (>= x!4 21.0))                      (>= (+ (* 0.0006506220? x!0) (* (- 0.0006506220?) x!5))                          (- 1.0))))           (a!113 (or (not (>= x!4 22.0))                      (>= (+ (* 0.0007071979? x!0) (* (- 0.0007071979?) x!5))                          (- 1.0))))           (a!114 (or (not (>= x!4 23.0))                      (>= (+ (* 0.0007686933? x!0) (* (- 0.0007686933?) x!5))                          (- 1.0))))           (a!115 (or (not (>= x!4 24.0))                      (>= (+ (* 0.0008355363? x!0) (* (- 0.0008355363?) x!5))                          (- 1.0))))           (a!116 (or (not (>= x!4 25.0))                      (>= (+ (* 0.0009081916? x!0) (* (- 0.0009081916?) x!5))                          (- 1.0))))           (a!117 (or (not (>= x!4 26.0))                      (>= (+ (* 0.0009871648? x!0) (* (- 0.0009871648?) x!5))                          (- 1.0))))           (a!118 (or (not (>= x!4 27.0))                      (>= (+ (* 0.0010730052? x!0) (* (- 0.0010730052?) x!5))                          (- 1.0))))           (a!119 (or (not (>= x!4 28.0))                      (>= (+ (* 0.0011663100? x!0) (* (- 0.0011663100?) x!5))                          (- 1.0))))           (a!120 (or (not (>= x!4 29.0))                      (>= (+ (* 0.0012677283? x!0) (* (- 0.0012677283?) x!5))                          (- 1.0))))           (a!121 (or (not (>= x!4 30.0))                      (>= (+ (* 0.0013779655? x!0) (* (- 0.0013779655?) x!5))                          (- 1.0))))           (a!122 (or (not (>= x!4 31.0))                      (>= (+ (* 0.0014977886? x!0) (* (- 0.0014977886?) x!5))                          (- 1.0))))           (a!123 (or (not (>= x!4 32.0))                      (>= (+ (* 0.0016280311? x!0) (* (- 0.0016280311?) x!5))                          (- 1.0))))           (a!124 (or (not (>= x!4 33.0))                      (>= (+ (* 0.0017695990? x!0) (* (- 0.0017695990?) x!5))                          (- 1.0))))           (a!125 (or (not (>= x!4 34.0))                      (>= (+ (* 0.0019234772? x!0) (* (- 0.0019234772?) x!5))                          (- 1.0))))           (a!126 (or (not (>= x!4 35.0))                      (>= (+ (* 0.0020907361? x!0) (* (- 0.0020907361?) x!5))                          (- 1.0))))           (a!127 (or (not (>= x!4 36.0))                      (>= (+ (* 0.0022725392? x!0) (* (- 0.0022725392?) x!5))                          (- 1.0))))           (a!128 (or (not (>= x!4 37.0))                      (>= (+ (* 0.0024701513? x!0) (* (- 0.0024701513?) x!5))                          (- 1.0))))           (a!129 (or (not (>= x!4 38.0))                      (>= (+ (* 0.0026849471? x!0) (* (- 0.0026849471?) x!5))                          (- 1.0))))           (a!130 (or (not (>= x!4 39.0))                      (>= (+ (* 0.0029184208? x!0) (* (- 0.0029184208?) x!5))                          (- 1.0))))           (a!131 (or (not (>= x!4 40.0))                      (>= (+ (* 0.0031721965? x!0) (* (- 0.0031721965?) x!5))                          (- 1.0))))           (a!132 (or (not (>= x!4 41.0))                      (>= (+ (* 0.0034480397? x!0) (* (- 0.0034480397?) x!5))                          (- 1.0))))           (a!133 (or (not (>= x!4 42.0))                      (>= (+ (* 0.0037478692? x!0) (* (- 0.0037478692?) x!5))                          (- 1.0))))           (a!134 (or (not (>= x!4 43.0))                      (>= (+ (* 0.0040737709? x!0) (* (- 0.0040737709?) x!5))                          (- 1.0))))           (a!135 (or (not (>= x!4 44.0))                      (>= (+ (* 0.0044280118? x!0) (* (- 0.0044280118?) x!5))                          (- 1.0))))           (a!136 (or (not (>= x!4 45.0))                      (>= (+ (* 0.0048130563? x!0) (* (- 0.0048130563?) x!5))                          (- 1.0))))           (a!137 (or (not (>= x!4 46.0))                      (>= (+ (* 0.0052315830? x!0) (* (- 0.0052315830?) x!5))                          (- 1.0))))           (a!138 (or (not (>= x!4 47.0))                      (>= (+ (* 0.0056865032? x!0) (* (- 0.0056865032?) x!5))                          (- 1.0))))           (a!139 (or (not (>= x!4 48.0))                      (>= (+ (* 0.0061809818? x!0) (* (- 0.0061809818?) x!5))                          (- 1.0))))           (a!140 (or (not (>= x!4 49.0))                      (>= (+ (* 0.0067184585? x!0) (* (- 0.0067184585?) x!5))                          (- 1.0))))           (a!141 (or (not (>= x!4 50.0))                      (>= (+ (* 0.0073026723? x!0) (* (- 0.0073026723?) x!5))                          (- 1.0))))           (a!142 (or (not (>= x!4 51.0))                      (>= (+ (* 0.0079376872? x!0) (* (- 0.0079376872?) x!5))                          (- 1.0))))           (a!143 (or (not (>= x!4 52.0))                      (>= (+ (* 0.0086279209? x!0) (* (- 0.0086279209?) x!5))                          (- 1.0))))           (a!144 (or (not (>= x!4 53.0))                      (>= (+ (* 0.0093781749? x!0) (* (- 0.0093781749?) x!5))                          (- 1.0))))           (a!145 (or (not (>= x!4 54.0))                      (>= (+ (* 0.0101936684? x!0) (* (- 0.0101936684?) x!5))                          (- 1.0))))           (a!146 (or (not (>= x!4 55.0))                      (>= (+ (* 0.0110800744? x!0) (* (- 0.0110800744?) x!5))                          (- 1.0))))           (a!147 (or (not (>= x!4 56.0))                      (>= (+ (* 0.0120435591? x!0) (* (- 0.0120435591?) x!5))                          (- 1.0))))           (a!148 (or (not (>= x!4 57.0))                      (>= (+ (* 0.0130908251? x!0) (* (- 0.0130908251?) x!5))                          (- 1.0))))           (a!149 (or (not (>= x!4 58.0))                      (>= (+ (* 0.0142291577? x!0) (* (- 0.0142291577?) x!5))                          (- 1.0))))           (a!150 (or (not (>= x!4 59.0))                      (>= (+ (* 0.0154664758? x!0) (* (- 0.0154664758?) x!5))                          (- 1.0))))           (a!151 (or (not (>= x!4 60.0))                      (>= (+ (* 0.0168113867? x!0) (* (- 0.0168113867?) x!5))                          (- 1.0))))           (a!152 (or (not (>= x!4 61.0))                      (>= (+ (* 0.0182732464? x!0) (* (- 0.0182732464?) x!5))                          (- 1.0))))           (a!153 (or (not (>= x!4 62.0))                      (>= (+ (* 0.0198622244? x!0) (* (- 0.0198622244?) x!5))                          (- 1.0))))           (a!154 (or (not (>= x!4 63.0))                      (>= (+ (* 0.0215893744? x!0) (* (- 0.0215893744?) x!5))                          (- 1.0))))           (a!155 (or (not (>= x!4 64.0))                      (>= (+ (* 0.0234667113? x!0) (* (- 0.0234667113?) x!5))                          (- 1.0))))           (a!156 (or (not (>= x!4 65.0))                      (>= (+ (* 0.0255072948? x!0) (* (- 0.0255072948?) x!5))                          (- 1.0))))           (a!157 (or (not (>= x!4 66.0))                      (>= (+ (* 0.0277253205? x!0) (* (- 0.0277253205?) x!5))                          (- 1.0))))           (a!158 (or (not (>= x!4 67.0))                      (>= (+ (* 0.0301362179? x!0) (* (- 0.0301362179?) x!5))                          (- 1.0))))           (a!159 (or (not (>= x!4 68.0))                      (>= (+ (* 0.0327567586? x!0) (* (- 0.0327567586?) x!5))                          (- 1.0))))           (a!160 (or (not (>= x!4 69.0))                      (>= (+ (* 0.0356051724? x!0) (* (- 0.0356051724?) x!5))                          (- 1.0))))           (a!161 (or (not (>= x!4 70.0))                      (>= (+ (* 0.0387012744? x!0) (* (- 0.0387012744?) x!5))                          (- 1.0))))           (a!162 (or (not (>= x!4 71.0))                      (>= (+ (* 0.0420666026? x!0) (* (- 0.0420666026?) x!5))                          (- 1.0))))           (a!163 (or (not (>= x!4 72.0))                      (>= (+ (* 0.0457245680? x!0) (* (- 0.0457245680?) x!5))                          (- 1.0))))           (a!164 (or (not (>= x!4 73.0))                      (>= (+ (* 0.0497006174? x!0) (* (- 0.0497006174?) x!5))                          (- 1.0))))           (a!165 (or (not (>= x!4 74.0))                      (>= (+ (* 0.0540224103? x!0) (* (- 0.0540224103?) x!5))                          (- 1.0))))           (a!166 (or (not (>= x!4 75.0))                      (>= (+ (* 0.0587200112? x!0) (* (- 0.0587200112?) x!5))                          (- 1.0))))           (a!167 (or (not (>= x!4 76.0))                      (>= (+ (* 0.0638260991? x!0) (* (- 0.0638260991?) x!5))                          (- 1.0))))           (a!168 (or (not (>= x!4 77.0))                      (>= (+ (* 0.0693761947? x!0) (* (- 0.0693761947?) x!5))                          (- 1.0))))           (a!169 (or (not (>= x!4 78.0))                      (>= (+ (* 0.0754089072? x!0) (* (- 0.0754089072?) x!5))                          (- 1.0))))           (a!170 (or (not (>= x!4 79.0))                      (>= (+ (* 0.0819662035? x!0) (* (- 0.0819662035?) x!5))                          (- 1.0))))           (a!171 (or (not (>= x!4 80.0))                      (>= (+ (* 0.0890936995? x!0) (* (- 0.0890936995?) x!5))                          (- 1.0))))           (a!172 (or (not (>= x!4 81.0))                      (>= (+ (* 0.0968409777? x!0) (* (- 0.0968409777?) x!5))                          (- 1.0))))           (a!173 (or (not (>= x!4 82.0))                      (>= (+ (* 0.1052619323? x!0) (* (- 0.1052619323?) x!5))                          (- 1.0))))           (a!174 (or (not (>= x!4 83.0))                      (>= (+ (* 0.1144151438? x!0) (* (- 0.1144151438?) x!5))                          (- 1.0))))           (a!175 (or (not (>= x!4 84.0))                      (>= (+ (* 0.1243642868? x!0) (* (- 0.1243642868?) x!5))                          (- 1.0))))           (a!176 (or (not (>= x!4 85.0))                      (>= (+ (* 0.1351785726? x!0) (* (- 0.1351785726?) x!5))                          (- 1.0))))           (a!177 (or (not (>= x!4 86.0))                      (>= (+ (* 0.1469332310? x!0) (* (- 0.1469332310?) x!5))                          (- 1.0))))           (a!178 (or (not (>= x!4 87.0))                      (>= (+ (* 0.1597100338? x!0) (* (- 0.1597100338?) x!5))                          (- 1.0))))           (a!179 (or (not (>= x!4 88.0))                      (>= (+ (* 0.1735978628? x!0) (* (- 0.1735978628?) x!5))                          (- 1.0))))           (a!180 (or (not (>= x!4 89.0))                      (>= (+ (* 0.1886933291? x!0) (* (- 0.1886933291?) x!5))                          (- 1.0))))           (a!181 (or (not (>= x!4 90.0))                      (>= (+ (* 0.2051014447? x!0) (* (- 0.2051014447?) x!5))                          (- 1.0))))           (a!182 (or (not (>= x!4 91.0))                      (>= (+ (* 0.2229363529? x!0) (* (- 0.2229363529?) x!5))                          (- 1.0))))           (a!183 (or (not (>= x!4 92.0))                      (>= (+ (* 0.2423221228? x!0) (* (- 0.2423221228?) x!5))                          (- 1.0))))           (a!184 (or (not (>= x!4 93.0))                      (>= (+ (* 0.2633936117? x!0) (* (- 0.2633936117?) x!5))                          (- 1.0))))           (a!185 (or (not (>= x!4 94.0))                      (>= (+ (* 0.2862974040? x!0) (* (- 0.2862974040?) x!5))                          (- 1.0))))           (a!186 (or (not (>= x!4 95.0))                      (>= (+ (* 0.3111928305? x!0) (* (- 0.3111928305?) x!5))                          (- 1.0))))           (a!187 (or (not (>= x!4 96.0))                      (>= (+ (* 0.3382530766? x!0) (* (- 0.3382530766?) x!5))                          (- 1.0))))           (a!188 (or (not (>= x!4 97.0))                      (>= (+ (* 1.0869565217? x!0) (* (- 1.0869565217?) x!5))                          (- 2.9563663098?))))           (a!189 (or (not (>= x!4 98.0))                      (>= (+ (* 1.0869565217? x!0) (* (- 1.0869565217?) x!5))                          (- 2.7198570050?))))           (a!190 (or (not (>= x!4 99.0))                      (>= (+ (* 0.4343884542? x!0) (* (- 0.4343884542?) x!5))                          (- 1.0))))           (a!191 (or (not (>= x!4 100.0))                      (>= (+ (* 0.4721613632? x!0) (* (- 0.4721613632?) x!5))                          (- 1.0))))           (a!192 (or (not (>= x!4 101.0))                      (>= (+ (* 1.0869565217? x!0) (* (- 1.0869565217?) x!5))                          (- 2.1179200115?))))           (a!193 (or (not (>= x!4 102.0))                      (>= (+ (* 1.0869565217? x!0) (* (- 1.0869565217?) x!5))                          (- 1.9484864106?))))           (a!194 (or (not (>= x!4 103.0))                      (>= (+ (* 0.6063550013? x!0) (* (- 0.6063550013?) x!5))                          (- 1.0))))           (a!195 (or (not (>= x!4 104.0))                      (>= (+ (* 1.0869565217? x!0) (* (- 1.0869565217?) x!5))                          (- 1.6491988979?))))           (a!196 (or (not (>= x!4 105.0))                      (>= (+ (* 1.0869565217? x!0) (* (- 1.0869565217?) x!5))                          (- 1.5172629861?))))           (a!197 (or (not (>= x!4 106.0))                      (>= (+ (* 0.778688 x!0) (* (- 0.778688) x!5)) (- 1.0))))           (a!198 (or (not (>= x!4 107.0))                      (>= (+ (* 1.0869565217? x!0) (* (- 1.0869565217?) x!5))                          (- 1.2842113914?)))))       (and a!1            (<= (+ x!0 (* (- 1.0) x!5)) 4000.0)            a!2            a!3            a!4            a!5            a!6            a!7            a!8            a!9            a!10            a!11            a!12            a!13            a!14            a!15            a!16            a!17            a!18            a!19            a!20            a!21            a!22            a!23            a!24            a!25            a!26            a!27            a!28            a!29            a!30            a!31            a!32            a!33            a!34            a!35            a!36            a!37            a!38            a!39            a!40            a!41            a!42            a!43            a!44            a!45            a!46            a!47            a!48            a!49            a!50            a!51            a!52            a!53            a!54            a!55            a!56            a!57            a!58            a!59            a!60            a!61            a!62            a!63            a!64            a!65            a!66            a!67            a!68            a!69            a!70            a!71            a!72            a!73            a!74            a!75            a!76            a!77            a!78            a!79            a!80            a!81            a!82            a!83            a!84            a!85            a!86            a!87            a!88            a!89            a!90            a!91            a!92            a!93            a!94            a!95            a!96            a!97            a!98            a!99            a!100            a!101            a!102            a!103            a!104            a!105            a!106            a!107            a!108            (>= (+ (* 0.0004661010? x!0) (* (- 0.0004661010?) x!5)) (- 1.0))            a!109            a!110            a!111            a!112            a!113            a!114            a!115            a!116            a!117            a!118            a!119            a!120            a!121            a!122            a!123            a!124            a!125            a!126            a!127            a!128            a!129            a!130            a!131            a!132            a!133            a!134            a!135            a!136            a!137            a!138            a!139            a!140            a!141            a!142            a!143            a!144            a!145            a!146            a!147            a!148            a!149            a!150            a!151            a!152            a!153            a!154            a!155            a!156            a!157            a!158            a!159            a!160            a!161            a!162            a!163            a!164            a!165            a!166            a!167            a!168            a!169            a!170            a!171            a!172            a!173            a!174            a!175            a!176            a!177            a!178            a!179            a!180            a!181            a!182            a!183            a!184            a!185            a!186            a!187            a!188            a!189            a!190            a!191            a!192            a!193            a!194            a!195            a!196            a!197            a!198))) ),149.9049
p_0.00_4000.00_0.00_2000.00_0.0800_110.00_0.50_1.00.smt2,0.00,4000.00,0.00,2000.00,0.0800,110.00,0.50,1.00,Golem,sat,4.3430
p_0.00_4000.00_0.00_2000.00_0.0800_110.00_1.00_0.50.smt2,0.00,4000.00,0.00,2000.00,0.0800,110.00,1.00,0.50,Spacer,sat (   (define-fun Inv ((x!0 Real)    (x!1 Real)    (x!2 Real)    (x!3 Real)    (x!4 Real)    (x!5 Real)) Bool     (let ((a!1 (or (not (>= x!4 108.0))                    (>= (+ (* 0.92 x!0) (* (- 0.92) x!5)) (- 0.5))))           (a!2 (or (<= x!4 0.0)                    (<= (+ (* 0.0002600129? x!0) (* (- 0.0002600129?) x!5))                        0.9568474986?)))           (a!3 (or (<= x!4 1.0)                    (<= (+ (* 0.0002826227? x!0) (* (- 0.0002826227?) x!5)) 1.0)))           (a!4 (or (not (>= x!4 12.0))                    (<= (+ (* 0.0003071986? x!0) (* (- 0.0003071986?) x!5)) 1.0)))           (a!5 (or (not (>= x!4 14.0))                    (<= (+ (* 1.0869565217? x!0) (* (- 1.0869565217?) x!5))                        2994.8051743970?)))           (a!6 (or (not (>= x!4 13.0))                    (<= (+ (* 0.0003339115? x!0) (* (- 0.0003339115?) x!5)) 1.0)))           (a!7 (or (<= (+ (* 1.0869565217? x!0) (* (- 1.0869565217?) x!5))                        2755.2207604452?)                    (not (>= x!4 15.0))))           (a!8 (or (<= (+ (* 1.0869565217? x!0) (* (- 1.0869565217?) x!5))                        2534.8030996096?)                    (not (>= x!4 16.0))))           (a!9 (or (<= (+ (* 1.0869565217? x!0) (* (- 1.0869565217?) x!5))                        2332.0188516409?)                    (not (>= x!4 17.0))))           (a!10 (or (not (>= x!4 18.0))                     (<= (+ (* 0.0005066316? x!0) (* (- 0.0005066316?) x!5)) 1.0)))           (a!11 (or (not (>= x!4 20.0))                     (<= (+ (* 1.0869565217? x!0) (* (- 1.0869565217?) x!5))                         1815.9150955465?)))           (a!12 (or (not (>= x!4 19.0))                     (<= (+ (* 0.0005506865? x!0) (* (- 0.0005506865?) x!5)) 1.0)))           (a!13 (or (not (>= x!4 21.0))                     (<= (+ (* 1.0869565217? x!0) (* (- 1.0869565217?) x!5))                         1670.6418879028?)))           (a!14 (or (not (>= x!4 22.0))                     (<= (+ (* 0.0007071979? x!0) (* (- 0.0007071979?) x!5)) 1.0)))           (a!15 (or (not (>= x!4 23.0))                     (<= (+ (* 1.0869565217? x!0) (* (- 1.0869565217?) x!5))                         1414.0312939209?)))           (a!16 (or (not (>= x!4 24.0))                     (<= (+ (* 1.0869565217? x!0) (* (- 1.0869565217?) x!5))                         1300.9087904072?)))           (a!17 (or (not (>= x!4 25.0))                     (<= (+ (* 1.0869565217? x!0) (* (- 1.0869565217?) x!5))                         1196.8360871746?)))           (a!18 (or (not (>= x!4 27.0))                     (<= (+ (* 1.0869565217? x!0) (* (- 1.0869565217?) x!5))                         1013.0020641846?)))           (a!19 (or (not (>= x!4 26.0))                     (<= (+ (* 0.0009871648? x!0) (* (- 0.0009871648?) x!5)) 1.0)))           (a!20 (or (not (>= x!4 28.0))                     (<= (+ (* 1.0869565217? x!0) (* (- 1.0869565217?) x!5))                         931.9618990498?)))           (a!21 (or (not (>= x!4 29.0))                     (<= (+ (* 1.0869565217? x!0) (* (- 1.0869565217?) x!5))                         857.4049471258?)))           (a!22 (or (not (>= x!4 30.0))                     (<= (+ (* 1.0869565217? x!0) (* (- 1.0869565217?) x!5))                         788.8125513558?)))           (a!23 (or (not (>= x!4 31.0))                     (<= (+ (* 1.0869565217? x!0) (* (- 1.0869565217?) x!5))                         725.7075472473?)))           (a!24 (or (not (>= x!4 32.0))                     (<= (+ (* 1.0869565217? x!0) (* (- 1.0869565217?) x!5))                         667.6509434675?)))           (a!25 (or (not (>= x!4 33.0))                     (<= (+ (* 1.0869565217? x!0) (* (- 1.0869565217?) x!5))                         614.2388679901?)))           (a!26 (or (not (>= x!4 34.0))                     (<= (+ (* 1.0869565217? x!0) (* (- 1.0869565217?) x!5))                         565.0997585509?)))           (a!27 (or (not (>= x!4 35.0))                     (<= (+ (* 1.0869565217? x!0) (* (- 1.0869565217?) x!5))                         519.8917778668?)))           (a!28 (or (not (>= x!4 37.0))                     (<= (+ (* 1.0869565217? x!0) (* (- 1.0869565217?) x!5))                         440.0364007865?)))           (a!29 (or (not (>= x!4 36.0))                     (<= (+ (* 0.0022725392? x!0) (* (- 0.0022725392?) x!5)) 1.0)))           (a!30 (or (not (>= x!4 38.0))                     (<= (+ (* 1.0869565217? x!0) (* (- 1.0869565217?) x!5))                         404.8334887236?)))           (a!31 (or (<= (+ (* 1.0869565217? x!0) (* (- 1.0869565217?) x!5))                         342.6510648556?)                     (not (>= x!4 40.0))))           (a!32 (or (not (>= x!4 39.0))                     (<= (+ (* 0.0029184208? x!0) (* (- 0.0029184208?) x!5)) 1.0)))           (a!33 (or (not (>= x!4 41.0))                     (<= (+ (* 0.0034480397? x!0) (* (- 0.0034480397?) x!5)) 1.0)))           (a!34 (or (not (>= x!4 42.0))                     (<= (+ (* 0.0037478692? x!0) (* (- 0.0037478692?) x!5)) 1.0)))           (a!35 (or (not (>= x!4 43.0))                     (<= (+ (* 0.0040737709? x!0) (* (- 0.0040737709?) x!5)) 1.0)))           (a!36 (or (<= (+ (* 1.0869565217? x!0) (* (- 1.0869565217?) x!5))                         245.4728105990?)                     (not (>= x!4 44.0))))           (a!37 (or (<= (+ (* 1.0869565217? x!0) (* (- 1.0869565217?) x!5))                         225.8349857511?)                     (not (>= x!4 45.0))))           (a!38 (or (not (>= x!4 46.0))                     (<= (+ (* 0.0052315830? x!0) (* (- 0.0052315830?) x!5)) 1.0)))           (a!39 (or (not (>= x!4 47.0))                     (<= (+ (* 0.0056865032? x!0) (* (- 0.0056865032?) x!5)) 1.0)))           (a!40 (or (not (>= x!4 48.0))                     (<= (+ (* 0.0061809818? x!0) (* (- 0.0061809818?) x!5)) 1.0)))           (a!41 (or (not (>= x!4 49.0))                     (<= (+ (* 0.0067184585? x!0) (* (- 0.0067184585?) x!5)) 1.0)))           (a!42 (or (not (>= x!4 50.0))                     (<= (+ (* 0.0073026723? x!0) (* (- 0.0073026723?) x!5)) 1.0)))           (a!43 (or (not (>= x!4 51.0))                     (<= (+ (* 0.0079376872? x!0) (* (- 0.0079376872?) x!5)) 1.0)))           (a!44 (or (not (>= x!4 52.0))                     (<= (+ (* 0.0086279209? x!0) (* (- 0.0086279209?) x!5)) 1.0)))           (a!45 (or (not (>= x!4 53.0))                     (<= (+ (* 0.0093781749? x!0) (* (- 0.0093781749?) x!5)) 1.0)))           (a!46 (or (not (>= x!4 54.0))                     (<= (+ (* 0.0101936684? x!0) (* (- 0.0101936684?) x!5)) 1.0)))           (a!47 (or (not (>= x!4 55.0))                     (<= (+ (* 0.0110800744? x!0) (* (- 0.0110800744?) x!5)) 1.0)))           (a!48 (or (not (>= x!4 56.0))                     (<= (+ (* 0.0120435591? x!0) (* (- 0.0120435591?) x!5)) 1.0)))           (a!49 (or (not (>= x!4 57.0))                     (<= (+ (* 0.0130908251? x!0) (* (- 0.0130908251?) x!5)) 1.0)))           (a!50 (or (not (>= x!4 58.0))                     (<= (+ (* 0.0142291577? x!0) (* (- 0.0142291577?) x!5)) 1.0)))           (a!51 (or (not (>= x!4 59.0))                     (<= (+ (* 0.0154664758? x!0) (* (- 0.0154664758?) x!5)) 1.0)))           (a!52 (or (not (>= x!4 60.0))                     (<= (+ (* 0.0168113867? x!0) (* (- 0.0168113867?) x!5)) 1.0)))           (a!53 (or (not (>= x!4 61.0))                     (<= (+ (* 0.0182732464? x!0) (* (- 0.0182732464?) x!5)) 1.0)))           (a!54 (or (not (>= x!4 62.0))                     (<= (+ (* 0.0198622244? x!0) (* (- 0.0198622244?) x!5)) 1.0)))           (a!55 (or (not (>= x!4 63.0))                     (<= (+ (* 0.0215893744? x!0) (* (- 0.0215893744?) x!5)) 1.0)))           (a!56 (or (not (>= x!4 64.0))                     (<= (+ (* 0.0234667113? x!0) (* (- 0.0234667113?) x!5)) 1.0)))           (a!57 (or (not (>= x!4 65.0))                     (<= (+ (* 0.0255072948? x!0) (* (- 0.0255072948?) x!5)) 1.0)))           (a!58 (or (not (>= x!4 66.0))                     (<= (+ (* 0.0277253205? x!0) (* (- 0.0277253205?) x!5)) 1.0)))           (a!59 (or (not (>= x!4 67.0))                     (<= (+ (* 0.0301362179? x!0) (* (- 0.0301362179?) x!5)) 1.0)))           (a!60 (or (not (>= x!4 68.0))                     (<= (+ (* 0.0327567586? x!0) (* (- 0.0327567586?) x!5)) 1.0)))           (a!61 (or (not (>= x!4 69.0))                     (<= (+ (* 0.0356051724? x!0) (* (- 0.0356051724?) x!5)) 1.0)))           (a!62 (or (not (>= x!4 70.0))                     (<= (+ (* 0.0387012744? x!0) (* (- 0.0387012744?) x!5)) 1.0)))           (a!63 (or (not (>= x!4 71.0))                     (<= (+ (* 0.0420666026? x!0) (* (- 0.0420666026?) x!5)) 1.0)))           (a!64 (or (not (>= x!4 72.0))                     (<= (+ (* 0.0457245680? x!0) (* (- 0.0457245680?) x!5)) 1.0)))           (a!65 (or (not (>= x!4 73.0))                     (<= (+ (* 0.0497006174? x!0) (* (- 0.0497006174?) x!5)) 1.0)))           (a!66 (or (not (>= x!4 74.0))                     (<= (+ (* 0.0540224103? x!0) (* (- 0.0540224103?) x!5)) 1.0)))           (a!67 (or (not (>= x!4 75.0))                     (<= (+ (* 0.0587200112? x!0) (* (- 0.0587200112?) x!5)) 1.0)))           (a!68 (or (not (>= x!4 76.0))                     (<= (+ (* 0.0638260991? x!0) (* (- 0.0638260991?) x!5)) 1.0)))           (a!69 (or (not (>= x!4 77.0))                     (<= (+ (* 0.0693761947? x!0) (* (- 0.0693761947?) x!5)) 1.0)))           (a!70 (or (not (>= x!4 78.0))                     (<= (+ (* 0.0754089072? x!0) (* (- 0.0754089072?) x!5)) 1.0)))           (a!71 (or (not (>= x!4 79.0))                     (<= (+ (* 0.0819662035? x!0) (* (- 0.0819662035?) x!5)) 1.0)))           (a!72 (or (not (>= x!4 80.0))                     (<= (+ (* 0.0890936995? x!0) (* (- 0.0890936995?) x!5)) 1.0)))           (a!73 (or (not (>= x!4 81.0))                     (<= (+ (* 0.0968409777? x!0) (* (- 0.0968409777?) x!5)) 1.0)))           (a!74 (or (not (>= x!4 82.0))                     (<= (+ (* 0.1052619323? x!0) (* (- 0.1052619323?) x!5)) 1.0)))           (a!75 (or (not (>= x!4 83.0))                     (<= (+ (* 0.1144151438? x!0) (* (- 0.1144151438?) x!5)) 1.0)))           (a!76 (or (not (>= x!4 84.0))                     (<= (+ (* 0.1243642868? x!0) (* (- 0.1243642868?) x!5)) 1.0)))           (a!77 (or (not (>= x!4 85.0))                     (<= (+ (* 0.1351785726? x!0) (* (- 0.1351785726?) x!5)) 1.0)))           (a!78 (or (not (>= x!4 86.0))                     (<= (+ (* 0.1469332310? x!0) (* (- 0.1469332310?) x!5)) 1.0)))           (a!79 (or (not (>= x!4 87.0))                     (<= (+ (* 0.1597100338? x!0) (* (- 0.1597100338?) x!5)) 1.0)))           (a!80 (or (not (>= x!4 88.0))                     (<= (+ (* 0.1735978628? x!0) (* (- 0.1735978628?) x!5)) 1.0)))           (a!81 (or (not (>= x!4 89.0))                     (<= (+ (* 0.1886933291? x!0) (* (- 0.1886933291?) x!5)) 1.0)))           (a!82 (or (not (>= x!4 90.0))                     (<= (+ (* 0.2051014447? x!0) (* (- 0.2051014447?) x!5)) 1.0)))           (a!83 (or (not (>= x!4 91.0))                     (<= (+ (* 0.2229363529? x!0) (* (- 0.2229363529?) x!5)) 1.0)))           (a!84 (or (not (>= x!4 92.0))                     (<= (+ (* 0.2423221228? x!0) (* (- 0.2423221228?) x!5)) 1.0)))           (a!85 (or (not (>= x!4 93.0))                     (<= (+ (* 0.2633936117? x!0) (* (- 0.2633936117?) x!5)) 1.0)))           (a!86 (or (not (>= x!4 94.0))                     (<= (+ (* 0.2862974040? x!0) (* (- 0.2862974040?) x!5)) 1.0)))           (a!87 (or (not (>= x!4 95.0))                     (<= (+ (* 0.3111928305? x!0) (* (- 0.3111928305?) x!5)) 1.0)))           (a!88 (or (not (>= x!4 96.0))                     (<= (+ (* 0.3382530766? x!0) (* (- 0.3382530766?) x!5)) 1.0)))           (a!89 (or (not (>= x!4 97.0))                     (<= (+ (* 0.3676663876? x!0) (* (- 0.3676663876?) x!5)) 1.0)))           (a!90 (or (not (>= x!4 98.0))                     (<= (+ (* 0.3996373778? x!0) (* (- 0.3996373778?) x!5)) 1.0)))           (a!91 (or (not (>= x!4 99.0))                     (<= (+ (* 0.4343884542? x!0) (* (- 0.4343884542?) x!5)) 1.0)))           (a!92 (or (not (>= x!4 100.0))                     (<= (+ (* 0.4721613632? x!0) (* (- 0.4721613632?) x!5)) 1.0)))           (a!93 (or (not (>= x!4 101.0))                     (<= (+ (* 0.5132188731? x!0) (* (- 0.5132188731?) x!5)) 1.0)))           (a!94 (or (not (>= x!4 102.0))                     (<= (+ (* 0.5578466012? x!0) (* (- 0.5578466012?) x!5)) 1.0)))           (a!95 (or (not (>= x!4 103.0))                     (<= (+ (* 0.6063550013? x!0) (* (- 0.6063550013?) x!5)) 1.0)))           (a!96 (or (not (>= x!4 104.0))                     (<= (+ (* 0.6590815232 x!0) (* (- 0.6590815232) x!5)) 1.0)))           (a!97 (or (<= (+ (* 1.0869565217? x!0) (* (- 1.0869565217?) x!5))                         1.5172629861?)                     (not (>= x!4 105.0))))           (a!98 (or (not (>= x!4 106.0))                     (<= (+ (* 1.0869565217? x!0) (* (- 1.0869565217?) x!5))                         1.3958819472?)))           (a!99 (or (not (>= x!4 107.0))                     (<= (+ (* 1.0869565217? x!0) (* (- 1.0869565217?) x!5))                         1.2842113914?)))           (a!100 (or (<= (+ (* 1.0869565217? x!0) (* (- 1.0869565217?) x!5))                          1.1814744801?)                      (not (>= x!4 108.0))))           (a!101 (or (<= x!4 0.0)                      (>= (+ (* 0.0002600129? x!0) (* (- 0.0002600129?) x!5))                          (- 0.5))))           (a!102 (or (<= x!4 1.0)                      (>= (+ (* 1.0869565217? x!0) (* (- 1.0869565217?) x!5))                          (- 1922.9814600950?))))           (a!103 (or (<= x!4 2.0)                      (>= (+ (* 1.0869565217? x!0) (* (- 1.0869565217?) x!5))                          (- 1769.1429432874?))))           (a!104 (or (<= x!4 3.0)                      (>= (+ (* 1.1814744801? x!0) (* (- 1.1814744801?) x!5))                          (- 1769.1429432874?))))           (a!105 (or (<= x!4 4.0)                      (>= (+ (* 1.2842113914? x!0) (* (- 1.2842113914?) x!5))                          (- 1769.1429432874?))))           (a!106 (or (<= x!4 5.0)                      (>= (+ (* 1.3958819472? x!0) (* (- 1.3958819472?) x!5))                          (- 1769.1429432874?))))           (a!107 (or (<= x!4 6.0)                      (>= (+ (* 1.5172629861? x!0) (* (- 1.5172629861?) x!5))                          (- 1769.1429432874?))))           (a!108 (or (<= x!4 7.0)                      (>= (+ (* 1.6491988979? x!0) (* (- 1.6491988979?) x!5))                          (- 1769.1429432874?))))           (a!109 (or (<= x!4 8.0)                      (>= (+ (* 1.7926074978? x!0) (* (- 1.7926074978?) x!5))                          (- 1769.1429432874?))))           (a!110 (or (not (>= x!4 19.0))                      (>= (+ (* 1.9484864106? x!0) (* (- 1.9484864106?) x!5))                          (- 1769.1429432874?))))           (a!111 (or (not (>= x!4 20.0))                      (>= (+ (* 2.1179200115? x!0) (* (- 2.1179200115?) x!5))                          (- 1769.1429432874?))))           (a!112 (or (not (>= x!4 21.0))                      (>= (+ (* 0.0006506220? x!0) (* (- 0.0006506220?) x!5))                          (- 0.5))))           (a!113 (or (not (>= x!4 22.0))                      (>= (+ (* 0.0007071979? x!0) (* (- 0.0007071979?) x!5))                          (- 0.5))))           (a!114 (or (not (>= x!4 23.0))                      (>= (+ (* 1.0869565217? x!0) (* (- 1.0869565217?) x!5))                          (- 707.0156469604?))))           (a!115 (or (not (>= x!4 24.0))                      (>= (+ (* 1.0869565217? x!0) (* (- 1.0869565217?) x!5))                          (- 650.4543952036?))))           (a!116 (or (not (>= x!4 25.0))                      (>= (+ (* 1.0869565217? x!0) (* (- 1.0869565217?) x!5))                          (- 598.4180435873?))))           (a!117 (or (not (>= x!4 26.0))                      (>= (+ (* 1.0869565217? x!0) (* (- 1.0869565217?) x!5))                          (- 550.5446001003?))))           (a!118 (or (not (>= x!4 27.0))                      (>= (+ (* 1.0869565217? x!0) (* (- 1.0869565217?) x!5))                          (- 506.5010320923?))))           (a!119 (or (not (>= x!4 28.0))                      (>= (+ (* 1.0869565217? x!0) (* (- 1.0869565217?) x!5))                          (- 465.9809495249?))))           (a!120 (or (not (>= x!4 29.0))                      (>= (+ (* 1.0869565217? x!0) (* (- 1.0869565217?) x!5))                          (- 428.7024735629?))))           (a!121 (or (not (>= x!4 30.0))                      (>= (+ (* 1.0869565217? x!0) (* (- 1.0869565217?) x!5))                          (- 394.4062756779?))))           (a!122 (or (not (>= x!4 31.0))                      (>= (+ (* 1.0869565217? x!0) (* (- 1.0869565217?) x!5))                          (- 362.8537736236?))))           (a!123 (or (not (>= x!4 32.0))                      (>= (+ (* 1.0869565217? x!0) (* (- 1.0869565217?) x!5))                          (- 333.8254717337?))))           (a!124 (or (not (>= x!4 33.0))                      (>= (+ (* 1.0869565217? x!0) (* (- 1.0869565217?) x!5))                          (- 307.1194339950?))))           (a!125 (or (not (>= x!4 34.0))                      (>= (+ (* 1.0869565217? x!0) (* (- 1.0869565217?) x!5))                          (- 282.5498792754?))))           (a!126 (or (not (>= x!4 35.0))                      (>= (+ (* 1.0869565217? x!0) (* (- 1.0869565217?) x!5))                          (- 259.9458889334?))))           (a!127 (or (not (>= x!4 36.0))                      (>= (+ (* 1.0869565217? x!0) (* (- 1.0869565217?) x!5))                          (- 239.1502178187?))))           (a!128 (or (not (>= x!4 37.0))                      (>= (+ (* 1.0869565217? x!0) (* (- 1.0869565217?) x!5))                          (- 220.0182003932?))))           (a!129 (or (not (>= x!4 38.0))                      (>= (+ (* 1.0869565217? x!0) (* (- 1.0869565217?) x!5))                          (- 202.4167443618?))))           (a!130 (or (not (>= x!4 39.0))                      (>= (+ (* 1.0869565217? x!0) (* (- 1.0869565217?) x!5))                          (- 186.2234048128?))))           (a!131 (or (not (>= x!4 40.0))                      (>= (+ (* 1.0869565217? x!0) (* (- 1.0869565217?) x!5))                          (- 171.3255324278?))))           (a!132 (or (not (>= x!4 41.0))                      (>= (+ (* 1.0869565217? x!0) (* (- 1.0869565217?) x!5))                          (- 157.6194898336?))))           (a!133 (or (not (>= x!4 42.0))                      (>= (+ (* 1.0869565217? x!0) (* (- 1.0869565217?) x!5))                          (- 145.0099306469?))))           (a!134 (or (not (>= x!4 43.0))                      (>= (+ (* 1.0869565217? x!0) (* (- 1.0869565217?) x!5))                          (- 133.4091361951?))))           (a!135 (or (not (>= x!4 44.0))                      (>= (+ (* 0.0044280118? x!0) (* (- 0.0044280118?) x!5))                          (- 0.5))))           (a!136 (or (not (>= x!4 45.0))                      (>= (+ (* 1.0869565217? x!0) (* (- 1.0869565217?) x!5))                          (- 112.9174928755?))))           (a!137 (or (not (>= x!4 46.0))                      (>= (+ (* 1.0869565217? x!0) (* (- 1.0869565217?) x!5))                          (- 103.8840934455?))))           (a!138 (or (not (>= x!4 47.0))                      (>= (+ (* 0.0056865032? x!0) (* (- 0.0056865032?) x!5))                          (- 0.5))))           (a!139 (or (not (>= x!4 48.0))                      (>= (+ (* 0.0061809818? x!0) (* (- 0.0061809818?) x!5))                          (- 0.5))))           (a!140 (or (not (>= x!4 49.0))                      (>= (+ (* 1.0869565217? x!0) (* (- 1.0869565217?) x!5))                          (- 80.8932969569?))))           (a!141 (or (>= (+ (* 0.0073026723? x!0) (* (- 0.0073026723?) x!5))                          (- 0.5))                      (not (>= x!4 50.0))))           (a!142 (or (not (>= x!4 51.0))                      (>= (+ (* 0.0079376872? x!0) (* (- 0.0079376872?) x!5))                          (- 0.5))))           (a!143 (or (not (>= x!4 52.0))                      (>= (+ (* 1.0869565217? x!0) (* (- 1.0869565217?) x!5))                          (- 62.9906396207?))))           (a!144 (or (not (>= x!4 53.0))                      (>= (+ (* 1.1814744801? x!0) (* (- 1.1814744801?) x!5))                          (- 62.9906396207?))))           (a!145 (or (not (>= x!4 54.0))                      (>= (+ (* 1.0869565217? x!0) (* (- 1.0869565217?) x!5))                          (- 53.3152773750?))))           (a!146 (or (not (>= x!4 55.0))                      (>= (+ (* 1.0869565217? x!0) (* (- 1.0869565217?) x!5))                          (- 49.0500551850?))))           (a!147 (or (not (>= x!4 56.0))                      (>= (+ (* 1.0869565217? x!0) (* (- 1.0869565217?) x!5))                          (- 45.1260507702?))))           (a!148 (or (not (>= x!4 57.0))                      (>= (+ (* 1.0869565217? x!0) (* (- 1.0869565217?) x!5))                          (- 41.5159667086?))))           (a!149 (or (not (>= x!4 58.0))                      (>= (+ (* 1.0869565217? x!0) (* (- 1.0869565217?) x!5))                          (- 38.1946893719?))))           (a!150 (or (not (>= x!4 59.0))                      (>= (+ (* 1.0869565217? x!0) (* (- 1.0869565217?) x!5))                          (- 35.1391142221?))))           (a!151 (or (not (>= x!4 60.0))                      (>= (+ (* 1.0869565217? x!0) (* (- 1.0869565217?) x!5))                          (- 32.3279850843?))))           (a!152 (or (not (>= x!4 61.0))                      (>= (+ (* 1.0869565217? x!0) (* (- 1.0869565217?) x!5))                          (- 29.7417462776?))))           (a!153 (or (not (>= x!4 62.0))                      (>= (+ (* 1.0869565217? x!0) (* (- 1.0869565217?) x!5))                          (- 27.3624065754?))))           (a!154 (or (not (>= x!4 63.0))                      (>= (+ (* 1.0869565217? x!0) (* (- 1.0869565217?) x!5))                          (- 25.1734140493?))))           (a!155 (or (not (>= x!4 64.0))                      (>= (+ (* 1.0869565217? x!0) (* (- 1.0869565217?) x!5))                          (- 23.1595409254?))))           (a!156 (or (not (>= x!4 65.0))                      (>= (+ (* 1.0869565217? x!0) (* (- 1.0869565217?) x!5))                          (- 21.3067776514?))))           (a!157 (or (not (>= x!4 66.0))                      (>= (+ (* 0.0277253205? x!0) (* (- 0.0277253205?) x!5))                          (- 0.5))))           (a!158 (or (not (>= x!4 67.0))                      (>= (+ (* 0.0301362179? x!0) (* (- 0.0301362179?) x!5))                          (- 0.5))))           (a!159 (or (>= (+ (* 0.0327567586? x!0) (* (- 0.0327567586?) x!5))                          (- 0.5))                      (not (>= x!4 68.0))))           (a!160 (or (not (>= x!4 69.0))                      (>= (+ (* 0.0356051724? x!0) (* (- 0.0356051724?) x!5))                          (- 0.5))))           (a!161 (or (>= (+ (* 0.0387012744? x!0) (* (- 0.0387012744?) x!5))                          (- 0.5))                      (not (>= x!4 70.0))))           (a!162 (or (not (>= x!4 71.0))                      (>= (+ (* 0.0420666026? x!0) (* (- 0.0420666026?) x!5))                          (- 0.5))))           (a!163 (or (not (>= x!4 72.0))                      (>= (+ (* 0.0457245680? x!0) (* (- 0.0457245680?) x!5))                          (- 0.5))))           (a!164 (or (not (>= x!4 73.0))                      (>= (+ (* 1.0869565217? x!0) (* (- 1.0869565217?) x!5))                          (- 10.9350404164?))))           (a!165 (or (not (>= x!4 74.0))                      (>= (+ (* 1.0869565217? x!0) (* (- 1.0869565217?) x!5))                          (- 10.0602371831?))))           (a!166 (or (not (>= x!4 75.0))                      (>= (+ (* 1.1814744801? x!0) (* (- 1.1814744801?) x!5))                          (- 10.0602371831?))))           (a!167 (or (not (>= x!4 76.0))                      (>= (+ (* 1.2842113914? x!0) (* (- 1.2842113914?) x!5))                          (- 10.0602371831?))))           (a!168 (or (not (>= x!4 77.0))                      (>= (+ (* 0.0693761947? x!0) (* (- 0.0693761947?) x!5))                          (- 0.5))))           (a!169 (or (not (>= x!4 78.0))                      (>= (+ (* 0.0754089072? x!0) (* (- 0.0754089072?) x!5))                          (- 0.5))))           (a!170 (or (not (>= x!4 79.0))                      (>= (+ (* 1.0869565217? x!0) (* (- 1.0869565217?) x!5))                          (- 6.6305164464?))))           (a!171 (or (not (>= x!4 80.0))                      (>= (+ (* 1.0869565217? x!0) (* (- 1.0869565217?) x!5))                          (- 6.1000751306?))))           (a!172 (or (not (>= x!4 81.0))                      (>= (+ (* 0.0968409777? x!0) (* (- 0.0968409777?) x!5))                          (- 0.5))))           (a!173 (or (>= (+ (* 0.1052619323? x!0) (* (- 0.1052619323?) x!5))                          (- 0.5))                      (not (>= x!4 82.0))))           (a!174 (or (not (>= x!4 83.0))                      (>= (+ (* 0.1144151438? x!0) (* (- 0.1144151438?) x!5))                          (- 0.5))))           (a!175 (or (not (>= x!4 84.0))                      (>= (+ (* 0.1243642868? x!0) (* (- 0.1243642868?) x!5))                          (- 0.5))))           (a!176 (or (not (>= x!4 86.0))                      (>= (+ (* 1.0869565217? x!0) (* (- 1.0869565217?) x!5))                          (- 3.6988110640?))))           (a!177 (or (not (>= x!4 85.0))                      (>= (+ (* 0.1351785726? x!0) (* (- 0.1351785726?) x!5))                          (- 0.5))))           (a!178 (or (not (>= x!4 87.0))                      (>= (+ (* 1.0869565217? x!0) (* (- 1.0869565217?) x!5))                          (- 3.4029061789?))))           (a!179 (or (not (>= x!4 88.0))                      (>= (+ (* 1.0869565217? x!0) (* (- 1.0869565217?) x!5))                          (- 3.1306736846?))))           (a!180 (or (not (>= x!4 89.0))                      (>= (+ (* 1.0869565217? x!0) (* (- 1.0869565217?) x!5))                          (- 2.8802197898?))))           (a!181 (or (not (>= x!4 90.0))                      (>= (+ (* 1.0869565217? x!0) (* (- 1.0869565217?) x!5))                          (- 2.6498022066?))))           (a!182 (or (not (>= x!4 91.0))                      (>= (+ (* 0.2229363529? x!0) (* (- 0.2229363529?) x!5))                          (- 0.5))))           (a!183 (or (not (>= x!4 92.0))                      (>= (+ (* 0.2423221228? x!0) (* (- 0.2423221228?) x!5))                          (- 0.5))))           (a!184 (or (not (>= x!4 93.0))                      (>= (+ (* 0.2633936117? x!0) (* (- 0.2633936117?) x!5))                          (- 0.5))))           (a!185 (or (not (>= x!4 94.0))                      (>= (+ (* 0.2862974040? x!0) (* (- 0.2862974040?) x!5))                          (- 0.5))))           (a!186 (or (not (>= x!4 95.0))                      (>= (+ (* 0.3111928305? x!0) (* (- 0.3111928305?) x!5))                          (- 0.5))))           (a!187 (or (not (>= x!4 96.0))                      (>= (+ (* 0.3382530766? x!0) (* (- 0.3382530766?) x!5))                          (- 0.5))))           (a!188 (or (not (>= x!4 97.0))                      (>= (+ (* 0.3676663876? x!0) (* (- 0.3676663876?) x!5))                          (- 0.5))))           (a!189 (or (not (>= x!4 98.0))                      (>= (+ (* 0.3996373778? x!0) (* (- 0.3996373778?) x!5))                          (- 0.5))))           (a!190 (or (not (>= x!4 99.0))                      (>= (+ (* 0.4343884542? x!0) (* (- 0.4343884542?) x!5))                          (- 0.5))))           (a!191 (or (not (>= x!4 100.0))                      (>= (+ (* 0.4721613632? x!0) (* (- 0.4721613632?) x!5))                          (- 0.5))))           (a!192 (or (not (>= x!4 101.0))                      (>= (+ (* 0.5132188731? x!0) (* (- 0.5132188731?) x!5))                          (- 0.5))))           (a!193 (or (not (>= x!4 102.0))                      (>= (+ (* 0.5578466012? x!0) (* (- 0.5578466012?) x!5))                          (- 0.5))))           (a!194 (or (not (>= x!4 103.0))                      (>= (+ (* 0.6063550013? x!0) (* (- 0.6063550013?) x!5))                          (- 0.5))))           (a!195 (or (not (>= x!4 104.0))                      (>= (+ (* 1.0869565217? x!0) (* (- 1.0869565217?) x!5))                          (- 0.8245994489?))))           (a!196 (or (not (>= x!4 105.0))                      (>= (+ (* 0.71639296 x!0) (* (- 0.71639296) x!5)) (- 0.5))))           (a!197 (or (not (>= x!4 106.0))                      (>= (+ (* 1.0869565217? x!0) (* (- 1.0869565217?) x!5))                          (- 0.6979409736?))))           (a!198 (or (not (>= x!4 107.0))                      (>= (+ (* 0.8464 x!0) (* (- 0.8464) x!5)) (- 0.5)))))       (and a!1            (<= (+ x!0 (* (- 1.0) x!5)) 4000.0)            a!2            a!3            a!4            a!5            a!6            a!7            a!8            a!9            a!10            a!11            a!12            a!13            a!14            a!15            a!16            a!17            a!18            a!19            a!20            a!21            a!22            a!23            a!24            a!25            a!26            a!27            a!28            a!29            a!30            a!31            a!32            a!33            a!34            a!35            a!36            a!37            a!38            a!39            a!40            a!41            a!42            a!43            a!44            a!45            a!46            a!47            a!48            a!49            a!50            a!51            a!52            a!53            a!54            a!55            a!56            a!57            a!58            a!59            a!60            a!61            a!62            a!63            a!64            a!65            a!66            a!67            a!68            a!69            a!70            a!71            a!72            a!73            a!74            a!75            a!76            a!77            a!78            a!79            a!80            a!81            a!82            a!83            a!84            a!85            a!86            a!87            a!88            a!89            a!90            a!91            a!92            a!93            a!94            a!95            a!96            a!97            a!98            a!99            a!100            (>= (+ (* 0.0002392118? x!0) (* (- 0.0002392118?) x!5)) (- 0.5))            a!101            a!102            a!103            a!104            a!105            a!106            a!107            a!108            a!109            a!110            a!111            a!112            a!113            a!114            a!115            a!116            a!117            a!118            a!119            a!120            a!121            a!122            a!123            a!124            a!125            a!126            a!127            a!128            a!129            a!130            a!131            a!132            a!133            a!134            a!135            a!136            a!137            a!138            a!139            a!140            a!141            a!142            a!143            a!144            a!145            a!146            a!147            a!148            a!149            a!150            a!151            a!152            a!153            a!154            a!155            a!156            a!157            a!158            a!159            a!160            a!161            a!162            a!163            a!164            a!165            a!166            a!167            a!168            a!169            a!170            a!171            a!172            a!173            a!174            a!175            a!176            a!177            a!178            a!179            a!180            a!181            a!182            a!183            a!184            a!185            a!186            a!187            a!188            a!189            a!190            a!191            a!192            a!193            a!194            a!195            a!196            a!197            a!198))) ),126.6514
p_0.00_4000.00_0.00_2000.00_0.0800_110.00_1.00_0.50.smt2,0.00,4000.00,0.00,2000.00,0.0800,110.00,1.00,0.50,Golem,sat,4.3445
p_0.00_4000.00_0.00_2000.00_0.0800_110.00_1.00_1.00.smt2,0.00,4000.00,0.00,2000.00,0.0800,110.00,1.00,1.00,Spacer,sat (   (define-fun Inv ((x!0 Real)    (x!1 Real)    (x!2 Real)    (x!3 Real)    (x!4 Real)    (x!5 Real)) Bool     (let ((a!1 (or (not (>= x!4 107.0))                    (>= (+ (* 1.0869565217? x!0) (* (- 1.0869565217?) x!5))                        (- 1.2842113914?))))           (a!2 (or (<= x!4 0.0)                    (<= (+ (* 0.0002600129? x!0) (* (- 0.0002600129?) x!5))                        0.9568474986?)))           (a!3 (or (<= x!4 1.0)                    (<= (+ (* 0.0002826227? x!0) (* (- 0.0002826227?) x!5)) 1.0)))           (a!4 (or (not (>= x!4 12.0))                    (<= (+ (* 0.0003071986? x!0) (* (- 0.0003071986?) x!5)) 1.0)))           (a!5 (or (<= (+ (* 1.0869565217? x!0) (* (- 1.0869565217?) x!5))                        2994.8051743970?)                    (not (>= x!4 14.0))))           (a!6 (or (not (>= x!4 13.0))                    (<= (+ (* 0.0003339115? x!0) (* (- 0.0003339115?) x!5)) 1.0)))           (a!7 (or (not (>= x!4 15.0))                    (<= (+ (* 1.0869565217? x!0) (* (- 1.0869565217?) x!5))                        2755.2207604452?)))           (a!8 (or (not (>= x!4 16.0))                    (<= (+ (* 1.0869565217? x!0) (* (- 1.0869565217?) x!5))                        2534.8030996096?)))           (a!9 (or (not (>= x!4 17.0))                    (<= (+ (* 1.0869565217? x!0) (* (- 1.0869565217?) x!5))                        2332.0188516409?)))           (a!10 (or (not (>= x!4 18.0))                     (<= (+ (* 0.0005066316? x!0) (* (- 0.0005066316?) x!5)) 1.0)))           (a!11 (or (not (>= x!4 20.0))                     (<= (+ (* 1.0869565217? x!0) (* (- 1.0869565217?) x!5))                         1815.9150955465?)))           (a!12 (or (not (>= x!4 19.0))                     (<= (+ (* 0.0005506865? x!0) (* (- 0.0005506865?) x!5)) 1.0)))           (a!13 (or (not (>= x!4 21.0))                     (<= (+ (* 1.0869565217? x!0) (* (- 1.0869565217?) x!5))                         1670.6418879028?)))           (a!14 (or (not (>= x!4 22.0))                     (<= (+ (* 0.0007071979? x!0) (* (- 0.0007071979?) x!5)) 1.0)))           (a!15 (or (not (>= x!4 23.0))                     (<= (+ (* 1.0869565217? x!0) (* (- 1.0869565217?) x!5))                         1414.0312939209?)))           (a!16 (or (not (>= x!4 24.0))                     (<= (+ (* 1.0869565217? x!0) (* (- 1.0869565217?) x!5))                         1300.9087904072?)))           (a!17 (or (not (>= x!4 25.0))                     (<= (+ (* 1.0869565217? x!0) (* (- 1.0869565217?) x!5))                         1196.8360871746?)))           (a!18 (or (not (>= x!4 27.0))                     (<= (+ (* 1.0869565217? x!0) (* (- 1.0869565217?) x!5))                         1013.0020641846?)))           (a!19 (or (not (>= x!4 26.0))                     (<= (+ (* 0.0009871648? x!0) (* (- 0.0009871648?) x!5)) 1.0)))           (a!20 (or (not (>= x!4 28.0))                     (<= (+ (* 1.0869565217? x!0) (* (- 1.0869565217?) x!5))                         931.9618990498?)))           (a!21 (or (not (>= x!4 29.0))                     (<= (+ (* 1.0869565217? x!0) (* (- 1.0869565217?) x!5))                         857.4049471258?)))           (a!22 (or (not (>= x!4 30.0))                     (<= (+ (* 1.0869565217? x!0) (* (- 1.0869565217?) x!5))                         788.8125513558?)))           (a!23 (or (not (>= x!4 31.0))                     (<= (+ (* 1.0869565217? x!0) (* (- 1.0869565217?) x!5))                         725.7075472473?)))           (a!24 (or (not (>= x!4 32.0))                     (<= (+ (* 1.0869565217? x!0) (* (- 1.0869565217?) x!5))                         667.6509434675?)))           (a!25 (or (not (>= x!4 33.0))                     (<= (+ (* 1.0869565217? x!0) (* (- 1.0869565217?) x!5))                         614.2388679901?)))           (a!26 (or (not (>= x!4 34.0))                     (<= (+ (* 1.0869565217? x!0) (* (- 1.0869565217?) x!5))                         565.0997585509?)))           (a!27 (or (not (>= x!4 35.0))                     (<= (+ (* 1.0869565217? x!0) (* (- 1.0869565217?) x!5))                         519.8917778668?)))           (a!28 (or (not (>= x!4 37.0))                     (<= (+ (* 1.0869565217? x!0) (* (- 1.0869565217?) x!5))                         440.0364007865?)))           (a!29 (or (not (>= x!4 36.0))                     (<= (+ (* 0.0022725392? x!0) (* (- 0.0022725392?) x!5)) 1.0)))           (a!30 (or (not (>= x!4 38.0))                     (<= (+ (* 1.0869565217? x!0) (* (- 1.0869565217?) x!5))                         404.8334887236?)))           (a!31 (or (not (>= x!4 40.0))                     (<= (+ (* 1.0869565217? x!0) (* (- 1.0869565217?) x!5))                         342.6510648556?)))           (a!32 (or (not (>= x!4 39.0))                     (<= (+ (* 0.0029184208? x!0) (* (- 0.0029184208?) x!5)) 1.0)))           (a!33 (or (not (>= x!4 41.0))                     (<= (+ (* 0.0034480397? x!0) (* (- 0.0034480397?) x!5)) 1.0)))           (a!34 (or (not (>= x!4 42.0))                     (<= (+ (* 0.0037478692? x!0) (* (- 0.0037478692?) x!5)) 1.0)))           (a!35 (or (not (>= x!4 43.0))                     (<= (+ (* 0.0040737709? x!0) (* (- 0.0040737709?) x!5)) 1.0)))           (a!36 (or (<= (+ (* 1.0869565217? x!0) (* (- 1.0869565217?) x!5))                         245.4728105990?)                     (not (>= x!4 44.0))))           (a!37 (or (<= (+ (* 1.0869565217? x!0) (* (- 1.0869565217?) x!5))                         225.8349857511?)                     (not (>= x!4 45.0))))           (a!38 (or (not (>= x!4 46.0))                     (<= (+ (* 0.0052315830? x!0) (* (- 0.0052315830?) x!5)) 1.0)))           (a!39 (or (not (>= x!4 47.0))                     (<= (+ (* 0.0056865032? x!0) (* (- 0.0056865032?) x!5)) 1.0)))           (a!40 (or (not (>= x!4 48.0))                     (<= (+ (* 0.0061809818? x!0) (* (- 0.0061809818?) x!5)) 1.0)))           (a!41 (or (not (>= x!4 49.0))                     (<= (+ (* 0.0067184585? x!0) (* (- 0.0067184585?) x!5)) 1.0)))           (a!42 (or (not (>= x!4 50.0))                     (<= (+ (* 0.0073026723? x!0) (* (- 0.0073026723?) x!5)) 1.0)))           (a!43 (or (not (>= x!4 51.0))                     (<= (+ (* 0.0079376872? x!0) (* (- 0.0079376872?) x!5)) 1.0)))           (a!44 (or (not (>= x!4 52.0))                     (<= (+ (* 0.0086279209? x!0) (* (- 0.0086279209?) x!5)) 1.0)))           (a!45 (or (not (>= x!4 53.0))                     (<= (+ (* 0.0093781749? x!0) (* (- 0.0093781749?) x!5)) 1.0)))           (a!46 (or (not (>= x!4 54.0))                     (<= (+ (* 0.0101936684? x!0) (* (- 0.0101936684?) x!5)) 1.0)))           (a!47 (or (not (>= x!4 55.0))                     (<= (+ (* 0.0110800744? x!0) (* (- 0.0110800744?) x!5)) 1.0)))           (a!48 (or (not (>= x!4 56.0))                     (<= (+ (* 0.0120435591? x!0) (* (- 0.0120435591?) x!5)) 1.0)))           (a!49 (or (not (>= x!4 57.0))                     (<= (+ (* 0.0130908251? x!0) (* (- 0.0130908251?) x!5)) 1.0)))           (a!50 (or (not (>= x!4 58.0))                     (<= (+ (* 0.0142291577? x!0) (* (- 0.0142291577?) x!5)) 1.0)))           (a!51 (or (not (>= x!4 59.0))                     (<= (+ (* 0.0154664758? x!0) (* (- 0.0154664758?) x!5)) 1.0)))           (a!52 (or (not (>= x!4 60.0))                     (<= (+ (* 0.0168113867? x!0) (* (- 0.0168113867?) x!5)) 1.0)))           (a!53 (or (not (>= x!4 61.0))                     (<= (+ (* 0.0182732464? x!0) (* (- 0.0182732464?) x!5)) 1.0)))           (a!54 (or (not (>= x!4 62.0))                     (<= (+ (* 0.0198622244? x!0) (* (- 0.0198622244?) x!5)) 1.0)))           (a!55 (or (not (>= x!4 63.0))                     (<= (+ (* 0.0215893744? x!0) (* (- 0.0215893744?) x!5)) 1.0)))           (a!56 (or (not (>= x!4 64.0))                     (<= (+ (* 0.0234667113? x!0) (* (- 0.0234667113?) x!5)) 1.0)))           (a!57 (or (not (>= x!4 65.0))                     (<= (+ (* 0.0255072948? x!0) (* (- 0.0255072948?) x!5)) 1.0)))           (a!58 (or (not (>= x!4 66.0))                     (<= (+ (* 0.0277253205? x!0) (* (- 0.0277253205?) x!5)) 1.0)))           (a!59 (or (not (>= x!4 67.0))                     (<= (+ (* 0.0301362179? x!0) (* (- 0.0301362179?) x!5)) 1.0)))           (a!60 (or (not (>= x!4 68.0))                     (<= (+ (* 0.0327567586? x!0) (* (- 0.0327567586?) x!5)) 1.0)))           (a!61 (or (not (>= x!4 69.0))                     (<= (+ (* 0.0356051724? x!0) (* (- 0.0356051724?) x!5)) 1.0)))           (a!62 (or (not (>= x!4 70.0))                     (<= (+ (* 0.0387012744? x!0) (* (- 0.0387012744?) x!5)) 1.0)))           (a!63 (or (not (>= x!4 71.0))                     (<= (+ (* 0.0420666026? x!0) (* (- 0.0420666026?) x!5)) 1.0)))           (a!64 (or (not (>= x!4 72.0))                     (<= (+ (* 0.0457245680? x!0) (* (- 0.0457245680?) x!5)) 1.0)))           (a!65 (or (not (>= x!4 73.0))                     (<= (+ (* 0.0497006174? x!0) (* (- 0.0497006174?) x!5)) 1.0)))           (a!66 (or (not (>= x!4 74.0))                     (<= (+ (* 0.0540224103? x!0) (* (- 0.0540224103?) x!5)) 1.0)))           (a!67 (or (not (>= x!4 75.0))                     (<= (+ (* 0.0587200112? x!0) (* (- 0.0587200112?) x!5)) 1.0)))           (a!68 (or (not (>= x!4 76.0))                     (<= (+ (* 0.0638260991? x!0) (* (- 0.0638260991?) x!5)) 1.0)))           (a!69 (or (not (>= x!4 77.0))                     (<= (+ (* 0.0693761947? x!0) (* (- 0.0693761947?) x!5)) 1.0)))           (a!70 (or (not (>= x!4 78.0))                     (<= (+ (* 0.0754089072? x!0) (* (- 0.0754089072?) x!5)) 1.0)))           (a!71 (or (not (>= x!4 79.0))                     (<= (+ (* 0.0819662035? x!0) (* (- 0.0819662035?) x!5)) 1.0)))           (a!72 (or (not (>= x!4 80.0))                     (<= (+ (* 0.0890936995? x!0) (* (- 0.0890936995?) x!5)) 1.0)))           (a!73 (or (not (>= x!4 81.0))                     (<= (+ (* 0.0968409777? x!0) (* (- 0.0968409777?) x!5)) 1.0)))           (a!74 (or (not (>= x!4 82.0))                     (<= (+ (* 0.1052619323? x!0) (* (- 0.1052619323?) x!5)) 1.0)))           (a!75 (or (not (>= x!4 83.0))                     (<= (+ (* 0.1144151438? x!0) (* (- 0.1144151438?) x!5)) 1.0)))           (a!76 (or (not (>= x!4 84.0))                     (<= (+ (* 0.1243642868? x!0) (* (- 0.1243642868?) x!5)) 1.0)))           (a!77 (or (not (>= x!4 85.0))                     (<= (+ (* 0.1351785726? x!0) (* (- 0.1351785726?) x!5)) 1.0)))           (a!78 (or (not (>= x!4 86.0))                     (<= (+ (* 0.1469332310? x!0) (* (- 0.1469332310?) x!5)) 1.0)))           (a!79 (or (not (>= x!4 87.0))                     (<= (+ (* 0.1597100338? x!0) (* (- 0.1597100338?) x!5)) 1.0)))           (a!80 (or (not (>= x!4 88.0))                     (<= (+ (* 0.1735978628? x!0) (* (- 0.1735978628?) x!5)) 1.0)))           (a!81 (or (not (>= x!4 89.0))                     (<= (+ (* 0.1886933291? x!0) (* (- 0.1886933291?) x!5)) 1.0)))           (a!82 (or (not (>= x!4 90.0))                     (<= (+ (* 0.2051014447? x!0) (* (- 0.2051014447?) x!5)) 1.0)))           (a!83 (or (not (>= x!4 91.0))                     (<= (+ (* 0.2229363529? x!0) (* (- 0.2229363529?) x!5)) 1.0)))           (a!84 (or (not (>= x!4 92.0))                     (<= (+ (* 0.2423221228? x!0) (* (- 0.2423221228?) x!5)) 1.0)))           (a!85 (or (not (>= x!4 93.0))                     (<= (+ (* 0.2633936117? x!0) (* (- 0.2633936117?) x!5)) 1.0)))           (a!86 (or (not (>= x!4 94.0))                     (<= (+ (* 0.2862974040? x!0) (* (- 0.2862974040?) x!5)) 1.0)))           (a!87 (or (not (>= x!4 95.0))                     (<= (+ (* 0.3111928305? x!0) (* (- 0.3111928305?) x!5)) 1.0)))           (a!88 (or (not (>= x!4 96.0))                     (<= (+ (* 0.3382530766? x!0) (* (- 0.3382530766?) x!5)) 1.0)))           (a!89 (or (not (>= x!4 97.0))                     (<= (+ (* 0.3676663876? x!0) (* (- 0.3676663876?) x!5)) 1.0)))           (a!90 (or (not (>= x!4 98.0))                     (<= (+ (* 0.3996373778? x!0) (* (- 0.3996373778?) x!5)) 1.0)))           (a!91 (or (not (>= x!4 99.0))                     (<= (+ (* 0.4343884542? x!0) (* (- 0.4343884542?) x!5)) 1.0)))           (a!92 (or (not (>= x!4 100.0))                     (<= (+ (* 0.4721613632? x!0) (* (- 0.4721613632?) x!5)) 1.0)))           (a!93 (or (not (>= x!4 101.0))                     (<= (+ (* 0.5132188731? x!0) (* (- 0.5132188731?) x!5)) 1.0)))           (a!94 (or (not (>= x!4 102.0))                     (<= (+ (* 0.5578466012? x!0) (* (- 0.5578466012?) x!5)) 1.0)))           (a!95 (or (not (>= x!4 103.0))                     (<= (+ (* 0.6063550013? x!0) (* (- 0.6063550013?) x!5)) 1.0)))           (a!96 (or (not (>= x!4 104.0))                     (<= (+ (* 0.6590815232 x!0) (* (- 0.6590815232) x!5)) 1.0)))           (a!97 (or (not (>= x!4 105.0))                     (<= (+ (* 1.0869565217? x!0) (* (- 1.0869565217?) x!5))                         1.5172629861?)))           (a!98 (or (<= (+ (* 1.0869565217? x!0) (* (- 1.0869565217?) x!5))                         1.3958819472?)                     (not (>= x!4 106.0))))           (a!99 (or (not (>= x!4 107.0))                     (<= (+ (* 1.0869565217? x!0) (* (- 1.0869565217?) x!5))                         1.2842113914?)))           (a!100 (or (not (>= x!4 108.0))                      (<= (+ (* 1.0869565217? x!0) (* (- 1.0869565217?) x!5))                          1.1814744801?)))           (a!101 (or (<= x!4 0.0)                      (>= (+ (* 0.0005066316? x!0) (* (- 0.0005066316?) x!5))                          (- 1.0))))           (a!102 (or (not (>= x!4 19.0))                      (>= (+ (* 1.0869565217? x!0) (* (- 1.0869565217?) x!5))                          (- 1973.8207560288?))))           (a!103 (or (not (>= x!4 20.0))                      (>= (+ (* 0.0005985723? x!0) (* (- 0.0005985723?) x!5))                          (- 1.0))))           (a!104 (or (not (>= x!4 21.0))                      (>= (+ (* 0.0006506220? x!0) (* (- 0.0006506220?) x!5))                          (- 1.0))))           (a!105 (or (not (>= x!4 22.0))                      (>= (+ (* 0.0007071979? x!0) (* (- 0.0007071979?) x!5))                          (- 1.0))))           (a!106 (or (not (>= x!4 23.0))                      (>= (+ (* 1.0869565217? x!0) (* (- 1.0869565217?) x!5))                          (- 1414.0312939209?))))           (a!107 (or (not (>= x!4 24.0))                      (>= (+ (* 1.0869565217? x!0) (* (- 1.0869565217?) x!5))                          (- 1300.9087904072?))))           (a!108 (or (not (>= x!4 25.0))                      (>= (+ (* 0.0009081916? x!0) (* (- 0.0009081916?) x!5))                          (- 1.0))))           (a!109 (or (not (>= x!4 26.0))                      (>= (+ (* 0.0009871648? x!0) (* (- 0.0009871648?) x!5))                          (- 1.0))))           (a!110 (or (not (>= x!4 27.0))                      (>= (+ (* 0.0010730052? x!0) (* (- 0.0010730052?) x!5))                          (- 1.0))))           (a!111 (or (not (>= x!4 28.0))                      (>= (+ (* 1.0869565217? x!0) (* (- 1.0869565217?) x!5))                          (- 931.9618990498?))))           (a!112 (or (not (>= x!4 29.0))                      (>= (+ (* 0.0012677283? x!0) (* (- 0.0012677283?) x!5))                          (- 1.0))))           (a!113 (or (not (>= x!4 30.0))                      (>= (+ (* 0.0013779655? x!0) (* (- 0.0013779655?) x!5))                          (- 1.0))))           (a!114 (or (not (>= x!4 31.0))                      (>= (+ (* 0.0014977886? x!0) (* (- 0.0014977886?) x!5))                          (- 1.0))))           (a!115 (or (not (>= x!4 32.0))                      (>= (+ (* 0.0016280311? x!0) (* (- 0.0016280311?) x!5))                          (- 1.0))))           (a!116 (or (not (>= x!4 33.0))                      (>= (+ (* 0.0017695990? x!0) (* (- 0.0017695990?) x!5))                          (- 1.0))))           (a!117 (or (not (>= x!4 34.0))                      (>= (+ (* 0.0019234772? x!0) (* (- 0.0019234772?) x!5))                          (- 1.0))))           (a!118 (or (not (>= x!4 35.0))                      (>= (+ (* 0.0020907361? x!0) (* (- 0.0020907361?) x!5))                          (- 1.0))))           (a!119 (or (not (>= x!4 36.0))                      (>= (+ (* 0.0022725392? x!0) (* (- 0.0022725392?) x!5))                          (- 1.0))))           (a!120 (or (not (>= x!4 37.0))                      (>= (+ (* 0.0024701513? x!0) (* (- 0.0024701513?) x!5))                          (- 1.0))))           (a!121 (or (not (>= x!4 38.0))                      (>= (+ (* 0.0026849471? x!0) (* (- 0.0026849471?) x!5))                          (- 1.0))))           (a!122 (or (not (>= x!4 39.0))                      (>= (+ (* 0.0029184208? x!0) (* (- 0.0029184208?) x!5))                          (- 1.0))))           (a!123 (or (not (>= x!4 40.0))                      (>= (+ (* 0.0031721965? x!0) (* (- 0.0031721965?) x!5))                          (- 1.0))))           (a!124 (or (not (>= x!4 41.0))                      (>= (+ (* 0.0034480397? x!0) (* (- 0.0034480397?) x!5))                          (- 1.0))))           (a!125 (or (>= (+ (* 0.0037478692? x!0) (* (- 0.0037478692?) x!5))                          (- 1.0))                      (not (>= x!4 42.0))))           (a!126 (or (not (>= x!4 43.0))                      (>= (+ (* 0.0040737709? x!0) (* (- 0.0040737709?) x!5))                          (- 1.0))))           (a!127 (or (not (>= x!4 44.0))                      (>= (+ (* 0.0044280118? x!0) (* (- 0.0044280118?) x!5))                          (- 1.0))))           (a!128 (or (not (>= x!4 45.0))                      (>= (+ (* 1.0869565217? x!0) (* (- 1.0869565217?) x!5))                          (- 225.8349857511?))))           (a!129 (or (not (>= x!4 46.0))                      (>= (+ (* 1.0869565217? x!0) (* (- 1.0869565217?) x!5))                          (- 207.7681868910?))))           (a!130 (or (not (>= x!4 47.0))                      (>= (+ (* 1.1814744801? x!0) (* (- 1.1814744801?) x!5))                          (- 207.7681868910?))))           (a!131 (or (not (>= x!4 48.0))                      (>= (+ (* 1.2842113914? x!0) (* (- 1.2842113914?) x!5))                          (- 207.7681868910?))))           (a!132 (or (not (>= x!4 49.0))                      (>= (+ (* 1.0869565217? x!0) (* (- 1.0869565217?) x!5))                          (- 161.7865939138?))))           (a!133 (or (not (>= x!4 50.0))                      (>= (+ (* 0.0073026723? x!0) (* (- 0.0073026723?) x!5))                          (- 1.0))))           (a!134 (or (not (>= x!4 51.0))                      (>= (+ (* 0.0079376872? x!0) (* (- 0.0079376872?) x!5))                          (- 1.0))))           (a!135 (or (not (>= x!4 52.0))                      (>= (+ (* 0.0086279209? x!0) (* (- 0.0086279209?) x!5))                          (- 1.0))))           (a!136 (or (not (>= x!4 53.0))                      (>= (+ (* 0.0093781749? x!0) (* (- 0.0093781749?) x!5))                          (- 1.0))))           (a!137 (or (not (>= x!4 54.0))                      (>= (+ (* 0.0101936684? x!0) (* (- 0.0101936684?) x!5))                          (- 1.0))))           (a!138 (or (not (>= x!4 55.0))                      (>= (+ (* 0.0110800744? x!0) (* (- 0.0110800744?) x!5))                          (- 1.0))))           (a!139 (or (not (>= x!4 56.0))                      (>= (+ (* 1.0869565217? x!0) (* (- 1.0869565217?) x!5))                          (- 90.2521015404?))))           (a!140 (or (not (>= x!4 57.0))                      (>= (+ (* 0.0130908251? x!0) (* (- 0.0130908251?) x!5))                          (- 1.0))))           (a!141 (or (not (>= x!4 58.0))                      (>= (+ (* 0.0142291577? x!0) (* (- 0.0142291577?) x!5))                          (- 1.0))))           (a!142 (or (not (>= x!4 59.0))                      (>= (+ (* 1.0869565217? x!0) (* (- 1.0869565217?) x!5))                          (- 70.2782284443?))))           (a!143 (or (not (>= x!4 60.0))                      (>= (+ (* 1.1814744801? x!0) (* (- 1.1814744801?) x!5))                          (- 70.2782284443?))))           (a!144 (or (not (>= x!4 61.0))                      (>= (+ (* 0.0182732464? x!0) (* (- 0.0182732464?) x!5))                          (- 1.0))))           (a!145 (or (not (>= x!4 62.0))                      (>= (+ (* 0.0198622244? x!0) (* (- 0.0198622244?) x!5))                          (- 1.0))))           (a!146 (or (>= (+ (* 0.0215893744? x!0) (* (- 0.0215893744?) x!5))                          (- 1.0))                      (not (>= x!4 63.0))))           (a!147 (or (not (>= x!4 64.0))                      (>= (+ (* 0.0234667113? x!0) (* (- 0.0234667113?) x!5))                          (- 1.0))))           (a!148 (or (not (>= x!4 65.0))                      (>= (+ (* 0.0255072948? x!0) (* (- 0.0255072948?) x!5))                          (- 1.0))))           (a!149 (or (not (>= x!4 66.0))                      (>= (+ (* 0.0277253205? x!0) (* (- 0.0277253205?) x!5))                          (- 1.0))))           (a!150 (or (not (>= x!4 67.0))                      (>= (+ (* 0.0301362179? x!0) (* (- 0.0301362179?) x!5))                          (- 1.0))))           (a!151 (or (>= (+ (* 0.0327567586? x!0) (* (- 0.0327567586?) x!5))                          (- 1.0))                      (not (>= x!4 68.0))))           (a!152 (or (not (>= x!4 69.0))                      (>= (+ (* 0.0356051724? x!0) (* (- 0.0356051724?) x!5))                          (- 1.0))))           (a!153 (or (>= (+ (* 0.0387012744? x!0) (* (- 0.0387012744?) x!5))                          (- 1.0))                      (not (>= x!4 70.0))))           (a!154 (or (not (>= x!4 71.0))                      (>= (+ (* 0.0420666026? x!0) (* (- 0.0420666026?) x!5))                          (- 1.0))))           (a!155 (or (not (>= x!4 72.0))                      (>= (+ (* 0.0457245680? x!0) (* (- 0.0457245680?) x!5))                          (- 1.0))))           (a!156 (or (not (>= x!4 73.0))                      (>= (+ (* 0.0497006174? x!0) (* (- 0.0497006174?) x!5))                          (- 1.0))))           (a!157 (or (not (>= x!4 74.0))                      (>= (+ (* 0.0540224103? x!0) (* (- 0.0540224103?) x!5))                          (- 1.0))))           (a!158 (or (not (>= x!4 75.0))                      (>= (+ (* 0.0587200112? x!0) (* (- 0.0587200112?) x!5))                          (- 1.0))))           (a!159 (or (not (>= x!4 76.0))                      (>= (+ (* 0.0638260991? x!0) (* (- 0.0638260991?) x!5))                          (- 1.0))))           (a!160 (or (not (>= x!4 77.0))                      (>= (+ (* 0.0693761947? x!0) (* (- 0.0693761947?) x!5))                          (- 1.0))))           (a!161 (or (not (>= x!4 78.0))                      (>= (+ (* 0.0754089072? x!0) (* (- 0.0754089072?) x!5))                          (- 1.0))))           (a!162 (or (not (>= x!4 79.0))                      (>= (+ (* 0.0819662035? x!0) (* (- 0.0819662035?) x!5))                          (- 1.0))))           (a!163 (or (>= (+ (* 0.0890936995? x!0) (* (- 0.0890936995?) x!5))                          (- 1.0))                      (not (>= x!4 80.0))))           (a!164 (or (not (>= x!4 81.0))                      (>= (+ (* 0.0968409777? x!0) (* (- 0.0968409777?) x!5))                          (- 1.0))))           (a!165 (or (>= (+ (* 0.1052619323? x!0) (* (- 0.1052619323?) x!5))                          (- 1.0))                      (not (>= x!4 82.0))))           (a!166 (or (not (>= x!4 83.0))                      (>= (+ (* 0.1144151438? x!0) (* (- 0.1144151438?) x!5))                          (- 1.0))))           (a!167 (or (not (>= x!4 84.0))                      (>= (+ (* 0.1243642868? x!0) (* (- 0.1243642868?) x!5))                          (- 1.0))))           (a!168 (or (not (>= x!4 85.0))                      (>= (+ (* 0.1351785726? x!0) (* (- 0.1351785726?) x!5))                          (- 1.0))))           (a!169 (or (>= (+ (* 0.1469332310? x!0) (* (- 0.1469332310?) x!5))                          (- 1.0))                      (not (>= x!4 86.0))))           (a!170 (or (not (>= x!4 87.0))                      (>= (+ (* 0.1597100338? x!0) (* (- 0.1597100338?) x!5))                          (- 1.0))))           (a!171 (or (not (>= x!4 88.0))                      (>= (+ (* 0.1735978628? x!0) (* (- 0.1735978628?) x!5))                          (- 1.0))))           (a!172 (or (not (>= x!4 89.0))                      (>= (+ (* 0.1886933291? x!0) (* (- 0.1886933291?) x!5))                          (- 1.0))))           (a!173 (or (not (>= x!4 90.0))                      (>= (+ (* 0.2051014447? x!0) (* (- 0.2051014447?) x!5))                          (- 1.0))))           (a!174 (or (not (>= x!4 91.0))                      (>= (+ (* 0.2229363529? x!0) (* (- 0.2229363529?) x!5))                          (- 1.0))))           (a!175 (or (not (>= x!4 92.0))                      (>= (+ (* 0.2423221228? x!0) (* (- 0.2423221228?) x!5))                          (- 1.0))))           (a!176 (or (not (>= x!4 93.0))                      (>= (+ (* 0.2633936117? x!0) (* (- 0.2633936117?) x!5))                          (- 1.0))))           (a!177 (or (not (>= x!4 94.0))                      (>= (+ (* 0.2862974040? x!0) (* (- 0.2862974040?) x!5))                          (- 1.0))))           (a!178 (or (not (>= x!4 95.0))                      (>= (+ (* 0.3111928305? x!0) (* (- 0.3111928305?) x!5))                          (- 1.0))))           (a!179 (or (not (>= x!4 96.0))                      (>= (+ (* 0.3382530766? x!0) (* (- 0.3382530766?) x!5))                          (- 1.0))))           (a!180 (or (not (>= x!4 97.0))                      (>= (+ (* 0.3676663876? x!0) (* (- 0.3676663876?) x!5))                          (- 1.0))))           (a!181 (or (not (>= x!4 98.0))                      (>= (+ (* 0.3996373778? x!0) (* (- 0.3996373778?) x!5))                          (- 1.0))))           (a!182 (or (not (>= x!4 99.0))                      (>= (+ (* 0.4343884542? x!0) (* (- 0.4343884542?) x!5))                          (- 1.0))))           (a!183 (or (not (>= x!4 100.0))                      (>= (+ (* 0.4721613632? x!0) (* (- 0.4721613632?) x!5))                          (- 1.0))))           (a!184 (or (not (>= x!4 101.0))                      (>= (+ (* 0.5132188731? x!0) (* (- 0.5132188731?) x!5))                          (- 1.0))))           (a!185 (or (not (>= x!4 102.0))                      (>= (+ (* 0.5578466012? x!0) (* (- 0.5578466012?) x!5))                          (- 1.0))))           (a!186 (or (not (>= x!4 103.0))                      (>= (+ (* 0.6063550013? x!0) (* (- 0.6063550013?) x!5))                          (- 1.0))))           (a!187 (or (not (>= x!4 104.0))                      (>= (+ (* 1.0869565217? x!0) (* (- 1.0869565217?) x!5))                          (- 1.6491988979?))))           (a!188 (or (not (>= x!4 105.0))                      (>= (+ (* 0.71639296 x!0) (* (- 0.71639296) x!5)) (- 1.0))))           (a!189 (or (not (>= x!4 106.0))                      (>= (+ (* 1.0869565217? x!0) (* (- 1.0869565217?) x!5))                          (- 1.3958819472?))))           (a!190 (or (not (>= x!4 108.0))                      (>= (+ (* 1.0869565217? x!0) (* (- 1.0869565217?) x!5))                          (- 1.1814744801?)))))       (and a!1            (<= (+ x!0 (* (- 1.0) x!5)) 4000.0)            a!2            a!3            a!4            a!5            a!6            a!7            a!8            a!9            a!10            a!11            a!12            a!13            a!14            a!15            a!16            a!17            a!18            a!19            a!20            a!21            a!22            a!23            a!24            a!25            a!26            a!27            a!28            a!29            a!30            a!31            a!32            a!33            a!34            a!35            a!36            a!37            a!38            a!39            a!40            a!41            a!42            a!43            a!44            a!45            a!46            a!47            a!48            a!49            a!50            a!51            a!52            a!53            a!54            a!55            a!56            a!57            a!58            a!59            a!60            a!61            a!62            a!63            a!64            a!65            a!66            a!67            a!68            a!69            a!70            a!71            a!72            a!73            a!74            a!75            a!76            a!77            a!78            a!79            a!80            a!81            a!82            a!83            a!84            a!85            a!86            a!87            a!88            a!89            a!90            a!91            a!92            a!93            a!94            a!95            a!96            a!97            a!98            a!99            a!100            (>= (+ (* 0.0004661010? x!0) (* (- 0.0004661010?) x!5)) (- 1.0))            a!101            a!102            a!103            a!104            a!105            a!106            a!107            a!108            a!109            a!110            a!111            a!112            a!113            a!114            a!115            a!116            a!117            a!118            a!119            a!120            a!121            a!122            a!123            a!124            a!125            a!126            a!127            a!128            a!129            a!130            a!131            a!132            a!133            a!134            a!135            a!136            a!137            a!138            a!139            a!140            a!141            a!142            a!143            a!144            a!145            a!146            a!147            a!148            a!149            a!150            a!151            a!152            a!153            a!154            a!155            a!156            a!157            a!158            a!159            a!160            a!161            a!162            a!163            a!164            a!165            a!166            a!167            a!168            a!169            a!170            a!171            a!172            a!173            a!174            a!175            a!176            a!177            a!178            a!179            a!180            a!181            a!182            a!183            a!184            a!185            a!186            a!187            a!188            a!189            a!190))) ),108.1410
p_0.00_4000.00_0.00_2000.00_0.0800_110.00_1.00_1.00.smt2,0.00,4000.00,0.00,2000.00,0.0800,110.00,1.00,1.00,Golem,sat,3.1434
p_0.00_4000.00_0.00_2000.00_0.0800_2582.50_0.50_0.50.smt2,0.00,4000.00,0.00,2000.00,0.0800,2582.50,0.50,0.50,Spacer,TIMEOUT,309.1722
p_0.00_4000.00_0.00_2000.00_0.0800_2582.50_0.50_0.50.smt2,0.00,4000.00,0.00,2000.00,0.0800,2582.50,0.50,0.50,Golem,TIMEOUT,309.2548
p_0.00_4000.00_0.00_2000.00_0.0800_2582.50_0.50_1.00.smt2,0.00,4000.00,0.00,2000.00,0.0800,2582.50,0.50,1.00,Spacer,TIMEOUT,310.7382
p_0.00_4000.00_0.00_2000.00_0.0800_2582.50_0.50_1.00.smt2,0.00,4000.00,0.00,2000.00,0.0800,2582.50,0.50,1.00,Golem,TIMEOUT,310.1128
p_0.00_4000.00_0.00_2000.00_0.0800_2582.50_1.00_0.50.smt2,0.00,4000.00,0.00,2000.00,0.0800,2582.50,1.00,0.50,Spacer,TIMEOUT,310.5234
p_0.00_4000.00_0.00_2000.00_0.0800_2582.50_1.00_0.50.smt2,0.00,4000.00,0.00,2000.00,0.0800,2582.50,1.00,0.50,Golem,TIMEOUT,311.5854
p_0.00_4000.00_0.00_2000.00_0.0800_2582.50_1.00_1.00.smt2,0.00,4000.00,0.00,2000.00,0.0800,2582.50,1.00,1.00,Spacer,TIMEOUT,310.7828
p_0.00_4000.00_0.00_2000.00_0.0800_2582.50_1.00_1.00.smt2,0.00,4000.00,0.00,2000.00,0.0800,2582.50,1.00,1.00,Golem,TIMEOUT,311.1470
p_0.00_4000.00_0.00_2000.00_0.0800_5055.00_0.50_0.50.smt2,0.00,4000.00,0.00,2000.00,0.0800,5055.00,0.50,0.50,Spacer,TIMEOUT,312.4012
p_0.00_4000.00_0.00_2000.00_0.0800_5055.00_0.50_0.50.smt2,0.00,4000.00,0.00,2000.00,0.0800,5055.00,0.50,0.50,Golem,TIMEOUT,311.2695
p_0.00_4000.00_0.00_2000.00_0.0800_5055.00_0.50_1.00.smt2,0.00,4000.00,0.00,2000.00,0.0800,5055.00,0.50,1.00,Spacer,TIMEOUT,311.4791
p_0.00_4000.00_0.00_2000.00_0.0800_5055.00_0.50_1.00.smt2,0.00,4000.00,0.00,2000.00,0.0800,5055.00,0.50,1.00,Golem,TIMEOUT,312.7265
p_0.00_4000.00_0.00_2000.00_0.0800_5055.00_1.00_0.50.smt2,0.00,4000.00,0.00,2000.00,0.0800,5055.00,1.00,0.50,Spacer,TIMEOUT,311.8105
p_0.00_4000.00_0.00_2000.00_0.0800_5055.00_1.00_0.50.smt2,0.00,4000.00,0.00,2000.00,0.0800,5055.00,1.00,0.50,Golem,TIMEOUT,311.6941
p_0.00_4000.00_0.00_2000.00_0.0800_5055.00_1.00_1.00.smt2,0.00,4000.00,0.00,2000.00,0.0800,5055.00,1.00,1.00,Spacer,TIMEOUT,311.9555
p_0.00_4000.00_0.00_2000.00_0.0800_5055.00_1.00_1.00.smt2,0.00,4000.00,0.00,2000.00,0.0800,5055.00,1.00,1.00,Golem,TIMEOUT,313.4278
p_0.00_4000.00_0.00_2000.00_0.0800_7527.50_0.50_0.50.smt2,0.00,4000.00,0.00,2000.00,0.0800,7527.50,0.50,0.50,Spacer,TIMEOUT,312.7946
p_0.00_4000.00_0.00_2000.00_0.0800_7527.50_0.50_0.50.smt2,0.00,4000.00,0.00,2000.00,0.0800,7527.50,0.50,0.50,Golem,TIMEOUT,312.7312
p_0.00_4000.00_0.00_2000.00_0.0800_7527.50_0.50_1.00.smt2,0.00,4000.00,0.00,2000.00,0.0800,7527.50,0.50,1.00,Spacer,TIMEOUT,314.1787
p_0.00_4000.00_0.00_2000.00_0.0800_7527.50_0.50_1.00.smt2,0.00,4000.00,0.00,2000.00,0.0800,7527.50,0.50,1.00,Golem,TIMEOUT,312.9011
p_0.00_4000.00_0.00_2000.00_0.0800_7527.50_1.00_0.50.smt2,0.00,4000.00,0.00,2000.00,0.0800,7527.50,1.00,0.50,Spacer,TIMEOUT,313.0733
p_0.00_4000.00_0.00_2000.00_0.0800_7527.50_1.00_0.50.smt2,0.00,4000.00,0.00,2000.00,0.0800,7527.50,1.00,0.50,Golem,TIMEOUT,314.2412
p_0.00_4000.00_0.00_2000.00_0.0800_7527.50_1.00_1.00.smt2,0.00,4000.00,0.00,2000.00,0.0800,7527.50,1.00,1.00,Spacer,TIMEOUT,313.1610
p_0.00_4000.00_0.00_2000.00_0.0800_7527.50_1.00_1.00.smt2,0.00,4000.00,0.00,2000.00,0.0800,7527.50,1.00,1.00,Golem,TIMEOUT,313.4793
p_0.00_4000.00_0.00_2000.00_0.1000_10000.00_0.50_0.50.smt2,0.00,4000.00,0.00,2000.00,0.1000,10000.00,0.50,0.50,Spacer,TIMEOUT,315.0979
p_0.00_4000.00_0.00_2000.00_0.1000_10000.00_0.50_0.50.smt2,0.00,4000.00,0.00,2000.00,0.1000,10000.00,0.50,0.50,Golem,TIMEOUT,313.2422
p_0.00_4000.00_0.00_2000.00_0.1000_10000.00_0.50_1.00.smt2,0.00,4000.00,0.00,2000.00,0.1000,10000.00,0.50,1.00,Spacer,TIMEOUT,313.7297
p_0.00_4000.00_0.00_2000.00_0.1000_10000.00_0.50_1.00.smt2,0.00,4000.00,0.00,2000.00,0.1000,10000.00,0.50,1.00,Golem,TIMEOUT,314.0794
p_0.00_4000.00_0.00_2000.00_0.1000_10000.00_1.00_0.50.smt2,0.00,4000.00,0.00,2000.00,0.1000,10000.00,1.00,0.50,Spacer,TIMEOUT,316.1999
p_0.00_4000.00_0.00_2000.00_0.1000_10000.00_1.00_0.50.smt2,0.00,4000.00,0.00,2000.00,0.1000,10000.00,1.00,0.50,Golem,TIMEOUT,314.4057
p_0.00_4000.00_0.00_2000.00_0.1000_10000.00_1.00_1.00.smt2,0.00,4000.00,0.00,2000.00,0.1000,10000.00,1.00,1.00,Spacer,TIMEOUT,314.6146
p_0.00_4000.00_0.00_2000.00_0.1000_10000.00_1.00_1.00.smt2,0.00,4000.00,0.00,2000.00,0.1000,10000.00,1.00,1.00,Golem,TIMEOUT,316.1894
p_0.00_4000.00_0.00_2000.00_0.1000_110.00_0.50_0.50.smt2,0.00,4000.00,0.00,2000.00,0.1000,110.00,0.50,0.50,Spacer,sat (   (define-fun Inv ((x!0 Real)    (x!1 Real)    (x!2 Real)    (x!3 Real)    (x!4 Real)    (x!5 Real)) Bool     (let ((a!1 (or (not (>= x!4 108.0))                    (>= (+ (* 0.9 x!0) (* (- 0.9) x!5)) (- 0.5))))           (a!2 (or (<= x!4 0.0)                    (<= (+ (* 0.0001290070? x!0) (* (- 0.0001290070?) x!5))                        0.4644252281?)))           (a!3 (or (<= x!4 1.0)                    (<= (+ (* 0.0001433411? x!0) (* (- 0.0001433411?) x!5)) 0.5)))           (a!4 (or (not (>= x!4 27.0))                    (<= (+ (* 1.1111111111? x!0) (* (- 1.1111111111?) x!5))                        3139.3643403811?)))           (a!5 (or (not (>= x!4 26.0))                    (<= (+ (* 0.0001592679? x!0) (* (- 0.0001592679?) x!5)) 0.5)))           (a!6 (or (<= (+ (* 1.1111111111? x!0) (* (- 1.1111111111?) x!5))                        2825.4279063430?)                    (not (>= x!4 28.0))))           (a!7 (or (not (>= x!4 29.0))                    (<= (+ (* 0.0002184745? x!0) (* (- 0.0002184745?) x!5)) 0.5)))           (a!8 (or (not (>= x!4 30.0))                    (<= (+ (* 0.0002427494? x!0) (* (- 0.0002427494?) x!5)) 0.5)))           (a!9 (or (not (>= x!4 31.0))                    (<= (+ (* 0.0002697216? x!0) (* (- 0.0002697216?) x!5)) 0.5)))           (a!10 (or (not (>= x!4 32.0))                     (<= (+ (* 1.1111111111? x!0) (* (- 1.1111111111?) x!5))                         1853.7632493516?)))           (a!11 (or (not (>= x!4 33.0))                     (<= (+ (* 1.1111111111? x!0) (* (- 1.1111111111?) x!5))                         1668.3869244165?)))           (a!12 (or (not (>= x!4 35.0))                     (<= (+ (* 1.1111111111? x!0) (* (- 1.1111111111?) x!5))                         1351.3934087773?)))           (a!13 (or (not (>= x!4 34.0))                     (<= (+ (* 0.0003699884? x!0) (* (- 0.0003699884?) x!5)) 0.5)))           (a!14 (or (not (>= x!4 36.0))                     (<= (+ (* 0.0004567759? x!0) (* (- 0.0004567759?) x!5)) 0.5)))           (a!15 (or (not (>= x!4 37.0))                     (<= (+ (* 1.1111111111? x!0) (* (- 1.1111111111?) x!5))                         1094.6286611096?)))           (a!16 (or (not (>= x!4 38.0))                     (<= (+ (* 1.1111111111? x!0) (* (- 1.1111111111?) x!5))                         985.1657949987?)))           (a!17 (or (not (>= x!4 39.0))                     (<= (+ (* 1.1111111111? x!0) (* (- 1.1111111111?) x!5))                         886.6492154988?)))           (a!18 (or (not (>= x!4 40.0))                     (<= (+ (* 1.1111111111? x!0) (* (- 1.1111111111?) x!5))                         797.9842939489?)))           (a!19 (or (not (>= x!4 41.0))                     (<= (+ (* 1.1111111111? x!0) (* (- 1.1111111111?) x!5))                         718.1858645540?)))           (a!20 (or (not (>= x!4 42.0))                     (<= (+ (* 1.1111111111? x!0) (* (- 1.1111111111?) x!5))                         646.3672780986?)))           (a!21 (or (not (>= x!4 43.0))                     (<= (+ (* 0.0009550049? x!0) (* (- 0.0009550049?) x!5)) 0.5)))           (a!22 (or (not (>= x!4 44.0))                     (<= (+ (* 1.1111111111? x!0) (* (- 1.1111111111?) x!5))                         523.5574952599?)))           (a!23 (or (<= (+ (* 1.1111111111? x!0) (* (- 1.1111111111?) x!5))                         471.2017457339?)                     (not (>= x!4 45.0))))           (a!24 (or (not (>= x!4 46.0))                     (<= (+ (* 0.0013100205? x!0) (* (- 0.0013100205?) x!5)) 0.5)))           (a!25 (or (not (>= x!4 47.0))                     (<= (+ (* 0.0014555783? x!0) (* (- 0.0014555783?) x!5)) 0.5)))           (a!26 (or (<= (+ (* 1.1111111111? x!0) (* (- 1.1111111111?) x!5))                         343.5060726400?)                     (not (>= x!4 48.0))))           (a!27 (or (<= (+ (* 1.1111111111? x!0) (* (- 1.1111111111?) x!5))                         278.2399188384?)                     (not (>= x!4 50.0))))           (a!28 (or (not (>= x!4 49.0))                     (<= (+ (* 0.0017970102? x!0) (* (- 0.0017970102?) x!5)) 0.5)))           (a!29 (or (<= (+ (* 1.1111111111? x!0) (* (- 1.1111111111?) x!5))                         225.3743342591?)                     (not (>= x!4 52.0))))           (a!30 (or (not (>= x!4 51.0))                     (<= (+ (* 0.0022185312? x!0) (* (- 0.0022185312?) x!5)) 0.5)))           (a!31 (or (not (>= x!4 53.0))                     (<= (+ (* 0.0027389274? x!0) (* (- 0.0027389274?) x!5)) 0.5)))           (a!32 (or (not (>= x!4 54.0))                     (<= (+ (* 0.0030432527? x!0) (* (- 0.0030432527?) x!5)) 0.5)))           (a!33 (or (not (>= x!4 55.0))                     (<= (+ (* 0.0033813919? x!0) (* (- 0.0033813919?) x!5)) 0.5)))           (a!34 (or (not (>= x!4 56.0))                     (<= (+ (* 0.0037571021? x!0) (* (- 0.0037571021?) x!5)) 0.5)))           (a!35 (or (<= (+ (* 1.1111111111? x!0) (* (- 1.1111111111?) x!5))                         133.0812906366?)                     (not (>= x!4 57.0))))           (a!36 (or (<= (+ (* 1.1111111111? x!0) (* (- 1.1111111111?) x!5))                         119.7731615730?)                     (not (>= x!4 58.0))))           (a!37 (or (<= (+ (* 1.1111111111? x!0) (* (- 1.1111111111?) x!5))                         107.7958454157?)                     (not (>= x!4 59.0))))           (a!38 (or (<= (+ (* 1.1111111111? x!0) (* (- 1.1111111111?) x!5))                         97.0162608741?)                     (not (>= x!4 60.0))))           (a!39 (or (not (>= x!4 61.0))                     (<= (+ (* 0.0063626854? x!0) (* (- 0.0063626854?) x!5)) 0.5)))           (a!40 (or (<= (+ (* 1.1111111111? x!0) (* (- 1.1111111111?) x!5))                         78.5831713080?)                     (not (>= x!4 62.0))))           (a!41 (or (<= (+ (* 1.1111111111? x!0) (* (- 1.1111111111?) x!5))                         70.7248541772?)                     (not (>= x!4 63.0))))           (a!42 (or (<= (+ (* 1.1111111111? x!0) (* (- 1.1111111111?) x!5))                         63.6523687595?)                     (not (>= x!4 64.0))))           (a!43 (or (<= (+ (* 1.1111111111? x!0) (* (- 1.1111111111?) x!5))                         51.5584186952?)                     (not (>= x!4 66.0))))           (a!44 (or (<= (+ (* 1.1111111111? x!0) (* (- 1.1111111111?) x!5))                         57.2871318835?)                     (not (>= x!4 65.0))))           (a!45 (or (not (>= x!4 68.0))                     (<= (+ (* 1.1111111111? x!0) (* (- 1.1111111111?) x!5))                         41.7623191431?)))           (a!46 (or (<= (+ (* 1.1111111111? x!0) (* (- 1.1111111111?) x!5))                         46.4025768256?)                     (not (>= x!4 67.0))))           (a!47 (or (<= (+ (* 1.1111111111? x!0) (* (- 1.1111111111?) x!5))                         37.5860872288?)                     (not (>= x!4 69.0))))           (a!48 (or (not (>= x!4 71.0))                     (<= (+ (* 1.1111111111? x!0) (* (- 1.1111111111?) x!5))                         30.4447306553?)))           (a!49 (or (not (>= x!4 70.0))                     (<= (+ (* 1.1111111111? x!0) (* (- 1.1111111111?) x!5))                         33.8274785059?)))           (a!50 (or (<= (+ (* 1.1111111111? x!0) (* (- 1.1111111111?) x!5))                         27.4002575898?)                     (not (>= x!4 72.0))))           (a!51 (or (not (>= x!4 73.0))                     (<= (+ (* 1.1111111111? x!0) (* (- 1.1111111111?) x!5))                         24.6602318308?)))           (a!52 (or (<= (+ (* 1.1111111111? x!0) (* (- 1.1111111111?) x!5))                         19.9747877829?)                     (not (>= x!4 75.0))))           (a!53 (or (not (>= x!4 74.0))                     (<= (+ (* 1.1111111111? x!0) (* (- 1.1111111111?) x!5))                         22.1942086477?)))           (a!54 (or (not (>= x!4 76.0))                     (<= (+ (* 1.1111111111? x!0) (* (- 1.1111111111?) x!5))                         17.9773090046?)))           (a!55 (or (<= (+ (* 1.1111111111? x!0) (* (- 1.1111111111?) x!5))                         16.1795781042?)                     (not (>= x!4 77.0))))           (a!56 (or (<= (+ (* 1.1111111111? x!0) (* (- 1.1111111111?) x!5))                         13.1054582644?)                     (not (>= x!4 79.0))))           (a!57 (or (<= (+ (* 1.1111111111? x!0) (* (- 1.1111111111?) x!5))                         14.5616202937?)                     (not (>= x!4 78.0))))           (a!58 (or (<= (+ (* 1.1111111111? x!0) (* (- 1.1111111111?) x!5))                         11.7949124379?)                     (not (>= x!4 80.0))))           (a!59 (or (not (>= x!4 82.0))                     (<= (+ (* 1.1111111111? x!0) (* (- 1.1111111111?) x!5))                         9.5538790747?)))           (a!60 (or (<= (+ (* 1.1111111111? x!0) (* (- 1.1111111111?) x!5))                         10.6154211941?)                     (not (>= x!4 81.0))))           (a!61 (or (not (>= x!4 84.0))                     (<= (+ (* 1.1111111111? x!0) (* (- 1.1111111111?) x!5))                         7.7386420505?)))           (a!62 (or (not (>= x!4 83.0))                     (<= (+ (* 1.1111111111? x!0) (* (- 1.1111111111?) x!5))                         8.5984911672?)))           (a!63 (or (not (>= x!4 85.0))                     (<= (+ (* 1.1111111111? x!0) (* (- 1.1111111111?) x!5))                         6.9647778454?)))           (a!64 (or (not (>= x!4 86.0))                     (<= (+ (* 1.1111111111? x!0) (* (- 1.1111111111?) x!5))                         6.2683000609?)))           (a!65 (or (not (>= x!4 88.0))                     (<= (+ (* 1.1111111111? x!0) (* (- 1.1111111111?) x!5))                         5.0773230493?)))           (a!66 (or (not (>= x!4 87.0))                     (<= (+ (* 1.1111111111? x!0) (* (- 1.1111111111?) x!5))                         5.6414700548?)))           (a!67 (or (not (>= x!4 89.0))                     (<= (+ (* 1.1111111111? x!0) (* (- 1.1111111111?) x!5))                         4.5695907444?)))           (a!68 (or (not (>= x!4 90.0))                     (<= (+ (* 1.1111111111? x!0) (* (- 1.1111111111?) x!5))                         4.1126316699?)))           (a!69 (or (<= (+ (* 1.1111111111? x!0) (* (- 1.1111111111?) x!5))                         3.7013685029?)                     (not (>= x!4 91.0))))           (a!70 (or (not (>= x!4 92.0))                     (<= (+ (* 1.1111111111? x!0) (* (- 1.1111111111?) x!5))                         3.3312316526?)))           (a!71 (or (<= (+ (* 1.1111111111? x!0) (* (- 1.1111111111?) x!5))                         2.9981084874?)                     (not (>= x!4 93.0))))           (a!72 (or (<= (+ (* 1.1111111111? x!0) (* (- 1.1111111111?) x!5))                         2.6982976386?)                     (not (>= x!4 94.0))))           (a!73 (or (<= (+ (* 1.1111111111? x!0) (* (- 1.1111111111?) x!5))                         2.4284678748?)                     (not (>= x!4 95.0))))           (a!74 (or (not (>= x!4 97.0))                     (<= (+ (* 1.1111111111? x!0) (* (- 1.1111111111?) x!5))                         1.9670589785?)))           (a!75 (or (not (>= x!4 96.0))                     (<= (+ (* 1.1111111111? x!0) (* (- 1.1111111111?) x!5))                         2.1856210873?)))           (a!76 (or (<= (+ (* 1.1111111111? x!0) (* (- 1.1111111111?) x!5))                         1.7703530807?)                     (not (>= x!4 98.0))))           (a!77 (or (not (>= x!4 100.0))                     (<= (+ (* 1.1111111111? x!0) (* (- 1.1111111111?) x!5))                         1.4339859953?)))           (a!78 (or (<= (+ (* 1.1111111111? x!0) (* (- 1.1111111111?) x!5))                         1.5933177726?)                     (not (>= x!4 99.0))))           (a!79 (or (<= (+ (* 1.1111111111? x!0) (* (- 1.1111111111?) x!5))                         1.2905873958?)                     (not (>= x!4 101.0))))           (a!80 (or (<= (+ (* 1.1111111111? x!0) (* (- 1.1111111111?) x!5))                         1.1615286562?)                     (not (>= x!4 102.0))))           (a!81 (or (not (>= x!4 103.0))                     (<= (+ (* 1.1111111111? x!0) (* (- 1.1111111111?) x!5))                         1.0453757906?)))           (a!82 (or (not (>= x!4 104.0))                     (<= (+ (* 1.1111111111? x!0) (* (- 1.1111111111?) x!5))                         0.9408382115?)))           (a!83 (or (<= (+ (* 1.1111111111? x!0) (* (- 1.1111111111?) x!5))                         0.8467543904?)                     (not (>= x!4 105.0))))           (a!84 (or (<= (+ (* 1.1111111111? x!0) (* (- 1.1111111111?) x!5))                         0.7620789513?)                     (not (>= x!4 106.0))))           (a!85 (or (not (>= x!4 107.0))                     (<= (+ (* 1.1111111111? x!0) (* (- 1.1111111111?) x!5))                         0.6858710562?)))           (a!86 (or (not (>= x!4 108.0))                     (<= (+ (* 1.1111111111? x!0) (* (- 1.1111111111?) x!5))                         0.6172839506?)))           (a!87 (or (<= x!4 0.0)                     (>= (+ (* 0.0002697216? x!0) (* (- 0.0002697216?) x!5))                         (- 0.5))))           (a!88 (or (not (>= x!4 32.0))                     (>= (+ (* 1.1111111111? x!0) (* (- 1.1111111111?) x!5))                         (- 1853.7632493516?))))           (a!89 (or (not (>= x!4 34.0))                     (>= (+ (* 1.2345679012? x!0) (* (- 1.2345679012?) x!5))                         (- 1668.3869244165?))))           (a!90 (or (not (>= x!4 33.0))                     (>= (+ (* 1.1111111111? x!0) (* (- 1.1111111111?) x!5))                         (- 1668.3869244165?))))           (a!91 (or (not (>= x!4 35.0))                     (>= (+ (* 0.0004110983? x!0) (* (- 0.0004110983?) x!5))                         (- 0.5))))           (a!92 (or (not (>= x!4 36.0))                     (>= (+ (* 0.0004567759? x!0) (* (- 0.0004567759?) x!5))                         (- 0.5))))           (a!93 (or (not (>= x!4 37.0))                     (>= (+ (* 0.0005075287? x!0) (* (- 0.0005075287?) x!5))                         (- 0.5))))           (a!94 (or (not (>= x!4 38.0))                     (>= (+ (* 0.0005639208? x!0) (* (- 0.0005639208?) x!5))                         (- 0.5))))           (a!95 (or (not (>= x!4 39.0))                     (>= (+ (* 0.0006265787? x!0) (* (- 0.0006265787?) x!5))                         (- 0.5))))           (a!96 (or (not (>= x!4 40.0))                     (>= (+ (* 1.1111111111? x!0) (* (- 1.1111111111?) x!5))                         (- 797.9842939489?))))           (a!97 (or (not (>= x!4 41.0))                     (>= (+ (* 1.1111111111? x!0) (* (- 1.1111111111?) x!5))                         (- 718.1858645540?))))           (a!98 (or (not (>= x!4 42.0))                     (>= (+ (* 1.1111111111? x!0) (* (- 1.1111111111?) x!5))                         (- 646.3672780986?))))           (a!99 (or (not (>= x!4 43.0))                     (>= (+ (* 1.1111111111? x!0) (* (- 1.1111111111?) x!5))                         (- 581.7305502887?))))           (a!100 (or (not (>= x!4 44.0))                      (>= (+ (* 1.1111111111? x!0) (* (- 1.1111111111?) x!5))                          (- 523.5574952599?))))           (a!101 (or (not (>= x!4 45.0))                      (>= (+ (* 0.0011790184? x!0) (* (- 0.0011790184?) x!5))                          (- 0.5))))           (a!102 (or (not (>= x!4 46.0))                      (>= (+ (* 0.0013100205? x!0) (* (- 0.0013100205?) x!5))                          (- 0.5))))           (a!103 (or (not (>= x!4 47.0))                      (>= (+ (* 0.0014555783? x!0) (* (- 0.0014555783?) x!5))                          (- 0.5))))           (a!104 (or (not (>= x!4 48.0))                      (>= (+ (* 0.0016173092? x!0) (* (- 0.0016173092?) x!5))                          (- 0.5))))           (a!105 (or (not (>= x!4 49.0))                      (>= (+ (* 0.0017970102? x!0) (* (- 0.0017970102?) x!5))                          (- 0.5))))           (a!106 (or (not (>= x!4 50.0))                      (>= (+ (* 0.0019966781? x!0) (* (- 0.0019966781?) x!5))                          (- 0.5))))           (a!107 (or (not (>= x!4 51.0))                      (>= (+ (* 0.0022185312? x!0) (* (- 0.0022185312?) x!5))                          (- 0.5))))           (a!108 (or (not (>= x!4 52.0))                      (>= (+ (* 0.0024650347? x!0) (* (- 0.0024650347?) x!5))                          (- 0.5))))           (a!109 (or (not (>= x!4 53.0))                      (>= (+ (* 0.0027389274? x!0) (* (- 0.0027389274?) x!5))                          (- 0.5))))           (a!110 (or (not (>= x!4 54.0))                      (>= (+ (* 0.0030432527? x!0) (* (- 0.0030432527?) x!5))                          (- 0.5))))           (a!111 (or (not (>= x!4 55.0))                      (>= (+ (* 0.0033813919? x!0) (* (- 0.0033813919?) x!5))                          (- 0.5))))           (a!112 (or (not (>= x!4 56.0))                      (>= (+ (* 1.1111111111? x!0) (* (- 1.1111111111?) x!5))                          (- 147.8681007074?))))           (a!113 (or (not (>= x!4 57.0))                      (>= (+ (* 0.0041745579? x!0) (* (- 0.0041745579?) x!5))                          (- 0.5))))           (a!114 (or (not (>= x!4 58.0))                      (>= (+ (* 1.1111111111? x!0) (* (- 1.1111111111?) x!5))                          (- 119.7731615730?))))           (a!115 (or (not (>= x!4 59.0))                      (>= (+ (* 1.1111111111? x!0) (* (- 1.1111111111?) x!5))                          (- 107.7958454157?))))           (a!116 (or (not (>= x!4 60.0))                      (>= (+ (* 0.0057264168? x!0) (* (- 0.0057264168?) x!5))                          (- 0.5))))           (a!117 (or (not (>= x!4 61.0))                      (>= (+ (* 0.0063626854? x!0) (* (- 0.0063626854?) x!5))                          (- 0.5))))           (a!118 (or (not (>= x!4 62.0))                      (>= (+ (* 0.0070696504? x!0) (* (- 0.0070696504?) x!5))                          (- 0.5))))           (a!119 (or (not (>= x!4 64.0))                      (>= (+ (* 1.1111111111? x!0) (* (- 1.1111111111?) x!5))                          (- 63.6523687595?))))           (a!120 (or (not (>= x!4 63.0))                      (>= (+ (* 0.0078551672? x!0) (* (- 0.0078551672?) x!5))                          (- 0.5))))           (a!121 (or (not (>= x!4 65.0))                      (>= (+ (* 0.0096977372? x!0) (* (- 0.0096977372?) x!5))                          (- 0.5))))           (a!122 (or (not (>= x!4 66.0))                      (>= (+ (* 0.0107752636? x!0) (* (- 0.0107752636?) x!5))                          (- 0.5))))           (a!123 (or (not (>= x!4 68.0))                      (>= (+ (* 1.1111111111? x!0) (* (- 1.1111111111?) x!5))                          (- 41.7623191431?))))           (a!124 (or (not (>= x!4 67.0))                      (>= (+ (* 0.0119725151? x!0) (* (- 0.0119725151?) x!5))                          (- 0.5))))           (a!125 (or (not (>= x!4 69.0))                      (>= (+ (* 1.1111111111? x!0) (* (- 1.1111111111?) x!5))                          (- 37.5860872288?))))           (a!126 (or (not (>= x!4 70.0))                      (>= (+ (* 0.0164232032? x!0) (* (- 0.0164232032?) x!5))                          (- 0.5))))           (a!127 (or (not (>= x!4 71.0))                      (>= (+ (* 0.0182480036? x!0) (* (- 0.0182480036?) x!5))                          (- 0.5))))           (a!128 (or (not (>= x!4 72.0))                      (>= (+ (* 0.0202755595? x!0) (* (- 0.0202755595?) x!5))                          (- 0.5))))           (a!129 (or (not (>= x!4 73.0))                      (>= (+ (* 1.1111111111? x!0) (* (- 1.1111111111?) x!5))                          (- 24.6602318308?))))           (a!130 (or (not (>= x!4 74.0))                      (>= (+ (* 0.0250315550? x!0) (* (- 0.0250315550?) x!5))                          (- 0.5))))           (a!131 (or (not (>= x!4 75.0))                      (>= (+ (* 1.1111111111? x!0) (* (- 1.1111111111?) x!5))                          (- 19.9747877829?))))           (a!132 (or (not (>= x!4 76.0))                      (>= (+ (* 0.0309031543? x!0) (* (- 0.0309031543?) x!5))                          (- 0.5))))           (a!133 (or (not (>= x!4 77.0))                      (>= (+ (* 0.0343368382? x!0) (* (- 0.0343368382?) x!5))                          (- 0.5))))           (a!134 (or (not (>= x!4 78.0))                      (>= (+ (* 0.0381520424? x!0) (* (- 0.0381520424?) x!5))                          (- 0.5))))           (a!135 (or (not (>= x!4 79.0))                      (>= (+ (* 0.0423911582? x!0) (* (- 0.0423911582?) x!5))                          (- 0.5))))           (a!136 (or (not (>= x!4 80.0))                      (>= (+ (* 0.0471012869? x!0) (* (- 0.0471012869?) x!5))                          (- 0.5))))           (a!137 (or (not (>= x!4 81.0))                      (>= (+ (* 0.0523347633? x!0) (* (- 0.0523347633?) x!5))                          (- 0.5))))           (a!138 (or (not (>= x!4 83.0))                      (>= (+ (* 1.1111111111? x!0) (* (- 1.1111111111?) x!5))                          (- 8.5984911672?))))           (a!139 (or (not (>= x!4 82.0))                      (>= (+ (* 0.0581497370? x!0) (* (- 0.0581497370?) x!5))                          (- 0.5))))           (a!140 (or (not (>= x!4 84.0))                      (>= (+ (* 0.0717897987? x!0) (* (- 0.0717897987?) x!5))                          (- 0.5))))           (a!141 (or (not (>= x!4 85.0))                      (>= (+ (* 0.0797664430? x!0) (* (- 0.0797664430?) x!5))                          (- 0.5))))           (a!142 (or (not (>= x!4 86.0))                      (>= (+ (* 1.1111111111? x!0) (* (- 1.1111111111?) x!5))                          (- 6.2683000609?))))           (a!143 (or (not (>= x!4 87.0))                      (>= (+ (* 0.0984770902? x!0) (* (- 0.0984770902?) x!5))                          (- 0.5))))           (a!144 (or (not (>= x!4 89.0))                      (>= (+ (* 1.1111111111? x!0) (* (- 1.1111111111?) x!5))                          (- 4.5695907444?))))           (a!145 (or (not (>= x!4 88.0))                      (>= (+ (* 0.1094189891? x!0) (* (- 0.1094189891?) x!5))                          (- 0.5))))           (a!146 (or (not (>= x!4 90.0))                      (>= (+ (* 0.1350851717? x!0) (* (- 0.1350851717?) x!5))                          (- 0.5))))           (a!147 (or (not (>= x!4 91.0))                      (>= (+ (* 0.1500946352? x!0) (* (- 0.1500946352?) x!5))                          (- 0.5))))           (a!148 (or (not (>= x!4 92.0))                      (>= (+ (* 1.1111111111? x!0) (* (- 1.1111111111?) x!5))                          (- 3.3312316526?))))           (a!149 (or (not (>= x!4 93.0))                      (>= (+ (* 1.1111111111? x!0) (* (- 1.1111111111?) x!5))                          (- 2.9981084874?))))           (a!150 (or (not (>= x!4 94.0))                      (>= (+ (* 0.2058911320? x!0) (* (- 0.2058911320?) x!5))                          (- 0.5))))           (a!151 (or (not (>= x!4 95.0))                      (>= (+ (* 0.2287679245? x!0) (* (- 0.2287679245?) x!5))                          (- 0.5))))           (a!152 (or (not (>= x!4 96.0))                      (>= (+ (* 0.2541865828? x!0) (* (- 0.2541865828?) x!5))                          (- 0.5))))           (a!153 (or (not (>= x!4 97.0))                      (>= (+ (* 0.2824295364? x!0) (* (- 0.2824295364?) x!5))                          (- 0.5))))           (a!154 (or (not (>= x!4 98.0))                      (>= (+ (* 0.3138105960? x!0) (* (- 0.3138105960?) x!5))                          (- 0.5))))           (a!155 (or (not (>= x!4 99.0))                      (>= (+ (* 0.3486784401 x!0) (* (- 0.3486784401) x!5))                          (- 0.5))))           (a!156 (or (not (>= x!4 100.0))                      (>= (+ (* 0.387420489 x!0) (* (- 0.387420489) x!5))                          (- 0.5))))           (a!157 (or (not (>= x!4 101.0))                      (>= (+ (* 0.43046721 x!0) (* (- 0.43046721) x!5)) (- 0.5))))           (a!158 (or (not (>= x!4 102.0))                      (>= (+ (* 1.1111111111? x!0) (* (- 1.1111111111?) x!5))                          (- 1.1615286562?))))           (a!159 (or (not (>= x!4 103.0))                      (>= (+ (* 1.1111111111? x!0) (* (- 1.1111111111?) x!5))                          (- 1.0453757906?))))           (a!160 (or (not (>= x!4 104.0))                      (>= (+ (* 0.59049 x!0) (* (- 0.59049) x!5)) (- 0.5))))           (a!161 (or (not (>= x!4 105.0))                      (>= (+ (* 0.6561 x!0) (* (- 0.6561) x!5)) (- 0.5))))           (a!162 (or (not (>= x!4 106.0))                      (>= (+ (* 1.1111111111? x!0) (* (- 1.1111111111?) x!5))                          (- 0.7620789513?))))           (a!163 (or (not (>= x!4 107.0))                      (>= (+ (* 0.81 x!0) (* (- 0.81) x!5)) (- 0.5)))))       (and a!1            (<= (+ x!0 (* (- 1.0) x!5)) 4000.0)            a!2            a!3            a!4            a!5            a!6            a!7            a!8            a!9            a!10            a!11            a!12            a!13            a!14            a!15            a!16            a!17            a!18            a!19            a!20            a!21            a!22            a!23            a!24            a!25            a!26            a!27            a!28            a!29            a!30            a!31            a!32            a!33            a!34            a!35            a!36            a!37            a!38            a!39            a!40            a!41            a!42            a!43            a!44            a!45            a!46            a!47            a!48            a!49            a!50            a!51            a!52            a!53            a!54            a!55            a!56            a!57            a!58            a!59            a!60            a!61            a!62            a!63            a!64            a!65            a!66            a!67            a!68            a!69            a!70            a!71            a!72            a!73            a!74            a!75            a!76            a!77            a!78            a!79            a!80            a!81            a!82            a!83            a!84            a!85            a!86            (>= (+ (* 0.0002427494? x!0) (* (- 0.0002427494?) x!5)) (- 0.5))            a!87            a!88            a!89            a!90            a!91            a!92            a!93            a!94            a!95            a!96            a!97            a!98            a!99            a!100            a!101            a!102            a!103            a!104            a!105            a!106            a!107            a!108            a!109            a!110            a!111            a!112            a!113            a!114            a!115            a!116            a!117            a!118            a!119            a!120            a!121            a!122            a!123            a!124            a!125            a!126            a!127            a!128            a!129            a!130            a!131            a!132            a!133            a!134            a!135            a!136            a!137            a!138            a!139            a!140            a!141            a!142            a!143            a!144            a!145            a!146            a!147            a!148            a!149            a!150            a!151            a!152            a!153            a!154            a!155            a!156            a!157            a!158            a!159            a!160            a!161            a!162            a!163))) ),75.6133
p_0.00_4000.00_0.00_2000.00_0.1000_110.00_0.50_0.50.smt2,0.00,4000.00,0.00,2000.00,0.1000,110.00,0.50,0.50,Golem,sat,3.0460
p_0.00_4000.00_0.00_2000.00_0.1000_110.00_0.50_1.00.smt2,0.00,4000.00,0.00,2000.00,0.1000,110.00,0.50,1.00,Spacer,sat (   (define-fun Inv ((x!0 Real)    (x!1 Real)    (x!2 Real)    (x!3 Real)    (x!4 Real)    (x!5 Real)) Bool     (let ((a!1 (or (not (>= x!4 108.0))                    (>= (+ (* 0.9 x!0) (* (- 0.9) x!5)) (- 1.0))))           (a!2 (or (<= x!4 0.0)                    (<= (+ (* 0.0001290070? x!0) (* (- 0.0001290070?) x!5))                        0.4644252281?)))           (a!3 (or (<= x!4 1.0)                    (<= (+ (* 0.0001433411? x!0) (* (- 0.0001433411?) x!5)) 0.5)))           (a!4 (or (not (>= x!4 27.0))                    (<= (+ (* 1.1111111111? x!0) (* (- 1.1111111111?) x!5))                        3139.3643403811?)))           (a!5 (or (not (>= x!4 26.0))                    (<= (+ (* 0.0001592679? x!0) (* (- 0.0001592679?) x!5)) 0.5)))           (a!6 (or (not (>= x!4 28.0))                    (<= (+ (* 1.1111111111? x!0) (* (- 1.1111111111?) x!5))                        2825.4279063430?)))           (a!7 (or (not (>= x!4 29.0))                    (<= (+ (* 0.0002184745? x!0) (* (- 0.0002184745?) x!5)) 0.5)))           (a!8 (or (not (>= x!4 30.0))                    (<= (+ (* 0.0002427494? x!0) (* (- 0.0002427494?) x!5)) 0.5)))           (a!9 (or (not (>= x!4 31.0))                    (<= (+ (* 0.0002697216? x!0) (* (- 0.0002697216?) x!5)) 0.5)))           (a!10 (or (<= (+ (* 1.1111111111? x!0) (* (- 1.1111111111?) x!5))                         1853.7632493516?)                     (not (>= x!4 32.0))))           (a!11 (or (<= (+ (* 1.1111111111? x!0) (* (- 1.1111111111?) x!5))                         1668.3869244165?)                     (not (>= x!4 33.0))))           (a!12 (or (<= (+ (* 1.1111111111? x!0) (* (- 1.1111111111?) x!5))                         1351.3934087773?)                     (not (>= x!4 35.0))))           (a!13 (or (not (>= x!4 34.0))                     (<= (+ (* 0.0003699884? x!0) (* (- 0.0003699884?) x!5)) 0.5)))           (a!14 (or (not (>= x!4 36.0))                     (<= (+ (* 0.0004567759? x!0) (* (- 0.0004567759?) x!5)) 0.5)))           (a!15 (or (not (>= x!4 37.0))                     (<= (+ (* 1.1111111111? x!0) (* (- 1.1111111111?) x!5))                         1094.6286611096?)))           (a!16 (or (<= (+ (* 1.1111111111? x!0) (* (- 1.1111111111?) x!5))                         985.1657949987?)                     (not (>= x!4 38.0))))           (a!17 (or (<= (+ (* 1.1111111111? x!0) (* (- 1.1111111111?) x!5))                         886.6492154988?)                     (not (>= x!4 39.0))))           (a!18 (or (<= (+ (* 1.1111111111? x!0) (* (- 1.1111111111?) x!5))                         797.9842939489?)                     (not (>= x!4 40.0))))           (a!19 (or (not (>= x!4 41.0))                     (<= (+ (* 1.1111111111? x!0) (* (- 1.1111111111?) x!5))                         718.1858645540?)))           (a!20 (or (not (>= x!4 42.0))                     (<= (+ (* 1.1111111111? x!0) (* (- 1.1111111111?) x!5))                         646.3672780986?)))           (a!21 (or (not (>= x!4 43.0))                     (<= (+ (* 0.0009550049? x!0) (* (- 0.0009550049?) x!5)) 0.5)))           (a!22 (or (<= (+ (* 1.1111111111? x!0) (* (- 1.1111111111?) x!5))                         523.5574952599?)                     (not (>= x!4 44.0))))           (a!23 (or (not (>= x!4 45.0))                     (<= (+ (* 1.1111111111? x!0) (* (- 1.1111111111?) x!5))                         471.2017457339?)))           (a!24 (or (not (>= x!4 46.0))                     (<= (+ (* 0.0013100205? x!0) (* (- 0.0013100205?) x!5)) 0.5)))           (a!25 (or (not (>= x!4 47.0))                     (<= (+ (* 0.0014555783? x!0) (* (- 0.0014555783?) x!5)) 0.5)))           (a!26 (or (not (>= x!4 48.0))                     (<= (+ (* 1.1111111111? x!0) (* (- 1.1111111111?) x!5))                         343.5060726400?)))           (a!27 (or (<= (+ (* 1.1111111111? x!0) (* (- 1.1111111111?) x!5))                         278.2399188384?)                     (not (>= x!4 50.0))))           (a!28 (or (not (>= x!4 49.0))                     (<= (+ (* 0.0017970102? x!0) (* (- 0.0017970102?) x!5)) 0.5)))           (a!29 (or (<= (+ (* 1.1111111111? x!0) (* (- 1.1111111111?) x!5))                         225.3743342591?)                     (not (>= x!4 52.0))))           (a!30 (or (not (>= x!4 51.0))                     (<= (+ (* 0.0022185312? x!0) (* (- 0.0022185312?) x!5)) 0.5)))           (a!31 (or (not (>= x!4 53.0))                     (<= (+ (* 0.0027389274? x!0) (* (- 0.0027389274?) x!5)) 0.5)))           (a!32 (or (not (>= x!4 54.0))                     (<= (+ (* 0.0030432527? x!0) (* (- 0.0030432527?) x!5)) 0.5)))           (a!33 (or (not (>= x!4 55.0))                     (<= (+ (* 0.0033813919? x!0) (* (- 0.0033813919?) x!5)) 0.5)))           (a!34 (or (not (>= x!4 56.0))                     (<= (+ (* 0.0037571021? x!0) (* (- 0.0037571021?) x!5)) 0.5)))           (a!35 (or (<= (+ (* 1.1111111111? x!0) (* (- 1.1111111111?) x!5))                         133.0812906366?)                     (not (>= x!4 57.0))))           (a!36 (or (not (>= x!4 58.0))                     (<= (+ (* 1.1111111111? x!0) (* (- 1.1111111111?) x!5))                         119.7731615730?)))           (a!37 (or (<= (+ (* 1.1111111111? x!0) (* (- 1.1111111111?) x!5))                         107.7958454157?)                     (not (>= x!4 59.0))))           (a!38 (or (<= (+ (* 1.1111111111? x!0) (* (- 1.1111111111?) x!5))                         97.0162608741?)                     (not (>= x!4 60.0))))           (a!39 (or (not (>= x!4 61.0))                     (<= (+ (* 0.0063626854? x!0) (* (- 0.0063626854?) x!5)) 0.5)))           (a!40 (or (<= (+ (* 1.1111111111? x!0) (* (- 1.1111111111?) x!5))                         78.5831713080?)                     (not (>= x!4 62.0))))           (a!41 (or (<= (+ (* 1.1111111111? x!0) (* (- 1.1111111111?) x!5))                         70.7248541772?)                     (not (>= x!4 63.0))))           (a!42 (or (<= (+ (* 1.1111111111? x!0) (* (- 1.1111111111?) x!5))                         63.6523687595?)                     (not (>= x!4 64.0))))           (a!43 (or (not (>= x!4 66.0))                     (<= (+ (* 1.1111111111? x!0) (* (- 1.1111111111?) x!5))                         51.5584186952?)))           (a!44 (or (<= (+ (* 1.1111111111? x!0) (* (- 1.1111111111?) x!5))                         57.2871318835?)                     (not (>= x!4 65.0))))           (a!45 (or (<= (+ (* 1.1111111111? x!0) (* (- 1.1111111111?) x!5))                         41.7623191431?)                     (not (>= x!4 68.0))))           (a!46 (or (<= (+ (* 1.1111111111? x!0) (* (- 1.1111111111?) x!5))                         46.4025768256?)                     (not (>= x!4 67.0))))           (a!47 (or (not (>= x!4 69.0))                     (<= (+ (* 1.1111111111? x!0) (* (- 1.1111111111?) x!5))                         37.5860872288?)))           (a!48 (or (not (>= x!4 71.0))                     (<= (+ (* 1.1111111111? x!0) (* (- 1.1111111111?) x!5))                         30.4447306553?)))           (a!49 (or (<= (+ (* 1.1111111111? x!0) (* (- 1.1111111111?) x!5))                         33.8274785059?)                     (not (>= x!4 70.0))))           (a!50 (or (not (>= x!4 72.0))                     (<= (+ (* 1.1111111111? x!0) (* (- 1.1111111111?) x!5))                         27.4002575898?)))           (a!51 (or (<= (+ (* 1.1111111111? x!0) (* (- 1.1111111111?) x!5))                         24.6602318308?)                     (not (>= x!4 73.0))))           (a!52 (or (<= (+ (* 1.1111111111? x!0) (* (- 1.1111111111?) x!5))                         19.9747877829?)                     (not (>= x!4 75.0))))           (a!53 (or (<= (+ (* 1.1111111111? x!0) (* (- 1.1111111111?) x!5))                         22.1942086477?)                     (not (>= x!4 74.0))))           (a!54 (or (not (>= x!4 76.0))                     (<= (+ (* 1.1111111111? x!0) (* (- 1.1111111111?) x!5))                         17.9773090046?)))           (a!55 (or (not (>= x!4 77.0))                     (<= (+ (* 1.1111111111? x!0) (* (- 1.1111111111?) x!5))                         16.1795781042?)))           (a!56 (or (<= (+ (* 1.1111111111? x!0) (* (- 1.1111111111?) x!5))                         13.1054582644?)                     (not (>= x!4 79.0))))           (a!57 (or (<= (+ (* 1.1111111111? x!0) (* (- 1.1111111111?) x!5))                         14.5616202937?)                     (not (>= x!4 78.0))))           (a!58 (or (not (>= x!4 80.0))                     (<= (+ (* 1.1111111111? x!0) (* (- 1.1111111111?) x!5))                         11.7949124379?)))           (a!59 (or (not (>= x!4 82.0))                     (<= (+ (* 1.1111111111? x!0) (* (- 1.1111111111?) x!5))                         9.5538790747?)))           (a!60 (or (not (>= x!4 81.0))                     (<= (+ (* 1.1111111111? x!0) (* (- 1.1111111111?) x!5))                         10.6154211941?)))           (a!61 (or (not (>= x!4 84.0))                     (<= (+ (* 1.1111111111? x!0) (* (- 1.1111111111?) x!5))                         7.7386420505?)))           (a!62 (or (not (>= x!4 83.0))                     (<= (+ (* 1.1111111111? x!0) (* (- 1.1111111111?) x!5))                         8.5984911672?)))           (a!63 (or (not (>= x!4 85.0))                     (<= (+ (* 1.1111111111? x!0) (* (- 1.1111111111?) x!5))                         6.9647778454?)))           (a!64 (or (not (>= x!4 86.0))                     (<= (+ (* 1.1111111111? x!0) (* (- 1.1111111111?) x!5))                         6.2683000609?)))           (a!65 (or (not (>= x!4 88.0))                     (<= (+ (* 1.1111111111? x!0) (* (- 1.1111111111?) x!5))                         5.0773230493?)))           (a!66 (or (not (>= x!4 87.0))                     (<= (+ (* 1.1111111111? x!0) (* (- 1.1111111111?) x!5))                         5.6414700548?)))           (a!67 (or (not (>= x!4 89.0))                     (<= (+ (* 1.1111111111? x!0) (* (- 1.1111111111?) x!5))                         4.5695907444?)))           (a!68 (or (not (>= x!4 90.0))                     (<= (+ (* 1.1111111111? x!0) (* (- 1.1111111111?) x!5))                         4.1126316699?)))           (a!69 (or (<= (+ (* 1.1111111111? x!0) (* (- 1.1111111111?) x!5))                         3.7013685029?)                     (not (>= x!4 91.0))))           (a!70 (or (<= (+ (* 1.1111111111? x!0) (* (- 1.1111111111?) x!5))                         3.3312316526?)                     (not (>= x!4 92.0))))           (a!71 (or (<= (+ (* 1.1111111111? x!0) (* (- 1.1111111111?) x!5))                         2.9981084874?)                     (not (>= x!4 93.0))))           (a!72 (or (<= (+ (* 1.1111111111? x!0) (* (- 1.1111111111?) x!5))                         2.6982976386?)                     (not (>= x!4 94.0))))           (a!73 (or (<= (+ (* 1.1111111111? x!0) (* (- 1.1111111111?) x!5))                         2.4284678748?)                     (not (>= x!4 95.0))))           (a!74 (or (not (>= x!4 97.0))                     (<= (+ (* 1.1111111111? x!0) (* (- 1.1111111111?) x!5))                         1.9670589785?)))           (a!75 (or (not (>= x!4 96.0))                     (<= (+ (* 1.1111111111? x!0) (* (- 1.1111111111?) x!5))                         2.1856210873?)))           (a!76 (or (<= (+ (* 1.1111111111? x!0) (* (- 1.1111111111?) x!5))                         1.7703530807?)                     (not (>= x!4 98.0))))           (a!77 (or (<= (+ (* 1.1111111111? x!0) (* (- 1.1111111111?) x!5))                         1.4339859953?)                     (not (>= x!4 100.0))))           (a!78 (or (<= (+ (* 1.1111111111? x!0) (* (- 1.1111111111?) x!5))                         1.5933177726?)                     (not (>= x!4 99.0))))           (a!79 (or (<= (+ (* 1.1111111111? x!0) (* (- 1.1111111111?) x!5))                         1.2905873958?)                     (not (>= x!4 101.0))))           (a!80 (or (<= (+ (* 1.1111111111? x!0) (* (- 1.1111111111?) x!5))                         1.1615286562?)                     (not (>= x!4 102.0))))           (a!81 (or (<= (+ (* 1.1111111111? x!0) (* (- 1.1111111111?) x!5))                         1.0453757906?)                     (not (>= x!4 103.0))))           (a!82 (or (<= (+ (* 1.1111111111? x!0) (* (- 1.1111111111?) x!5))                         0.9408382115?)                     (not (>= x!4 104.0))))           (a!83 (or (<= (+ (* 1.1111111111? x!0) (* (- 1.1111111111?) x!5))                         0.8467543904?)                     (not (>= x!4 105.0))))           (a!84 (or (<= (+ (* 1.1111111111? x!0) (* (- 1.1111111111?) x!5))                         0.7620789513?)                     (not (>= x!4 106.0))))           (a!85 (or (<= (+ (* 1.1111111111? x!0) (* (- 1.1111111111?) x!5))                         0.6858710562?)                     (not (>= x!4 107.0))))           (a!86 (or (<= (+ (* 1.1111111111? x!0) (* (- 1.1111111111?) x!5))                         0.6172839506?)                     (not (>= x!4 108.0))))           (a!87 (or (<= x!4 0.0)                     (>= (+ (* 0.0005075287? x!0) (* (- 0.0005075287?) x!5))                         (- 1.0))))           (a!88 (or (not (>= x!4 39.0))                     (>= (+ (* 0.0006265787? x!0) (* (- 0.0006265787?) x!5))                         (- 1.0))))           (a!89 (or (not (>= x!4 40.0))                     (>= (+ (* 0.0006961986? x!0) (* (- 0.0006961986?) x!5))                         (- 1.0))))           (a!90 (or (not (>= x!4 38.0))                     (>= (+ (* 0.0005639208? x!0) (* (- 0.0005639208?) x!5))                         (- 1.0))))           (a!91 (or (not (>= x!4 41.0))                     (>= (+ (* 0.0007735540? x!0) (* (- 0.0007735540?) x!5))                         (- 1.0))))           (a!92 (or (not (>= x!4 42.0))                     (>= (+ (* 0.0008595044? x!0) (* (- 0.0008595044?) x!5))                         (- 1.0))))           (a!93 (or (not (>= x!4 43.0))                     (>= (+ (* 0.0009550049? x!0) (* (- 0.0009550049?) x!5))                         (- 1.0))))           (a!94 (or (not (>= x!4 44.0))                     (>= (+ (* 0.0010611166? x!0) (* (- 0.0010611166?) x!5))                         (- 1.0))))           (a!95 (or (not (>= x!4 45.0))                     (>= (+ (* 0.0011790184? x!0) (* (- 0.0011790184?) x!5))                         (- 1.0))))           (a!96 (or (not (>= x!4 46.0))                     (>= (+ (* 0.0013100205? x!0) (* (- 0.0013100205?) x!5))                         (- 1.0))))           (a!97 (or (not (>= x!4 47.0))                     (>= (+ (* 0.0014555783? x!0) (* (- 0.0014555783?) x!5))                         (- 1.0))))           (a!98 (or (not (>= x!4 48.0))                     (>= (+ (* 0.0016173092? x!0) (* (- 0.0016173092?) x!5))                         (- 1.0))))           (a!99 (or (not (>= x!4 49.0))                     (>= (+ (* 0.0017970102? x!0) (* (- 0.0017970102?) x!5))                         (- 1.0))))           (a!100 (or (not (>= x!4 50.0))                      (>= (+ (* 0.0019966781? x!0) (* (- 0.0019966781?) x!5))                          (- 1.0))))           (a!101 (or (not (>= x!4 51.0))                      (>= (+ (* 0.0022185312? x!0) (* (- 0.0022185312?) x!5))                          (- 1.0))))           (a!102 (or (not (>= x!4 52.0))                      (>= (+ (* 0.0024650347? x!0) (* (- 0.0024650347?) x!5))                          (- 1.0))))           (a!103 (or (not (>= x!4 53.0))                      (>= (+ (* 0.0027389274? x!0) (* (- 0.0027389274?) x!5))                          (- 1.0))))           (a!104 (or (not (>= x!4 54.0))                      (>= (+ (* 0.0030432527? x!0) (* (- 0.0030432527?) x!5))                          (- 1.0))))           (a!105 (or (not (>= x!4 55.0))                      (>= (+ (* 0.0033813919? x!0) (* (- 0.0033813919?) x!5))                          (- 1.0))))           (a!106 (or (not (>= x!4 56.0))                      (>= (+ (* 0.0037571021? x!0) (* (- 0.0037571021?) x!5))                          (- 1.0))))           (a!107 (or (not (>= x!4 59.0))                      (>= (+ (* 0.0051537752? x!0) (* (- 0.0051537752?) x!5))                          (- 1.0))))           (a!108 (or (not (>= x!4 57.0))                      (>= (+ (* 0.0041745579? x!0) (* (- 0.0041745579?) x!5))                          (- 1.0))))           (a!109 (or (not (>= x!4 58.0))                      (>= (+ (* 0.0046383976? x!0) (* (- 0.0046383976?) x!5))                          (- 1.0))))           (a!110 (or (not (>= x!4 60.0))                      (>= (+ (* 0.0057264168? x!0) (* (- 0.0057264168?) x!5))                          (- 1.0))))           (a!111 (or (not (>= x!4 61.0))                      (>= (+ (* 1.1111111111? x!0) (* (- 1.1111111111?) x!5))                          (- 174.6292695734?))))           (a!112 (or (not (>= x!4 62.0))                      (>= (+ (* 1.2345679012? x!0) (* (- 1.2345679012?) x!5))                          (- 174.6292695734?))))           (a!113 (or (not (>= x!4 63.0))                      (>= (+ (* 0.0078551672? x!0) (* (- 0.0078551672?) x!5))                          (- 1.0))))           (a!114 (or (not (>= x!4 64.0))                      (>= (+ (* 0.0087279635? x!0) (* (- 0.0087279635?) x!5))                          (- 1.0))))           (a!115 (or (not (>= x!4 65.0))                      (>= (+ (* 0.0096977372? x!0) (* (- 0.0096977372?) x!5))                          (- 1.0))))           (a!116 (or (not (>= x!4 66.0))                      (>= (+ (* 1.1111111111? x!0) (* (- 1.1111111111?) x!5))                          (- 103.1168373904?))))           (a!117 (or (not (>= x!4 67.0))                      (>= (+ (* 0.0119725151? x!0) (* (- 0.0119725151?) x!5))                          (- 1.0))))           (a!118 (or (not (>= x!4 68.0))                      (>= (+ (* 1.1111111111? x!0) (* (- 1.1111111111?) x!5))                          (- 83.5246382862?))))           (a!119 (or (not (>= x!4 69.0))                      (>= (+ (* 1.1111111111? x!0) (* (- 1.1111111111?) x!5))                          (- 75.1721744576?))))           (a!120 (or (not (>= x!4 70.0))                      (>= (+ (* 0.0164232032? x!0) (* (- 0.0164232032?) x!5))                          (- 1.0))))           (a!121 (or (not (>= x!4 72.0))                      (>= (+ (* 1.1111111111? x!0) (* (- 1.1111111111?) x!5))                          (- 54.8005151796?))))           (a!122 (or (not (>= x!4 71.0))                      (>= (+ (* 0.0182480036? x!0) (* (- 0.0182480036?) x!5))                          (- 1.0))))           (a!123 (or (not (>= x!4 73.0))                      (>= (+ (* 1.1111111111? x!0) (* (- 1.1111111111?) x!5))                          (- 49.3204636616?))))           (a!124 (or (not (>= x!4 74.0))                      (>= (+ (* 0.0250315550? x!0) (* (- 0.0250315550?) x!5))                          (- 1.0))))           (a!125 (or (not (>= x!4 75.0))                      (>= (+ (* 0.0278128389? x!0) (* (- 0.0278128389?) x!5))                          (- 1.0))))           (a!126 (or (not (>= x!4 76.0))                      (>= (+ (* 0.0309031543? x!0) (* (- 0.0309031543?) x!5))                          (- 1.0))))           (a!127 (or (not (>= x!4 77.0))                      (>= (+ (* 1.1111111111? x!0) (* (- 1.1111111111?) x!5))                          (- 32.3591562084?))))           (a!128 (or (not (>= x!4 78.0))                      (>= (+ (* 1.2345679012? x!0) (* (- 1.2345679012?) x!5))                          (- 32.3591562084?))))           (a!129 (or (not (>= x!4 79.0))                      (>= (+ (* 1.1111111111? x!0) (* (- 1.1111111111?) x!5))                          (- 26.2109165288?))))           (a!130 (or (not (>= x!4 80.0))                      (>= (+ (* 0.0471012869? x!0) (* (- 0.0471012869?) x!5))                          (- 1.0))))           (a!131 (or (not (>= x!4 82.0))                      (>= (+ (* 1.1111111111? x!0) (* (- 1.1111111111?) x!5))                          (- 19.1077581494?))))           (a!132 (or (not (>= x!4 81.0))                      (>= (+ (* 1.1111111111? x!0) (* (- 1.1111111111?) x!5))                          (- 21.2308423883?))))           (a!133 (or (not (>= x!4 83.0))                      (>= (+ (* 0.0646108188? x!0) (* (- 0.0646108188?) x!5))                          (- 1.0))))           (a!134 (or (not (>= x!4 84.0))                      (>= (+ (* 1.1111111111? x!0) (* (- 1.1111111111?) x!5))                          (- 15.4772841010?))))           (a!135 (or (not (>= x!4 85.0))                      (>= (+ (* 1.1111111111? x!0) (* (- 1.1111111111?) x!5))                          (- 13.9295556909?))))           (a!136 (or (not (>= x!4 86.0))                      (>= (+ (* 0.0886293811? x!0) (* (- 0.0886293811?) x!5))                          (- 1.0))))           (a!137 (or (not (>= x!4 88.0))                      (>= (+ (* 1.1111111111? x!0) (* (- 1.1111111111?) x!5))                          (- 10.1546460987?))))           (a!138 (or (not (>= x!4 87.0))                      (>= (+ (* 1.1111111111? x!0) (* (- 1.1111111111?) x!5))                          (- 11.2829401096?))))           (a!139 (or (not (>= x!4 90.0))                      (>= (+ (* 1.1111111111? x!0) (* (- 1.1111111111?) x!5))                          (- 8.2252633399?))))           (a!140 (or (not (>= x!4 89.0))                      (>= (+ (* 0.1215766545? x!0) (* (- 0.1215766545?) x!5))                          (- 1.0))))           (a!141 (or (not (>= x!4 91.0))                      (>= (+ (* 1.1111111111? x!0) (* (- 1.1111111111?) x!5))                          (- 7.4027370059?))))           (a!142 (or (not (>= x!4 92.0))                      (>= (+ (* 0.1667718169? x!0) (* (- 0.1667718169?) x!5))                          (- 1.0))))           (a!143 (or (not (>= x!4 93.0))                      (>= (+ (* 1.1111111111? x!0) (* (- 1.1111111111?) x!5))                          (- 5.9962169748?))))           (a!144 (or (not (>= x!4 94.0))                      (>= (+ (* 1.1111111111? x!0) (* (- 1.1111111111?) x!5))                          (- 5.3965952773?))))           (a!145 (or (not (>= x!4 95.0))                      (>= (+ (* 0.2287679245? x!0) (* (- 0.2287679245?) x!5))                          (- 1.0))))           (a!146 (or (not (>= x!4 96.0))                      (>= (+ (* 1.1111111111? x!0) (* (- 1.1111111111?) x!5))                          (- 4.3712421746?))))           (a!147 (or (not (>= x!4 97.0))                      (>= (+ (* 1.1111111111? x!0) (* (- 1.1111111111?) x!5))                          (- 3.9341179571?))))           (a!148 (or (not (>= x!4 98.0))                      (>= (+ (* 1.1111111111? x!0) (* (- 1.1111111111?) x!5))                          (- 3.5407061614?))))           (a!149 (or (not (>= x!4 99.0))                      (>= (+ (* 0.3486784401 x!0) (* (- 0.3486784401) x!5))                          (- 1.0))))           (a!150 (or (not (>= x!4 101.0))                      (>= (+ (* 1.1111111111? x!0) (* (- 1.1111111111?) x!5))                          (- 2.5811747917?))))           (a!151 (or (not (>= x!4 100.0))                      (>= (+ (* 1.1111111111? x!0) (* (- 1.1111111111?) x!5))                          (- 2.8679719907?))))           (a!152 (or (not (>= x!4 102.0))                      (>= (+ (* 0.4782969 x!0) (* (- 0.4782969) x!5)) (- 1.0))))           (a!153 (or (not (>= x!4 103.0))                      (>= (+ (* 1.1111111111? x!0) (* (- 1.1111111111?) x!5))                          (- 2.0907515812?))))           (a!154 (or (not (>= x!4 105.0))                      (>= (+ (* 1.1111111111? x!0) (* (- 1.1111111111?) x!5))                          (- 1.6935087808?))))           (a!155 (or (not (>= x!4 104.0))                      (>= (+ (* 1.1111111111? x!0) (* (- 1.1111111111?) x!5))                          (- 1.8816764231?))))           (a!156 (or (not (>= x!4 106.0))                      (>= (+ (* 0.729 x!0) (* (- 0.729) x!5)) (- 1.0))))           (a!157 (or (not (>= x!4 107.0))                      (>= (+ (* 0.81 x!0) (* (- 0.81) x!5)) (- 1.0)))))       (and a!1            (<= (+ x!0 (* (- 1.0) x!5)) 4000.0)            a!2            a!3            a!4            a!5            a!6            a!7            a!8            a!9            a!10            a!11            a!12            a!13            a!14            a!15            a!16            a!17            a!18            a!19            a!20            a!21            a!22            a!23            a!24            a!25            a!26            a!27            a!28            a!29            a!30            a!31            a!32            a!33            a!34            a!35            a!36            a!37            a!38            a!39            a!40            a!41            a!42            a!43            a!44            a!45            a!46            a!47            a!48            a!49            a!50            a!51            a!52            a!53            a!54            a!55            a!56            a!57            a!58            a!59            a!60            a!61            a!62            a!63            a!64            a!65            a!66            a!67            a!68            a!69            a!70            a!71            a!72            a!73            a!74            a!75            a!76            a!77            a!78            a!79            a!80            a!81            a!82            a!83            a!84            a!85            a!86            (>= (+ (* 0.0004567759? x!0) (* (- 0.0004567759?) x!5)) (- 1.0))            a!87            a!88            a!89            a!90            a!91            a!92            a!93            a!94            a!95            a!96            a!97            a!98            a!99            a!100            a!101            a!102            a!103            a!104            a!105            a!106            a!107            a!108            a!109            a!110            a!111            a!112            a!113            a!114            a!115            a!116            a!117            a!118            a!119            a!120            a!121            a!122            a!123            a!124            a!125            a!126            a!127            a!128            a!129            a!130            a!131            a!132            a!133            a!134            a!135            a!136            a!137            a!138            a!139            a!140            a!141            a!142            a!143            a!144            a!145            a!146            a!147            a!148            a!149            a!150            a!151            a!152            a!153            a!154            a!155            a!156            a!157))) ),63.4927
p_0.00_4000.00_0.00_2000.00_0.1000_110.00_0.50_1.00.smt2,0.00,4000.00,0.00,2000.00,0.1000,110.00,0.50,1.00,Golem,sat,3.0589
p_0.00_4000.00_0.00_2000.00_0.1000_110.00_1.00_0.50.smt2,0.00,4000.00,0.00,2000.00,0.1000,110.00,1.00,0.50,Spacer,sat (   (define-fun Inv ((x!0 Real)    (x!1 Real)    (x!2 Real)    (x!3 Real)    (x!4 Real)    (x!5 Real)) Bool     (let ((a!1 (or (not (>= x!4 108.0))                    (>= (+ (* 1.1111111111? x!0) (* (- 1.1111111111?) x!5))                        (- 0.6172839506?))))           (a!2 (or (<= x!4 0.0)                    (<= (+ (* 0.0002697216? x!0) (* (- 0.0002697216?) x!5))                        0.9709977801?)))           (a!3 (or (<= x!4 1.0)                    (<= (+ (* 1.1111111111? x!0) (* (- 1.1111111111?) x!5))                        3707.5264987033?)))           (a!4 (or (<= (+ (* 1.1111111111? x!0) (* (- 1.1111111111?) x!5))                        3336.7738488330?)                    (not (>= x!4 33.0))))           (a!5 (or (not (>= x!4 34.0))                    (<= (+ (* 0.0003699884? x!0) (* (- 0.0003699884?) x!5)) 1.0)))           (a!6 (or (not (>= x!4 35.0))                    (<= (+ (* 0.0004110983? x!0) (* (- 0.0004110983?) x!5)) 1.0)))           (a!7 (or (not (>= x!4 36.0))                    (<= (+ (* 0.0004567759? x!0) (* (- 0.0004567759?) x!5)) 1.0)))           (a!8 (or (not (>= x!4 37.0))                    (<= (+ (* 0.0005075287? x!0) (* (- 0.0005075287?) x!5)) 1.0)))           (a!9 (or (not (>= x!4 38.0))                    (<= (+ (* 0.0005639208? x!0) (* (- 0.0005639208?) x!5)) 1.0)))           (a!10 (or (not (>= x!4 39.0))                     (<= (+ (* 0.0006265787? x!0) (* (- 0.0006265787?) x!5)) 1.0)))           (a!11 (or (not (>= x!4 40.0))                     (<= (+ (* 0.0006961986? x!0) (* (- 0.0006961986?) x!5)) 1.0)))           (a!12 (or (not (>= x!4 41.0))                     (<= (+ (* 0.0007735540? x!0) (* (- 0.0007735540?) x!5)) 1.0)))           (a!13 (or (not (>= x!4 42.0))                     (<= (+ (* 0.0008595044? x!0) (* (- 0.0008595044?) x!5)) 1.0)))           (a!14 (or (not (>= x!4 43.0))                     (<= (+ (* 0.0009550049? x!0) (* (- 0.0009550049?) x!5)) 1.0)))           (a!15 (or (not (>= x!4 44.0))                     (<= (+ (* 0.0010611166? x!0) (* (- 0.0010611166?) x!5)) 1.0)))           (a!16 (or (not (>= x!4 45.0))                     (<= (+ (* 0.0011790184? x!0) (* (- 0.0011790184?) x!5)) 1.0)))           (a!17 (or (not (>= x!4 46.0))                     (<= (+ (* 0.0013100205? x!0) (* (- 0.0013100205?) x!5)) 1.0)))           (a!18 (or (not (>= x!4 47.0))                     (<= (+ (* 0.0014555783? x!0) (* (- 0.0014555783?) x!5)) 1.0)))           (a!19 (or (not (>= x!4 48.0))                     (<= (+ (* 0.0016173092? x!0) (* (- 0.0016173092?) x!5)) 1.0)))           (a!20 (or (not (>= x!4 49.0))                     (<= (+ (* 0.0017970102? x!0) (* (- 0.0017970102?) x!5)) 1.0)))           (a!21 (or (not (>= x!4 50.0))                     (<= (+ (* 0.0019966781? x!0) (* (- 0.0019966781?) x!5)) 1.0)))           (a!22 (or (not (>= x!4 51.0))                     (<= (+ (* 0.0022185312? x!0) (* (- 0.0022185312?) x!5)) 1.0)))           (a!23 (or (not (>= x!4 52.0))                     (<= (+ (* 0.0024650347? x!0) (* (- 0.0024650347?) x!5)) 1.0)))           (a!24 (or (not (>= x!4 53.0))                     (<= (+ (* 0.0027389274? x!0) (* (- 0.0027389274?) x!5)) 1.0)))           (a!25 (or (not (>= x!4 54.0))                     (<= (+ (* 0.0030432527? x!0) (* (- 0.0030432527?) x!5)) 1.0)))           (a!26 (or (not (>= x!4 55.0))                     (<= (+ (* 0.0033813919? x!0) (* (- 0.0033813919?) x!5)) 1.0)))           (a!27 (or (not (>= x!4 56.0))                     (<= (+ (* 0.0037571021? x!0) (* (- 0.0037571021?) x!5)) 1.0)))           (a!28 (or (not (>= x!4 57.0))                     (<= (+ (* 0.0041745579? x!0) (* (- 0.0041745579?) x!5)) 1.0)))           (a!29 (or (not (>= x!4 58.0))                     (<= (+ (* 0.0046383976? x!0) (* (- 0.0046383976?) x!5)) 1.0)))           (a!30 (or (not (>= x!4 59.0))                     (<= (+ (* 0.0051537752? x!0) (* (- 0.0051537752?) x!5)) 1.0)))           (a!31 (or (not (>= x!4 60.0))                     (<= (+ (* 0.0057264168? x!0) (* (- 0.0057264168?) x!5)) 1.0)))           (a!32 (or (not (>= x!4 61.0))                     (<= (+ (* 0.0063626854? x!0) (* (- 0.0063626854?) x!5)) 1.0)))           (a!33 (or (not (>= x!4 62.0))                     (<= (+ (* 0.0070696504? x!0) (* (- 0.0070696504?) x!5)) 1.0)))           (a!34 (or (not (>= x!4 63.0))                     (<= (+ (* 0.0078551672? x!0) (* (- 0.0078551672?) x!5)) 1.0)))           (a!35 (or (not (>= x!4 64.0))                     (<= (+ (* 0.0087279635? x!0) (* (- 0.0087279635?) x!5)) 1.0)))           (a!36 (or (not (>= x!4 65.0))                     (<= (+ (* 0.0096977372? x!0) (* (- 0.0096977372?) x!5)) 1.0)))           (a!37 (or (not (>= x!4 66.0))                     (<= (+ (* 0.0107752636? x!0) (* (- 0.0107752636?) x!5)) 1.0)))           (a!38 (or (not (>= x!4 67.0))                     (<= (+ (* 0.0119725151? x!0) (* (- 0.0119725151?) x!5)) 1.0)))           (a!39 (or (not (>= x!4 68.0))                     (<= (+ (* 0.0133027946? x!0) (* (- 0.0133027946?) x!5)) 1.0)))           (a!40 (or (not (>= x!4 69.0))                     (<= (+ (* 0.0147808829? x!0) (* (- 0.0147808829?) x!5)) 1.0)))           (a!41 (or (not (>= x!4 70.0))                     (<= (+ (* 0.0164232032? x!0) (* (- 0.0164232032?) x!5)) 1.0)))           (a!42 (or (not (>= x!4 71.0))                     (<= (+ (* 0.0182480036? x!0) (* (- 0.0182480036?) x!5)) 1.0)))           (a!43 (or (not (>= x!4 72.0))                     (<= (+ (* 0.0202755595? x!0) (* (- 0.0202755595?) x!5)) 1.0)))           (a!44 (or (not (>= x!4 73.0))                     (<= (+ (* 0.0225283995? x!0) (* (- 0.0225283995?) x!5)) 1.0)))           (a!45 (or (not (>= x!4 74.0))                     (<= (+ (* 0.0250315550? x!0) (* (- 0.0250315550?) x!5)) 1.0)))           (a!46 (or (not (>= x!4 75.0))                     (<= (+ (* 0.0278128389? x!0) (* (- 0.0278128389?) x!5)) 1.0)))           (a!47 (or (not (>= x!4 76.0))                     (<= (+ (* 0.0309031543? x!0) (* (- 0.0309031543?) x!5)) 1.0)))           (a!48 (or (not (>= x!4 77.0))                     (<= (+ (* 0.0343368382? x!0) (* (- 0.0343368382?) x!5)) 1.0)))           (a!49 (or (not (>= x!4 78.0))                     (<= (+ (* 0.0381520424? x!0) (* (- 0.0381520424?) x!5)) 1.0)))           (a!50 (or (not (>= x!4 79.0))                     (<= (+ (* 0.0423911582? x!0) (* (- 0.0423911582?) x!5)) 1.0)))           (a!51 (or (not (>= x!4 80.0))                     (<= (+ (* 0.0471012869? x!0) (* (- 0.0471012869?) x!5)) 1.0)))           (a!52 (or (not (>= x!4 81.0))                     (<= (+ (* 0.0523347633? x!0) (* (- 0.0523347633?) x!5)) 1.0)))           (a!53 (or (not (>= x!4 82.0))                     (<= (+ (* 0.0581497370? x!0) (* (- 0.0581497370?) x!5)) 1.0)))           (a!54 (or (not (>= x!4 83.0))                     (<= (+ (* 0.0646108188? x!0) (* (- 0.0646108188?) x!5)) 1.0)))           (a!55 (or (not (>= x!4 84.0))                     (<= (+ (* 0.0717897987? x!0) (* (- 0.0717897987?) x!5)) 1.0)))           (a!56 (or (not (>= x!4 85.0))                     (<= (+ (* 0.0797664430? x!0) (* (- 0.0797664430?) x!5)) 1.0)))           (a!57 (or (not (>= x!4 86.0))                     (<= (+ (* 0.0886293811? x!0) (* (- 0.0886293811?) x!5)) 1.0)))           (a!58 (or (not (>= x!4 87.0))                     (<= (+ (* 0.0984770902? x!0) (* (- 0.0984770902?) x!5)) 1.0)))           (a!59 (or (not (>= x!4 88.0))                     (<= (+ (* 0.1094189891? x!0) (* (- 0.1094189891?) x!5)) 1.0)))           (a!60 (or (not (>= x!4 89.0))                     (<= (+ (* 0.1215766545? x!0) (* (- 0.1215766545?) x!5)) 1.0)))           (a!61 (or (not (>= x!4 90.0))                     (<= (+ (* 0.1350851717? x!0) (* (- 0.1350851717?) x!5)) 1.0)))           (a!62 (or (not (>= x!4 91.0))                     (<= (+ (* 0.1500946352? x!0) (* (- 0.1500946352?) x!5)) 1.0)))           (a!63 (or (not (>= x!4 92.0))                     (<= (+ (* 0.1667718169? x!0) (* (- 0.1667718169?) x!5)) 1.0)))           (a!64 (or (not (>= x!4 93.0))                     (<= (+ (* 0.1853020188? x!0) (* (- 0.1853020188?) x!5)) 1.0)))           (a!65 (or (not (>= x!4 94.0))                     (<= (+ (* 0.2058911320? x!0) (* (- 0.2058911320?) x!5)) 1.0)))           (a!66 (or (not (>= x!4 95.0))                     (<= (+ (* 0.2287679245? x!0) (* (- 0.2287679245?) x!5)) 1.0)))           (a!67 (or (not (>= x!4 96.0))                     (<= (+ (* 0.2541865828? x!0) (* (- 0.2541865828?) x!5)) 1.0)))           (a!68 (or (not (>= x!4 97.0))                     (<= (+ (* 0.2824295364? x!0) (* (- 0.2824295364?) x!5)) 1.0)))           (a!69 (or (not (>= x!4 98.0))                     (<= (+ (* 0.3138105960? x!0) (* (- 0.3138105960?) x!5)) 1.0)))           (a!70 (or (not (>= x!4 99.0))                     (<= (+ (* 0.3486784401 x!0) (* (- 0.3486784401) x!5)) 1.0)))           (a!71 (or (not (>= x!4 100.0))                     (<= (+ (* 0.387420489 x!0) (* (- 0.387420489) x!5)) 1.0)))           (a!72 (or (not (>= x!4 101.0))                     (<= (+ (* 0.43046721 x!0) (* (- 0.43046721) x!5)) 1.0)))           (a!73 (or (not (>= x!4 102.0))                     (<= (+ (* 0.4782969 x!0) (* (- 0.4782969) x!5)) 1.0)))           (a!74 (or (<= (+ (* 1.1111111111? x!0) (* (- 1.1111111111?) x!5))                         2.0907515812?)                     (not (>= x!4 103.0))))           (a!75 (or (not (>= x!4 104.0))                     (<= (+ (* 0.59049 x!0) (* (- 0.59049) x!5)) 1.0)))           (a!76 (or (not (>= x!4 105.0))                     (<= (+ (* 1.1111111111? x!0) (* (- 1.1111111111?) x!5))                         1.6935087808?)))           (a!77 (or (not (>= x!4 106.0))                     (<= (+ (* 0.729 x!0) (* (- 0.729) x!5)) 1.0)))           (a!78 (or (<= (+ (* 1.1111111111? x!0) (* (- 1.1111111111?) x!5))                         1.3717421124?)                     (not (>= x!4 107.0))))           (a!79 (or (not (>= x!4 108.0))                     (<= (+ (* 0.9 x!0) (* (- 0.9) x!5)) 1.0)))           (a!80 (or (<= x!4 0.0)                     (>= (+ (* 0.0002697216? x!0) (* (- 0.0002697216?) x!5))                         (- 0.5))))           (a!81 (or (not (>= x!4 32.0))                     (>= (+ (* 1.1111111111? x!0) (* (- 1.1111111111?) x!5))                         (- 1853.7632493516?))))           (a!82 (or (not (>= x!4 33.0))                     (>= (+ (* 1.1111111111? x!0) (* (- 1.1111111111?) x!5))                         (- 1668.3869244165?))))           (a!83 (or (not (>= x!4 34.0))                     (>= (+ (* 1.1111111111? x!0) (* (- 1.1111111111?) x!5))                         (- 1501.5482319748?))))           (a!84 (or (not (>= x!4 35.0))                     (>= (+ (* 1.1111111111? x!0) (* (- 1.1111111111?) x!5))                         (- 1351.3934087773?))))           (a!85 (or (not (>= x!4 36.0))                     (>= (+ (* 1.1111111111? x!0) (* (- 1.1111111111?) x!5))                         (- 1216.2540678996?))))           (a!86 (or (not (>= x!4 37.0))                     (>= (+ (* 1.1111111111? x!0) (* (- 1.1111111111?) x!5))                         (- 1094.6286611096?))))           (a!87 (or (not (>= x!4 38.0))                     (>= (+ (* 1.1111111111? x!0) (* (- 1.1111111111?) x!5))                         (- 985.1657949987?))))           (a!88 (or (not (>= x!4 39.0))                     (>= (+ (* 1.1111111111? x!0) (* (- 1.1111111111?) x!5))                         (- 886.6492154988?))))           (a!89 (or (not (>= x!4 40.0))                     (>= (+ (* 1.1111111111? x!0) (* (- 1.1111111111?) x!5))                         (- 797.9842939489?))))           (a!90 (or (not (>= x!4 41.0))                     (>= (+ (* 1.1111111111? x!0) (* (- 1.1111111111?) x!5))                         (- 718.1858645540?))))           (a!91 (or (not (>= x!4 42.0))                     (>= (+ (* 0.0008595044? x!0) (* (- 0.0008595044?) x!5))                         (- 0.5))))           (a!92 (or (not (>= x!4 43.0))                     (>= (+ (* 0.0009550049? x!0) (* (- 0.0009550049?) x!5))                         (- 0.5))))           (a!93 (or (not (>= x!4 44.0))                     (>= (+ (* 0.0010611166? x!0) (* (- 0.0010611166?) x!5))                         (- 0.5))))           (a!94 (or (not (>= x!4 45.0))                     (>= (+ (* 0.0011790184? x!0) (* (- 0.0011790184?) x!5))                         (- 0.5))))           (a!95 (or (not (>= x!4 46.0))                     (>= (+ (* 0.0013100205? x!0) (* (- 0.0013100205?) x!5))                         (- 0.5))))           (a!96 (or (not (>= x!4 47.0))                     (>= (+ (* 0.0014555783? x!0) (* (- 0.0014555783?) x!5))                         (- 0.5))))           (a!97 (or (not (>= x!4 48.0))                     (>= (+ (* 0.0016173092? x!0) (* (- 0.0016173092?) x!5))                         (- 0.5))))           (a!98 (or (not (>= x!4 49.0))                     (>= (+ (* 0.0017970102? x!0) (* (- 0.0017970102?) x!5))                         (- 0.5))))           (a!99 (or (not (>= x!4 50.0))                     (>= (+ (* 0.0019966781? x!0) (* (- 0.0019966781?) x!5))                         (- 0.5))))           (a!100 (or (not (>= x!4 51.0))                      (>= (+ (* 0.0022185312? x!0) (* (- 0.0022185312?) x!5))                          (- 0.5))))           (a!101 (or (not (>= x!4 52.0))                      (>= (+ (* 0.0024650347? x!0) (* (- 0.0024650347?) x!5))                          (- 0.5))))           (a!102 (or (not (>= x!4 53.0))                      (>= (+ (* 0.0027389274? x!0) (* (- 0.0027389274?) x!5))                          (- 0.5))))           (a!103 (or (not (>= x!4 54.0))                      (>= (+ (* 0.0030432527? x!0) (* (- 0.0030432527?) x!5))                          (- 0.5))))           (a!104 (or (not (>= x!4 55.0))                      (>= (+ (* 0.0033813919? x!0) (* (- 0.0033813919?) x!5))                          (- 0.5))))           (a!105 (or (not (>= x!4 56.0))                      (>= (+ (* 0.0037571021? x!0) (* (- 0.0037571021?) x!5))                          (- 0.5))))           (a!106 (or (not (>= x!4 57.0))                      (>= (+ (* 0.0041745579? x!0) (* (- 0.0041745579?) x!5))                          (- 0.5))))           (a!107 (or (not (>= x!4 58.0))                      (>= (+ (* 0.0046383976? x!0) (* (- 0.0046383976?) x!5))                          (- 0.5))))           (a!108 (or (not (>= x!4 59.0))                      (>= (+ (* 0.0051537752? x!0) (* (- 0.0051537752?) x!5))                          (- 0.5))))           (a!109 (or (not (>= x!4 60.0))                      (>= (+ (* 0.0057264168? x!0) (* (- 0.0057264168?) x!5))                          (- 0.5))))           (a!110 (or (not (>= x!4 61.0))                      (>= (+ (* 0.0063626854? x!0) (* (- 0.0063626854?) x!5))                          (- 0.5))))           (a!111 (or (not (>= x!4 62.0))                      (>= (+ (* 0.0070696504? x!0) (* (- 0.0070696504?) x!5))                          (- 0.5))))           (a!112 (or (>= (+ (* 0.0078551672? x!0) (* (- 0.0078551672?) x!5))                          (- 0.5))                      (not (>= x!4 63.0))))           (a!113 (or (not (>= x!4 64.0))                      (>= (+ (* 0.0087279635? x!0) (* (- 0.0087279635?) x!5))                          (- 0.5))))           (a!114 (or (not (>= x!4 65.0))                      (>= (+ (* 0.0096977372? x!0) (* (- 0.0096977372?) x!5))                          (- 0.5))))           (a!115 (or (not (>= x!4 66.0))                      (>= (+ (* 0.0107752636? x!0) (* (- 0.0107752636?) x!5))                          (- 0.5))))           (a!116 (or (not (>= x!4 68.0))                      (>= (+ (* 0.0133027946? x!0) (* (- 0.0133027946?) x!5))                          (- 0.5))))           (a!117 (or (not (>= x!4 67.0))                      (>= (+ (* 0.0119725151? x!0) (* (- 0.0119725151?) x!5))                          (- 0.5))))           (a!118 (or (not (>= x!4 69.0))                      (>= (+ (* 1.1111111111? x!0) (* (- 1.1111111111?) x!5))                          (- 37.5860872288?))))           (a!119 (or (not (>= x!4 70.0))                      (>= (+ (* 0.0164232032? x!0) (* (- 0.0164232032?) x!5))                          (- 0.5))))           (a!120 (or (>= (+ (* 0.0182480036? x!0) (* (- 0.0182480036?) x!5))                          (- 0.5))                      (not (>= x!4 71.0))))           (a!121 (or (not (>= x!4 72.0))                      (>= (+ (* 0.0202755595? x!0) (* (- 0.0202755595?) x!5))                          (- 0.5))))           (a!122 (or (not (>= x!4 73.0))                      (>= (+ (* 0.0225283995? x!0) (* (- 0.0225283995?) x!5))                          (- 0.5))))           (a!123 (or (not (>= x!4 74.0))                      (>= (+ (* 0.0250315550? x!0) (* (- 0.0250315550?) x!5))                          (- 0.5))))           (a!124 (or (not (>= x!4 75.0))                      (>= (+ (* 0.0278128389? x!0) (* (- 0.0278128389?) x!5))                          (- 0.5))))           (a!125 (or (not (>= x!4 76.0))                      (>= (+ (* 1.1111111111? x!0) (* (- 1.1111111111?) x!5))                          (- 17.9773090046?))))           (a!126 (or (not (>= x!4 77.0))                      (>= (+ (* 1.1111111111? x!0) (* (- 1.1111111111?) x!5))                          (- 16.1795781042?))))           (a!127 (or (not (>= x!4 78.0))                      (>= (+ (* 1.1111111111? x!0) (* (- 1.1111111111?) x!5))                          (- 14.5616202937?))))           (a!128 (or (not (>= x!4 79.0))                      (>= (+ (* 1.1111111111? x!0) (* (- 1.1111111111?) x!5))                          (- 13.1054582644?))))           (a!129 (or (not (>= x!4 80.0))                      (>= (+ (* 1.1111111111? x!0) (* (- 1.1111111111?) x!5))                          (- 11.7949124379?))))           (a!130 (or (not (>= x!4 82.0))                      (>= (+ (* 1.1111111111? x!0) (* (- 1.1111111111?) x!5))                          (- 9.5538790747?))))           (a!131 (or (not (>= x!4 81.0))                      (>= (+ (* 1.1111111111? x!0) (* (- 1.1111111111?) x!5))                          (- 10.6154211941?))))           (a!132 (or (not (>= x!4 83.0))                      (>= (+ (* 1.2345679012? x!0) (* (- 1.2345679012?) x!5))                          (- 9.5538790747?))))           (a!133 (or (not (>= x!4 84.0))                      (>= (+ (* 1.1111111111? x!0) (* (- 1.1111111111?) x!5))                          (- 7.7386420505?))))           (a!134 (or (not (>= x!4 85.0))                      (>= (+ (* 1.1111111111? x!0) (* (- 1.1111111111?) x!5))                          (- 6.9647778454?))))           (a!135 (or (not (>= x!4 86.0))                      (>= (+ (* 1.1111111111? x!0) (* (- 1.1111111111?) x!5))                          (- 6.2683000609?))))           (a!136 (or (not (>= x!4 87.0))                      (>= (+ (* 1.1111111111? x!0) (* (- 1.1111111111?) x!5))                          (- 5.6414700548?))))           (a!137 (or (not (>= x!4 88.0))                      (>= (+ (* 1.1111111111? x!0) (* (- 1.1111111111?) x!5))                          (- 5.0773230493?))))           (a!138 (or (not (>= x!4 89.0))                      (>= (+ (* 1.1111111111? x!0) (* (- 1.1111111111?) x!5))                          (- 4.5695907444?))))           (a!139 (or (not (>= x!4 90.0))                      (>= (+ (* 1.1111111111? x!0) (* (- 1.1111111111?) x!5))                          (- 4.1126316699?))))           (a!140 (or (not (>= x!4 91.0))                      (>= (+ (* 1.1111111111? x!0) (* (- 1.1111111111?) x!5))                          (- 3.7013685029?))))           (a!141 (or (not (>= x!4 92.0))                      (>= (+ (* 1.1111111111? x!0) (* (- 1.1111111111?) x!5))                          (- 3.3312316526?))))           (a!142 (or (not (>= x!4 93.0))                      (>= (+ (* 1.1111111111? x!0) (* (- 1.1111111111?) x!5))                          (- 2.9981084874?))))           (a!143 (or (not (>= x!4 94.0))                      (>= (+ (* 1.1111111111? x!0) (* (- 1.1111111111?) x!5))                          (- 2.6982976386?))))           (a!144 (or (not (>= x!4 95.0))                      (>= (+ (* 1.1111111111? x!0) (* (- 1.1111111111?) x!5))                          (- 2.4284678748?))))           (a!145 (or (not (>= x!4 96.0))                      (>= (+ (* 1.1111111111? x!0) (* (- 1.1111111111?) x!5))                          (- 2.1856210873?))))           (a!146 (or (not (>= x!4 97.0))                      (>= (+ (* 1.1111111111? x!0) (* (- 1.1111111111?) x!5))                          (- 1.9670589785?))))           (a!147 (or (not (>= x!4 98.0))                      (>= (+ (* 1.1111111111? x!0) (* (- 1.1111111111?) x!5))                          (- 1.7703530807?))))           (a!148 (or (not (>= x!4 99.0))                      (>= (+ (* 1.1111111111? x!0) (* (- 1.1111111111?) x!5))                          (- 1.5933177726?))))           (a!149 (or (not (>= x!4 100.0))                      (>= (+ (* 1.1111111111? x!0) (* (- 1.1111111111?) x!5))                          (- 1.4339859953?))))           (a!150 (or (not (>= x!4 101.0))                      (>= (+ (* 1.1111111111? x!0) (* (- 1.1111111111?) x!5))                          (- 1.2905873958?))))           (a!151 (or (not (>= x!4 103.0))                      (>= (+ (* 1.1111111111? x!0) (* (- 1.1111111111?) x!5))                          (- 1.0453757906?))))           (a!152 (or (not (>= x!4 102.0))                      (>= (+ (* 1.1111111111? x!0) (* (- 1.1111111111?) x!5))                          (- 1.1615286562?))))           (a!153 (or (not (>= x!4 104.0))                      (>= (+ (* 1.1111111111? x!0) (* (- 1.1111111111?) x!5))                          (- 0.9408382115?))))           (a!154 (or (not (>= x!4 105.0))                      (>= (+ (* 1.2345679012? x!0) (* (- 1.2345679012?) x!5))                          (- 0.9408382115?))))           (a!155 (or (not (>= x!4 107.0))                      (>= (+ (* 1.1111111111? x!0) (* (- 1.1111111111?) x!5))                          (- 0.6858710562?))))           (a!156 (or (not (>= x!4 106.0))                      (>= (+ (* 1.3717421124? x!0) (* (- 1.3717421124?) x!5))                          (- 0.9408382115?)))))       (and a!1            (<= (+ x!0 (* (- 1.0) x!5)) 4000.0)            a!2            a!3            a!4            a!5            a!6            a!7            a!8            a!9            a!10            a!11            a!12            a!13            a!14            a!15            a!16            a!17            a!18            a!19            a!20            a!21            a!22            a!23            a!24            a!25            a!26            a!27            a!28            a!29            a!30            a!31            a!32            a!33            a!34            a!35            a!36            a!37            a!38            a!39            a!40            a!41            a!42            a!43            a!44            a!45            a!46            a!47            a!48            a!49            a!50            a!51            a!52            a!53            a!54            a!55            a!56            a!57            a!58            a!59            a!60            a!61            a!62            a!63            a!64            a!65            a!66            a!67            a!68            a!69            a!70            a!71            a!72            a!73            a!74            a!75            a!76            a!77            a!78            a!79            (>= (+ (* 0.0002427494? x!0) (* (- 0.0002427494?) x!5)) (- 0.5))            a!80            a!81            a!82            a!83            a!84            a!85            a!86            a!87            a!88            a!89            a!90            a!91            a!92            a!93            a!94            a!95            a!96            a!97            a!98            a!99            a!100            a!101            a!102            a!103            a!104            a!105            a!106            a!107            a!108            a!109            a!110            a!111            a!112            a!113            a!114            a!115            a!116            a!117            a!118            a!119            a!120            a!121            a!122            a!123            a!124            a!125            a!126            a!127            a!128            a!129            a!130            a!131            a!132            a!133            a!134            a!135            a!136            a!137            a!138            a!139            a!140            a!141            a!142            a!143            a!144            a!145            a!146            a!147            a!148            a!149            a!150            a!151            a!152            a!153            a!154            a!155            a!156))) ),69.0443
p_0.00_4000.00_0.00_2000.00_0.1000_110.00_1.00_0.50.smt2,0.00,4000.00,0.00,2000.00,0.1000,110.00,1.00,0.50,Golem,sat,3.0439
p_0.00_4000.00_0.00_2000.00_0.1000_110.00_1.00_1.00.smt2,0.00,4000.00,0.00,2000.00,0.1000,110.00,1.00,1.00,Spacer,sat (   (define-fun Inv ((x!0 Real)    (x!1 Real)    (x!2 Real)    (x!3 Real)    (x!4 Real)    (x!5 Real)) Bool     (let ((a!1 (or (not (>= x!4 108.0))                    (>= (+ (* 0.9 x!0) (* (- 0.9) x!5)) (- 1.0))))           (a!2 (or (<= x!4 0.0)                    (<= (+ (* 0.0002697216? x!0) (* (- 0.0002697216?) x!5))                        0.9709977801?)))           (a!3 (or (<= x!4 1.0)                    (<= (+ (* 1.1111111111? x!0) (* (- 1.1111111111?) x!5))                        3707.5264987033?)))           (a!4 (or (not (>= x!4 33.0))                    (<= (+ (* 1.1111111111? x!0) (* (- 1.1111111111?) x!5))                        3336.7738488330?)))           (a!5 (or (not (>= x!4 34.0))                    (<= (+ (* 0.0003699884? x!0) (* (- 0.0003699884?) x!5)) 1.0)))           (a!6 (or (not (>= x!4 35.0))                    (<= (+ (* 0.0004110983? x!0) (* (- 0.0004110983?) x!5)) 1.0)))           (a!7 (or (not (>= x!4 36.0))                    (<= (+ (* 0.0004567759? x!0) (* (- 0.0004567759?) x!5)) 1.0)))           (a!8 (or (not (>= x!4 37.0))                    (<= (+ (* 0.0005075287? x!0) (* (- 0.0005075287?) x!5)) 1.0)))           (a!9 (or (not (>= x!4 38.0))                    (<= (+ (* 0.0005639208? x!0) (* (- 0.0005639208?) x!5)) 1.0)))           (a!10 (or (not (>= x!4 39.0))                     (<= (+ (* 0.0006265787? x!0) (* (- 0.0006265787?) x!5)) 1.0)))           (a!11 (or (not (>= x!4 40.0))                     (<= (+ (* 0.0006961986? x!0) (* (- 0.0006961986?) x!5)) 1.0)))           (a!12 (or (not (>= x!4 41.0))                     (<= (+ (* 0.0007735540? x!0) (* (- 0.0007735540?) x!5)) 1.0)))           (a!13 (or (not (>= x!4 42.0))                     (<= (+ (* 0.0008595044? x!0) (* (- 0.0008595044?) x!5)) 1.0)))           (a!14 (or (not (>= x!4 43.0))                     (<= (+ (* 0.0009550049? x!0) (* (- 0.0009550049?) x!5)) 1.0)))           (a!15 (or (not (>= x!4 44.0))                     (<= (+ (* 0.0010611166? x!0) (* (- 0.0010611166?) x!5)) 1.0)))           (a!16 (or (not (>= x!4 45.0))                     (<= (+ (* 0.0011790184? x!0) (* (- 0.0011790184?) x!5)) 1.0)))           (a!17 (or (not (>= x!4 46.0))                     (<= (+ (* 0.0013100205? x!0) (* (- 0.0013100205?) x!5)) 1.0)))           (a!18 (or (not (>= x!4 47.0))                     (<= (+ (* 0.0014555783? x!0) (* (- 0.0014555783?) x!5)) 1.0)))           (a!19 (or (not (>= x!4 48.0))                     (<= (+ (* 0.0016173092? x!0) (* (- 0.0016173092?) x!5)) 1.0)))           (a!20 (or (not (>= x!4 49.0))                     (<= (+ (* 0.0017970102? x!0) (* (- 0.0017970102?) x!5)) 1.0)))           (a!21 (or (not (>= x!4 50.0))                     (<= (+ (* 0.0019966781? x!0) (* (- 0.0019966781?) x!5)) 1.0)))           (a!22 (or (not (>= x!4 51.0))                     (<= (+ (* 0.0022185312? x!0) (* (- 0.0022185312?) x!5)) 1.0)))           (a!23 (or (not (>= x!4 52.0))                     (<= (+ (* 0.0024650347? x!0) (* (- 0.0024650347?) x!5)) 1.0)))           (a!24 (or (not (>= x!4 53.0))                     (<= (+ (* 0.0027389274? x!0) (* (- 0.0027389274?) x!5)) 1.0)))           (a!25 (or (not (>= x!4 54.0))                     (<= (+ (* 0.0030432527? x!0) (* (- 0.0030432527?) x!5)) 1.0)))           (a!26 (or (not (>= x!4 55.0))                     (<= (+ (* 0.0033813919? x!0) (* (- 0.0033813919?) x!5)) 1.0)))           (a!27 (or (not (>= x!4 56.0))                     (<= (+ (* 0.0037571021? x!0) (* (- 0.0037571021?) x!5)) 1.0)))           (a!28 (or (not (>= x!4 57.0))                     (<= (+ (* 0.0041745579? x!0) (* (- 0.0041745579?) x!5)) 1.0)))           (a!29 (or (not (>= x!4 58.0))                     (<= (+ (* 0.0046383976? x!0) (* (- 0.0046383976?) x!5)) 1.0)))           (a!30 (or (not (>= x!4 59.0))                     (<= (+ (* 0.0051537752? x!0) (* (- 0.0051537752?) x!5)) 1.0)))           (a!31 (or (not (>= x!4 60.0))                     (<= (+ (* 0.0057264168? x!0) (* (- 0.0057264168?) x!5)) 1.0)))           (a!32 (or (not (>= x!4 61.0))                     (<= (+ (* 0.0063626854? x!0) (* (- 0.0063626854?) x!5)) 1.0)))           (a!33 (or (not (>= x!4 62.0))                     (<= (+ (* 0.0070696504? x!0) (* (- 0.0070696504?) x!5)) 1.0)))           (a!34 (or (not (>= x!4 63.0))                     (<= (+ (* 0.0078551672? x!0) (* (- 0.0078551672?) x!5)) 1.0)))           (a!35 (or (not (>= x!4 64.0))                     (<= (+ (* 0.0087279635? x!0) (* (- 0.0087279635?) x!5)) 1.0)))           (a!36 (or (not (>= x!4 65.0))                     (<= (+ (* 0.0096977372? x!0) (* (- 0.0096977372?) x!5)) 1.0)))           (a!37 (or (not (>= x!4 66.0))                     (<= (+ (* 0.0107752636? x!0) (* (- 0.0107752636?) x!5)) 1.0)))           (a!38 (or (not (>= x!4 67.0))                     (<= (+ (* 0.0119725151? x!0) (* (- 0.0119725151?) x!5)) 1.0)))           (a!39 (or (not (>= x!4 68.0))                     (<= (+ (* 0.0133027946? x!0) (* (- 0.0133027946?) x!5)) 1.0)))           (a!40 (or (not (>= x!4 69.0))                     (<= (+ (* 0.0147808829? x!0) (* (- 0.0147808829?) x!5)) 1.0)))           (a!41 (or (not (>= x!4 70.0))                     (<= (+ (* 0.0164232032? x!0) (* (- 0.0164232032?) x!5)) 1.0)))           (a!42 (or (not (>= x!4 71.0))                     (<= (+ (* 0.0182480036? x!0) (* (- 0.0182480036?) x!5)) 1.0)))           (a!43 (or (not (>= x!4 72.0))                     (<= (+ (* 0.0202755595? x!0) (* (- 0.0202755595?) x!5)) 1.0)))           (a!44 (or (not (>= x!4 73.0))                     (<= (+ (* 0.0225283995? x!0) (* (- 0.0225283995?) x!5)) 1.0)))           (a!45 (or (not (>= x!4 74.0))                     (<= (+ (* 0.0250315550? x!0) (* (- 0.0250315550?) x!5)) 1.0)))           (a!46 (or (not (>= x!4 75.0))                     (<= (+ (* 0.0278128389? x!0) (* (- 0.0278128389?) x!5)) 1.0)))           (a!47 (or (not (>= x!4 76.0))                     (<= (+ (* 0.0309031543? x!0) (* (- 0.0309031543?) x!5)) 1.0)))           (a!48 (or (not (>= x!4 77.0))                     (<= (+ (* 0.0343368382? x!0) (* (- 0.0343368382?) x!5)) 1.0)))           (a!49 (or (not (>= x!4 78.0))                     (<= (+ (* 0.0381520424? x!0) (* (- 0.0381520424?) x!5)) 1.0)))           (a!50 (or (not (>= x!4 79.0))                     (<= (+ (* 0.0423911582? x!0) (* (- 0.0423911582?) x!5)) 1.0)))           (a!51 (or (not (>= x!4 80.0))                     (<= (+ (* 0.0471012869? x!0) (* (- 0.0471012869?) x!5)) 1.0)))           (a!52 (or (not (>= x!4 81.0))                     (<= (+ (* 0.0523347633? x!0) (* (- 0.0523347633?) x!5)) 1.0)))           (a!53 (or (not (>= x!4 82.0))                     (<= (+ (* 0.0581497370? x!0) (* (- 0.0581497370?) x!5)) 1.0)))           (a!54 (or (not (>= x!4 83.0))                     (<= (+ (* 0.0646108188? x!0) (* (- 0.0646108188?) x!5)) 1.0)))           (a!55 (or (not (>= x!4 84.0))                     (<= (+ (* 0.0717897987? x!0) (* (- 0.0717897987?) x!5)) 1.0)))           (a!56 (or (not (>= x!4 85.0))                     (<= (+ (* 0.0797664430? x!0) (* (- 0.0797664430?) x!5)) 1.0)))           (a!57 (or (not (>= x!4 86.0))                     (<= (+ (* 0.0886293811? x!0) (* (- 0.0886293811?) x!5)) 1.0)))           (a!58 (or (not (>= x!4 87.0))                     (<= (+ (* 0.0984770902? x!0) (* (- 0.0984770902?) x!5)) 1.0)))           (a!59 (or (not (>= x!4 88.0))                     (<= (+ (* 0.1094189891? x!0) (* (- 0.1094189891?) x!5)) 1.0)))           (a!60 (or (not (>= x!4 89.0))                     (<= (+ (* 0.1215766545? x!0) (* (- 0.1215766545?) x!5)) 1.0)))           (a!61 (or (not (>= x!4 90.0))                     (<= (+ (* 0.1350851717? x!0) (* (- 0.1350851717?) x!5)) 1.0)))           (a!62 (or (not (>= x!4 91.0))                     (<= (+ (* 0.1500946352? x!0) (* (- 0.1500946352?) x!5)) 1.0)))           (a!63 (or (not (>= x!4 92.0))                     (<= (+ (* 0.1667718169? x!0) (* (- 0.1667718169?) x!5)) 1.0)))           (a!64 (or (not (>= x!4 93.0))                     (<= (+ (* 0.1853020188? x!0) (* (- 0.1853020188?) x!5)) 1.0)))           (a!65 (or (not (>= x!4 94.0))                     (<= (+ (* 0.2058911320? x!0) (* (- 0.2058911320?) x!5)) 1.0)))           (a!66 (or (not (>= x!4 95.0))                     (<= (+ (* 0.2287679245? x!0) (* (- 0.2287679245?) x!5)) 1.0)))           (a!67 (or (not (>= x!4 96.0))                     (<= (+ (* 0.2541865828? x!0) (* (- 0.2541865828?) x!5)) 1.0)))           (a!68 (or (not (>= x!4 97.0))                     (<= (+ (* 0.2824295364? x!0) (* (- 0.2824295364?) x!5)) 1.0)))           (a!69 (or (not (>= x!4 98.0))                     (<= (+ (* 0.3138105960? x!0) (* (- 0.3138105960?) x!5)) 1.0)))           (a!70 (or (not (>= x!4 99.0))                     (<= (+ (* 0.3486784401 x!0) (* (- 0.3486784401) x!5)) 1.0)))           (a!71 (or (not (>= x!4 100.0))                     (<= (+ (* 0.387420489 x!0) (* (- 0.387420489) x!5)) 1.0)))           (a!72 (or (not (>= x!4 101.0))                     (<= (+ (* 0.43046721 x!0) (* (- 0.43046721) x!5)) 1.0)))           (a!73 (or (not (>= x!4 102.0))                     (<= (+ (* 0.4782969 x!0) (* (- 0.4782969) x!5)) 1.0)))           (a!74 (or (not (>= x!4 103.0))                     (<= (+ (* 1.1111111111? x!0) (* (- 1.1111111111?) x!5))                         2.0907515812?)))           (a!75 (or (not (>= x!4 104.0))                     (<= (+ (* 0.59049 x!0) (* (- 0.59049) x!5)) 1.0)))           (a!76 (or (not (>= x!4 105.0))                     (<= (+ (* 1.1111111111? x!0) (* (- 1.1111111111?) x!5))                         1.6935087808?)))           (a!77 (or (not (>= x!4 106.0))                     (<= (+ (* 0.729 x!0) (* (- 0.729) x!5)) 1.0)))           (a!78 (or (<= (+ (* 1.1111111111? x!0) (* (- 1.1111111111?) x!5))                         1.3717421124?)                     (not (>= x!4 107.0))))           (a!79 (or (not (>= x!4 108.0))                     (<= (+ (* 0.9 x!0) (* (- 0.9) x!5)) 1.0)))           (a!80 (or (<= x!4 0.0)                     (>= (+ (* 0.0005075287? x!0) (* (- 0.0005075287?) x!5))                         (- 1.0))))           (a!81 (or (not (>= x!4 38.0))                     (>= (+ (* 1.1111111111? x!0) (* (- 1.1111111111?) x!5))                         (- 1970.3315899974?))))           (a!82 (or (not (>= x!4 39.0))                     (>= (+ (* 1.1111111111? x!0) (* (- 1.1111111111?) x!5))                         (- 1773.2984309976?))))           (a!83 (or (not (>= x!4 40.0))                     (>= (+ (* 1.1111111111? x!0) (* (- 1.1111111111?) x!5))                         (- 1595.9685878979?))))           (a!84 (or (not (>= x!4 41.0))                     (>= (+ (* 1.1111111111? x!0) (* (- 1.1111111111?) x!5))                         (- 1436.3717291081?))))           (a!85 (or (not (>= x!4 42.0))                     (>= (+ (* 1.1111111111? x!0) (* (- 1.1111111111?) x!5))                         (- 1292.7345561973?))))           (a!86 (or (not (>= x!4 43.0))                     (>= (+ (* 1.1111111111? x!0) (* (- 1.1111111111?) x!5))                         (- 1163.4611005775?))))           (a!87 (or (not (>= x!4 44.0))                     (>= (+ (* 1.1111111111? x!0) (* (- 1.1111111111?) x!5))                         (- 1047.1149905198?))))           (a!88 (or (not (>= x!4 45.0))                     (>= (+ (* 1.2345679012? x!0) (* (- 1.2345679012?) x!5))                         (- 1047.1149905198?))))           (a!89 (or (not (>= x!4 46.0))                     (>= (+ (* 0.0013100205? x!0) (* (- 0.0013100205?) x!5))                         (- 1.0))))           (a!90 (or (not (>= x!4 47.0))                     (>= (+ (* 0.0014555783? x!0) (* (- 0.0014555783?) x!5))                         (- 1.0))))           (a!91 (or (not (>= x!4 48.0))                     (>= (+ (* 0.0016173092? x!0) (* (- 0.0016173092?) x!5))                         (- 1.0))))           (a!92 (or (not (>= x!4 49.0))                     (>= (+ (* 0.0017970102? x!0) (* (- 0.0017970102?) x!5))                         (- 1.0))))           (a!93 (or (not (>= x!4 50.0))                     (>= (+ (* 0.0019966781? x!0) (* (- 0.0019966781?) x!5))                         (- 1.0))))           (a!94 (or (not (>= x!4 51.0))                     (>= (+ (* 0.0022185312? x!0) (* (- 0.0022185312?) x!5))                         (- 1.0))))           (a!95 (or (not (>= x!4 52.0))                     (>= (+ (* 0.0024650347? x!0) (* (- 0.0024650347?) x!5))                         (- 1.0))))           (a!96 (or (not (>= x!4 53.0))                     (>= (+ (* 0.0027389274? x!0) (* (- 0.0027389274?) x!5))                         (- 1.0))))           (a!97 (or (not (>= x!4 54.0))                     (>= (+ (* 0.0030432527? x!0) (* (- 0.0030432527?) x!5))                         (- 1.0))))           (a!98 (or (not (>= x!4 55.0))                     (>= (+ (* 0.0033813919? x!0) (* (- 0.0033813919?) x!5))                         (- 1.0))))           (a!99 (or (not (>= x!4 56.0))                     (>= (+ (* 0.0037571021? x!0) (* (- 0.0037571021?) x!5))                         (- 1.0))))           (a!100 (or (not (>= x!4 57.0))                      (>= (+ (* 0.0041745579? x!0) (* (- 0.0041745579?) x!5))                          (- 1.0))))           (a!101 (or (not (>= x!4 58.0))                      (>= (+ (* 0.0046383976? x!0) (* (- 0.0046383976?) x!5))                          (- 1.0))))           (a!102 (or (not (>= x!4 59.0))                      (>= (+ (* 0.0051537752? x!0) (* (- 0.0051537752?) x!5))                          (- 1.0))))           (a!103 (or (not (>= x!4 60.0))                      (>= (+ (* 0.0057264168? x!0) (* (- 0.0057264168?) x!5))                          (- 1.0))))           (a!104 (or (not (>= x!4 61.0))                      (>= (+ (* 0.0063626854? x!0) (* (- 0.0063626854?) x!5))                          (- 1.0))))           (a!105 (or (not (>= x!4 62.0))                      (>= (+ (* 0.0070696504? x!0) (* (- 0.0070696504?) x!5))                          (- 1.0))))           (a!106 (or (>= (+ (* 0.0078551672? x!0) (* (- 0.0078551672?) x!5))                          (- 1.0))                      (not (>= x!4 63.0))))           (a!107 (or (not (>= x!4 64.0))                      (>= (+ (* 0.0087279635? x!0) (* (- 0.0087279635?) x!5))                          (- 1.0))))           (a!108 (or (not (>= x!4 65.0))                      (>= (+ (* 0.0096977372? x!0) (* (- 0.0096977372?) x!5))                          (- 1.0))))           (a!109 (or (not (>= x!4 66.0))                      (>= (+ (* 0.0107752636? x!0) (* (- 0.0107752636?) x!5))                          (- 1.0))))           (a!110 (or (not (>= x!4 67.0))                      (>= (+ (* 0.0119725151? x!0) (* (- 0.0119725151?) x!5))                          (- 1.0))))           (a!111 (or (not (>= x!4 68.0))                      (>= (+ (* 0.0133027946? x!0) (* (- 0.0133027946?) x!5))                          (- 1.0))))           (a!112 (or (not (>= x!4 69.0))                      (>= (+ (* 0.0147808829? x!0) (* (- 0.0147808829?) x!5))                          (- 1.0))))           (a!113 (or (not (>= x!4 70.0))                      (>= (+ (* 0.0164232032? x!0) (* (- 0.0164232032?) x!5))                          (- 1.0))))           (a!114 (or (not (>= x!4 71.0))                      (>= (+ (* 1.1111111111? x!0) (* (- 1.1111111111?) x!5))                          (- 60.8894613106?))))           (a!115 (or (not (>= x!4 72.0))                      (>= (+ (* 1.2345679012? x!0) (* (- 1.2345679012?) x!5))                          (- 60.8894613106?))))           (a!116 (or (not (>= x!4 73.0))                      (>= (+ (* 1.1111111111? x!0) (* (- 1.1111111111?) x!5))                          (- 49.3204636616?))))           (a!117 (or (not (>= x!4 74.0))                      (>= (+ (* 0.0250315550? x!0) (* (- 0.0250315550?) x!5))                          (- 1.0))))           (a!118 (or (not (>= x!4 75.0))                      (>= (+ (* 1.1111111111? x!0) (* (- 1.1111111111?) x!5))                          (- 39.9495755659?))))           (a!119 (or (not (>= x!4 76.0))                      (>= (+ (* 1.1111111111? x!0) (* (- 1.1111111111?) x!5))                          (- 35.9546180093?))))           (a!120 (or (not (>= x!4 77.0))                      (>= (+ (* 1.1111111111? x!0) (* (- 1.1111111111?) x!5))                          (- 32.3591562084?))))           (a!121 (or (not (>= x!4 78.0))                      (>= (+ (* 1.1111111111? x!0) (* (- 1.1111111111?) x!5))                          (- 29.1232405875?))))           (a!122 (or (not (>= x!4 79.0))                      (>= (+ (* 0.0423911582? x!0) (* (- 0.0423911582?) x!5))                          (- 1.0))))           (a!123 (or (not (>= x!4 80.0))                      (>= (+ (* 0.0471012869? x!0) (* (- 0.0471012869?) x!5))                          (- 1.0))))           (a!124 (or (not (>= x!4 81.0))                      (>= (+ (* 0.0523347633? x!0) (* (- 0.0523347633?) x!5))                          (- 1.0))))           (a!125 (or (not (>= x!4 82.0))                      (>= (+ (* 0.0581497370? x!0) (* (- 0.0581497370?) x!5))                          (- 1.0))))           (a!126 (or (not (>= x!4 83.0))                      (>= (+ (* 0.0646108188? x!0) (* (- 0.0646108188?) x!5))                          (- 1.0))))           (a!127 (or (not (>= x!4 84.0))                      (>= (+ (* 0.0717897987? x!0) (* (- 0.0717897987?) x!5))                          (- 1.0))))           (a!128 (or (not (>= x!4 85.0))                      (>= (+ (* 0.0797664430? x!0) (* (- 0.0797664430?) x!5))                          (- 1.0))))           (a!129 (or (not (>= x!4 86.0))                      (>= (+ (* 0.0886293811? x!0) (* (- 0.0886293811?) x!5))                          (- 1.0))))           (a!130 (or (not (>= x!4 87.0))                      (>= (+ (* 0.0984770902? x!0) (* (- 0.0984770902?) x!5))                          (- 1.0))))           (a!131 (or (not (>= x!4 88.0))                      (>= (+ (* 0.1094189891? x!0) (* (- 0.1094189891?) x!5))                          (- 1.0))))           (a!132 (or (not (>= x!4 89.0))                      (>= (+ (* 0.1215766545? x!0) (* (- 0.1215766545?) x!5))                          (- 1.0))))           (a!133 (or (not (>= x!4 90.0))                      (>= (+ (* 0.1350851717? x!0) (* (- 0.1350851717?) x!5))                          (- 1.0))))           (a!134 (or (not (>= x!4 91.0))                      (>= (+ (* 0.1500946352? x!0) (* (- 0.1500946352?) x!5))                          (- 1.0))))           (a!135 (or (not (>= x!4 92.0))                      (>= (+ (* 0.1667718169? x!0) (* (- 0.1667718169?) x!5))                          (- 1.0))))           (a!136 (or (not (>= x!4 93.0))                      (>= (+ (* 0.1853020188? x!0) (* (- 0.1853020188?) x!5))                          (- 1.0))))           (a!137 (or (not (>= x!4 94.0))                      (>= (+ (* 0.2058911320? x!0) (* (- 0.2058911320?) x!5))                          (- 1.0))))           (a!138 (or (not (>= x!4 95.0))                      (>= (+ (* 0.2287679245? x!0) (* (- 0.2287679245?) x!5))                          (- 1.0))))           (a!139 (or (not (>= x!4 96.0))                      (>= (+ (* 0.2541865828? x!0) (* (- 0.2541865828?) x!5))                          (- 1.0))))           (a!140 (or (not (>= x!4 97.0))                      (>= (+ (* 0.2824295364? x!0) (* (- 0.2824295364?) x!5))                          (- 1.0))))           (a!141 (or (not (>= x!4 98.0))                      (>= (+ (* 0.3138105960? x!0) (* (- 0.3138105960?) x!5))                          (- 1.0))))           (a!142 (or (not (>= x!4 99.0))                      (>= (+ (* 0.3486784401 x!0) (* (- 0.3486784401) x!5))                          (- 1.0))))           (a!143 (or (not (>= x!4 100.0))                      (>= (+ (* 0.387420489 x!0) (* (- 0.387420489) x!5))                          (- 1.0))))           (a!144 (or (not (>= x!4 101.0))                      (>= (+ (* 0.43046721 x!0) (* (- 0.43046721) x!5)) (- 1.0))))           (a!145 (or (not (>= x!4 102.0))                      (>= (+ (* 1.1111111111? x!0) (* (- 1.1111111111?) x!5))                          (- 2.3230573125?))))           (a!146 (or (not (>= x!4 103.0))                      (>= (+ (* 0.531441 x!0) (* (- 0.531441) x!5)) (- 1.0))))           (a!147 (or (not (>= x!4 104.0))                      (>= (+ (* 0.59049 x!0) (* (- 0.59049) x!5)) (- 1.0))))           (a!148 (or (not (>= x!4 105.0))                      (>= (+ (* 0.6561 x!0) (* (- 0.6561) x!5)) (- 1.0))))           (a!149 (or (not (>= x!4 106.0))                      (>= (+ (* 0.729 x!0) (* (- 0.729) x!5)) (- 1.0))))           (a!150 (or (not (>= x!4 107.0))                      (>= (+ (* 0.81 x!0) (* (- 0.81) x!5)) (- 1.0)))))       (and a!1            (<= (+ x!0 (* (- 1.0) x!5)) 4000.0)            a!2            a!3            a!4            a!5            a!6            a!7            a!8            a!9            a!10            a!11            a!12            a!13            a!14            a!15            a!16            a!17            a!18            a!19            a!20            a!21            a!22            a!23            a!24            a!25            a!26            a!27            a!28            a!29            a!30            a!31            a!32            a!33            a!34            a!35            a!36            a!37            a!38            a!39            a!40            a!41            a!42            a!43            a!44            a!45            a!46            a!47            a!48            a!49            a!50            a!51            a!52            a!53            a!54            a!55            a!56            a!57            a!58            a!59            a!60            a!61            a!62            a!63            a!64            a!65            a!66            a!67            a!68            a!69            a!70            a!71            a!72            a!73            a!74            a!75            a!76            a!77            a!78            a!79            (>= (+ (* 0.0004567759? x!0) (* (- 0.0004567759?) x!5)) (- 1.0))            a!80            a!81            a!82            a!83            a!84            a!85            a!86            a!87            a!88            a!89            a!90            a!91            a!92            a!93            a!94            a!95            a!96            a!97            a!98            a!99            a!100            a!101            a!102            a!103            a!104            a!105            a!106            a!107            a!108            a!109            a!110            a!111            a!112            a!113            a!114            a!115            a!116            a!117            a!118            a!119            a!120            a!121            a!122            a!123            a!124            a!125            a!126            a!127            a!128            a!129            a!130            a!131            a!132            a!133            a!134            a!135            a!136            a!137            a!138            a!139            a!140            a!141            a!142            a!143            a!144            a!145            a!146            a!147            a!148            a!149            a!150))) ),56.3375
p_0.00_4000.00_0.00_2000.00_0.1000_110.00_1.00_1.00.smt2,0.00,4000.00,0.00,2000.00,0.1000,110.00,1.00,1.00,Golem,sat,2.9868
p_0.00_4000.00_0.00_2000.00_0.1000_2582.50_0.50_0.50.smt2,0.00,4000.00,0.00,2000.00,0.1000,2582.50,0.50,0.50,Spacer,TIMEOUT,314.8998
p_0.00_4000.00_0.00_2000.00_0.1000_2582.50_0.50_0.50.smt2,0.00,4000.00,0.00,2000.00,0.1000,2582.50,0.50,0.50,Golem,TIMEOUT,315.0944
p_0.00_4000.00_0.00_2000.00_0.1000_2582.50_0.50_1.00.smt2,0.00,4000.00,0.00,2000.00,0.1000,2582.50,0.50,1.00,Spacer,TIMEOUT,316.9545
p_0.00_4000.00_0.00_2000.00_0.1000_2582.50_0.50_1.00.smt2,0.00,4000.00,0.00,2000.00,0.1000,2582.50,0.50,1.00,Golem,TIMEOUT,315.6436
p_0.00_4000.00_0.00_2000.00_0.1000_2582.50_1.00_0.50.smt2,0.00,4000.00,0.00,2000.00,0.1000,2582.50,1.00,0.50,Spacer,TIMEOUT,315.3807
p_0.00_4000.00_0.00_2000.00_0.1000_2582.50_1.00_0.50.smt2,0.00,4000.00,0.00,2000.00,0.1000,2582.50,1.00,0.50,Golem,TIMEOUT,316.8155
p_0.00_4000.00_0.00_2000.00_0.1000_2582.50_1.00_1.00.smt2,0.00,4000.00,0.00,2000.00,0.1000,2582.50,1.00,1.00,Spacer,TIMEOUT,315.8175
p_0.00_4000.00_0.00_2000.00_0.1000_2582.50_1.00_1.00.smt2,0.00,4000.00,0.00,2000.00,0.1000,2582.50,1.00,1.00,Golem,TIMEOUT,316.3852
p_0.00_4000.00_0.00_2000.00_0.1000_5055.00_0.50_0.50.smt2,0.00,4000.00,0.00,2000.00,0.1000,5055.00,0.50,0.50,Spacer,TIMEOUT,318.3817
p_0.00_4000.00_0.00_2000.00_0.1000_5055.00_0.50_0.50.smt2,0.00,4000.00,0.00,2000.00,0.1000,5055.00,0.50,0.50,Golem,TIMEOUT,316.1771
p_0.00_4000.00_0.00_2000.00_0.1000_5055.00_0.50_1.00.smt2,0.00,4000.00,0.00,2000.00,0.1000,5055.00,0.50,1.00,Spacer,TIMEOUT,316.4741
p_0.00_4000.00_0.00_2000.00_0.1000_5055.00_0.50_1.00.smt2,0.00,4000.00,0.00,2000.00,0.1000,5055.00,0.50,1.00,Golem,TIMEOUT,318.5121
p_0.00_4000.00_0.00_2000.00_0.1000_5055.00_1.00_0.50.smt2,0.00,4000.00,0.00,2000.00,0.1000,5055.00,1.00,0.50,Spacer,TIMEOUT,317.3632
p_0.00_4000.00_0.00_2000.00_0.1000_5055.00_1.00_0.50.smt2,0.00,4000.00,0.00,2000.00,0.1000,5055.00,1.00,0.50,Golem,TIMEOUT,317.0248
p_0.00_4000.00_0.00_2000.00_0.1000_5055.00_1.00_1.00.smt2,0.00,4000.00,0.00,2000.00,0.1000,5055.00,1.00,1.00,Spacer,TIMEOUT,317.3136
p_0.00_4000.00_0.00_2000.00_0.1000_5055.00_1.00_1.00.smt2,0.00,4000.00,0.00,2000.00,0.1000,5055.00,1.00,1.00,Golem,TIMEOUT,319.2203
p_0.00_4000.00_0.00_2000.00_0.1000_7527.50_0.50_0.50.smt2,0.00,4000.00,0.00,2000.00,0.1000,7527.50,0.50,0.50,Spacer,TIMEOUT,317.0529
p_0.00_4000.00_0.00_2000.00_0.1000_7527.50_0.50_0.50.smt2,0.00,4000.00,0.00,2000.00,0.1000,7527.50,0.50,0.50,Golem,TIMEOUT,316.5707
p_0.00_4000.00_0.00_2000.00_0.1000_7527.50_0.50_1.00.smt2,0.00,4000.00,0.00,2000.00,0.1000,7527.50,0.50,1.00,Spacer,TIMEOUT,318.9821
p_0.00_4000.00_0.00_2000.00_0.1000_7527.50_0.50_1.00.smt2,0.00,4000.00,0.00,2000.00,0.1000,7527.50,0.50,1.00,Golem,TIMEOUT,317.3142
p_0.00_4000.00_0.00_2000.00_0.1000_7527.50_1.00_0.50.smt2,0.00,4000.00,0.00,2000.00,0.1000,7527.50,1.00,0.50,Spacer,TIMEOUT,316.8554
p_0.00_4000.00_0.00_2000.00_0.1000_7527.50_1.00_0.50.smt2,0.00,4000.00,0.00,2000.00,0.1000,7527.50,1.00,0.50,Golem,TIMEOUT,317.8912
p_0.00_4000.00_0.00_2000.00_0.1000_7527.50_1.00_1.00.smt2,0.00,4000.00,0.00,2000.00,0.1000,7527.50,1.00,1.00,Spacer,TIMEOUT,317.0176
p_0.00_4000.00_0.00_2000.00_0.1000_7527.50_1.00_1.00.smt2,0.00,4000.00,0.00,2000.00,0.1000,7527.50,1.00,1.00,Golem,TIMEOUT,318.0711
p_0.00_4000.00_0.00_2000.00_0.1200_10000.00_0.50_0.50.smt2,0.00,4000.00,0.00,2000.00,0.1200,10000.00,0.50,0.50,Spacer,TIMEOUT,320.6412
p_0.00_4000.00_0.00_2000.00_0.1200_10000.00_0.50_0.50.smt2,0.00,4000.00,0.00,2000.00,0.1200,10000.00,0.50,0.50,Golem,TIMEOUT,317.8242
p_0.00_4000.00_0.00_2000.00_0.1200_10000.00_0.50_1.00.smt2,0.00,4000.00,0.00,2000.00,0.1200,10000.00,0.50,1.00,Spacer,TIMEOUT,318.2590
p_0.00_4000.00_0.00_2000.00_0.1200_10000.00_0.50_1.00.smt2,0.00,4000.00,0.00,2000.00,0.1200,10000.00,0.50,1.00,Golem,TIMEOUT,318.6410
p_0.00_4000.00_0.00_2000.00_0.1200_10000.00_1.00_0.50.smt2,0.00,4000.00,0.00,2000.00,0.1200,10000.00,1.00,0.50,Spacer,TIMEOUT,322.0698
p_0.00_4000.00_0.00_2000.00_0.1200_10000.00_1.00_0.50.smt2,0.00,4000.00,0.00,2000.00,0.1200,10000.00,1.00,0.50,Golem,TIMEOUT,318.8355
p_0.00_4000.00_0.00_2000.00_0.1200_10000.00_1.00_1.00.smt2,0.00,4000.00,0.00,2000.00,0.1200,10000.00,1.00,1.00,Spacer,TIMEOUT,319.3903
p_0.00_4000.00_0.00_2000.00_0.1200_10000.00_1.00_1.00.smt2,0.00,4000.00,0.00,2000.00,0.1200,10000.00,1.00,1.00,Golem,TIMEOUT,321.6026
p_0.00_4000.00_0.00_2000.00_0.1200_110.00_0.50_0.50.smt2,0.00,4000.00,0.00,2000.00,0.1200,110.00,0.50,0.50,Spacer,sat (   (define-fun Inv ((x!0 Real)    (x!1 Real)    (x!2 Real)    (x!3 Real)    (x!4 Real)    (x!5 Real)) Bool     (let ((a!1 (or (not (>= x!4 108.0))                    (>= (+ (* 1.1363636363? x!0) (* (- 1.1363636363?) x!5))                        (- 0.6456611570?))))           (a!2 (or (<= x!4 0.0)                    (<= (+ (* 0.0001299532? x!0) (* (- 0.0001299532?) x!5))                        0.4574353402?)))           (a!3 (or (<= x!4 1.0)                    (<= (+ (* 0.0001476741? x!0) (* (- 0.0001476741?) x!5)) 0.5)))           (a!4 (or (not (>= x!4 42.0))                    (<= (+ (* 1.1363636363? x!0) (* (- 1.1363636363?) x!5))                        2979.5336742764?)))           (a!5 (or (not (>= x!4 41.0))                    (<= (+ (* 0.0001678114? x!0) (* (- 0.0001678114?) x!5)) 0.5)))           (a!6 (or (not (>= x!4 43.0))                    (<= (+ (* 1.1363636363? x!0) (* (- 1.1363636363?) x!5))                        2621.9896333632?)))           (a!7 (or (not (>= x!4 44.0))                    (<= (+ (* 1.1363636363? x!0) (* (- 1.1363636363?) x!5))                        2307.3508773596?)))           (a!8 (or (not (>= x!4 45.0))                    (<= (+ (* 1.1363636363? x!0) (* (- 1.1363636363?) x!5))                        2030.4687720764?)))           (a!9 (or (not (>= x!4 46.0))                    (<= (+ (* 1.1363636363? x!0) (* (- 1.1363636363?) x!5))                        1786.8125194273?)))           (a!10 (or (<= (+ (* 1.1363636363? x!0) (* (- 1.1363636363?) x!5))                         1572.3950170960?)                     (not (>= x!4 47.0))))           (a!11 (or (<= (+ (* 1.1363636363? x!0) (* (- 1.1363636363?) x!5))                         1383.7076150445?)                     (not (>= x!4 48.0))))           (a!12 (or (not (>= x!4 49.0))                     (<= (+ (* 1.1363636363? x!0) (* (- 1.1363636363?) x!5))                         1217.6627012391?)))           (a!13 (or (not (>= x!4 50.0))                     (<= (+ (* 0.0005302463? x!0) (* (- 0.0005302463?) x!5)) 0.5)))           (a!14 (or (<= (+ (* 1.1363636363? x!0) (* (- 1.1363636363?) x!5))                         942.9579958396?)                     (not (>= x!4 51.0))))           (a!15 (or (not (>= x!4 52.0))                     (<= (+ (* 1.1363636363? x!0) (* (- 1.1363636363?) x!5))                         829.8030363388?)))           (a!16 (or (<= (+ (* 1.1363636363? x!0) (* (- 1.1363636363?) x!5))                         730.2266719781?)                     (not (>= x!4 53.0))))           (a!17 (or (<= (+ (* 1.1363636363? x!0) (* (- 1.1363636363?) x!5))                         642.5994713408?)                     (not (>= x!4 54.0))))           (a!18 (or (not (>= x!4 55.0))                     (<= (+ (* 0.0010047645? x!0) (* (- 0.0010047645?) x!5)) 0.5)))           (a!19 (or (not (>= x!4 56.0))                     (<= (+ (* 0.0011417778? x!0) (* (- 0.0011417778?) x!5)) 0.5)))           (a!20 (or (not (>= x!4 57.0))                     (<= (+ (* 1.1363636363? x!0) (* (- 1.1363636363?) x!5))                         437.9135469335?)))           (a!21 (or (not (>= x!4 58.0))                     (<= (+ (* 0.0014744032? x!0) (* (- 0.0014744032?) x!5)) 0.5)))           (a!22 (or (not (>= x!4 59.0))                     (<= (+ (* 0.0016754582? x!0) (* (- 0.0016754582?) x!5)) 0.5)))           (a!23 (or (not (>= x!4 60.0))                     (<= (+ (* 1.1363636363? x!0) (* (- 1.1363636363?) x!5))                         298.4258206559?)))           (a!24 (or (not (>= x!4 61.0))                     (<= (+ (* 0.0021635566? x!0) (* (- 0.0021635566?) x!5)) 0.5)))           (a!25 (or (not (>= x!4 63.0))                     (<= (+ (* 1.1363636363? x!0) (* (- 1.1363636363?) x!5))                         203.3688408540?)))           (a!26 (or (not (>= x!4 62.0))                     (<= (+ (* 0.0024585870? x!0) (* (- 0.0024585870?) x!5)) 0.5)))           (a!27 (or (not (>= x!4 64.0))                     (<= (+ (* 0.0031748283? x!0) (* (- 0.0031748283?) x!5)) 0.5)))           (a!28 (or (<= (+ (* 1.1363636363? x!0) (* (- 1.1363636363?) x!5))                         138.5901707144?)                     (not (>= x!4 66.0))))           (a!29 (or (not (>= x!4 65.0))                     (<= (+ (* 0.0036077594? x!0) (* (- 0.0036077594?) x!5)) 0.5)))           (a!30 (or (not (>= x!4 67.0))                     (<= (+ (* 0.0046587802? x!0) (* (- 0.0046587802?) x!5)) 0.5)))           (a!31 (or (<= (+ (* 1.1363636363? x!0) (* (- 1.1363636363?) x!5))                         107.3242282012?)                     (not (>= x!4 68.0))))           (a!32 (or (<= (+ (* 1.1363636363? x!0) (* (- 1.1363636363?) x!5))                         94.4453208171?)                     (not (>= x!4 69.0))))           (a!33 (or (<= (+ (* 1.1363636363? x!0) (* (- 1.1363636363?) x!5))                         83.1118823190?)                     (not (>= x!4 70.0))))           (a!34 (or (not (>= x!4 71.0))                     (<= (+ (* 1.1363636363? x!0) (* (- 1.1363636363?) x!5))                         73.1384564407?)))           (a!35 (or (not (>= x!4 72.0))                     (<= (+ (* 1.1363636363? x!0) (* (- 1.1363636363?) x!5))                         64.3618416678?)))           (a!36 (or (<= (+ (* 1.1363636363? x!0) (* (- 1.1363636363?) x!5))                         56.6384206677?)                     (not (>= x!4 73.0))))           (a!37 (or (not (>= x!4 74.0))                     (<= (+ (* 0.0113997027? x!0) (* (- 0.0113997027?) x!5)) 0.5)))           (a!38 (or (<= (+ (* 1.1363636363? x!0) (* (- 1.1363636363?) x!5))                         43.8607929651?)                     (not (>= x!4 75.0))))           (a!39 (or (<= (+ (* 1.1363636363? x!0) (* (- 1.1363636363?) x!5))                         33.9657980721?)                     (not (>= x!4 77.0))))           (a!40 (or (<= (+ (* 1.1363636363? x!0) (* (- 1.1363636363?) x!5))                         38.5974978092?)                     (not (>= x!4 76.0))))           (a!41 (or (<= (+ (* 1.1363636363? x!0) (* (- 1.1363636363?) x!5))                         29.8899023035?)                     (not (>= x!4 78.0))))           (a!42 (or (not (>= x!4 79.0))                     (<= (+ (* 1.1363636363? x!0) (* (- 1.1363636363?) x!5))                         26.3031140270?)))           (a!43 (or (not (>= x!4 80.0))                     (<= (+ (* 1.1363636363? x!0) (* (- 1.1363636363?) x!5))                         23.1467403438?)))           (a!44 (or (not (>= x!4 81.0))                     (<= (+ (* 1.1363636363? x!0) (* (- 1.1363636363?) x!5))                         20.3691315025?)))           (a!45 (or (not (>= x!4 83.0))                     (<= (+ (* 1.1363636363? x!0) (* (- 1.1363636363?) x!5))                         15.7738554355?)))           (a!46 (or (not (>= x!4 82.0))                     (<= (+ (* 1.1363636363? x!0) (* (- 1.1363636363?) x!5))                         17.9248357222?)))           (a!47 (or (not (>= x!4 84.0))                     (<= (+ (* 1.1363636363? x!0) (* (- 1.1363636363?) x!5))                         13.8809927833?)))           (a!48 (or (not (>= x!4 85.0))                     (<= (+ (* 1.1363636363? x!0) (* (- 1.1363636363?) x!5))                         12.2152736493?)))           (a!49 (or (not (>= x!4 86.0))                     (<= (+ (* 1.1363636363? x!0) (* (- 1.1363636363?) x!5))                         10.7494408114?)))           (a!50 (or (not (>= x!4 87.0))                     (<= (+ (* 1.1363636363? x!0) (* (- 1.1363636363?) x!5))                         9.4595079140?)))           (a!51 (or (not (>= x!4 88.0))                     (<= (+ (* 1.1363636363? x!0) (* (- 1.1363636363?) x!5))                         8.3243669643?)))           (a!52 (or (not (>= x!4 89.0))                     (<= (+ (* 1.1363636363? x!0) (* (- 1.1363636363?) x!5))                         7.3254429286?)))           (a!53 (or (not (>= x!4 90.0))                     (<= (+ (* 1.1363636363? x!0) (* (- 1.1363636363?) x!5))                         6.4463897771?)))           (a!54 (or (not (>= x!4 91.0))                     (<= (+ (* 1.1363636363? x!0) (* (- 1.1363636363?) x!5))                         5.6728230039?)))           (a!55 (or (not (>= x!4 92.0))                     (<= (+ (* 1.1363636363? x!0) (* (- 1.1363636363?) x!5))                         4.9920842434?)))           (a!56 (or (not (>= x!4 93.0))                     (<= (+ (* 1.1363636363? x!0) (* (- 1.1363636363?) x!5))                         4.3930341342?)))           (a!57 (or (not (>= x!4 94.0))                     (<= (+ (* 1.1363636363? x!0) (* (- 1.1363636363?) x!5))                         3.8658700381?)))           (a!58 (or (not (>= x!4 95.0))                     (<= (+ (* 1.1363636363? x!0) (* (- 1.1363636363?) x!5))                         3.4019656335?)))           (a!59 (or (not (>= x!4 96.0))                     (<= (+ (* 1.1363636363? x!0) (* (- 1.1363636363?) x!5))                         2.9937297575?)))           (a!60 (or (<= (+ (* 1.1363636363? x!0) (* (- 1.1363636363?) x!5))                         2.3183443242?)                     (not (>= x!4 98.0))))           (a!61 (or (not (>= x!4 97.0))                     (<= (+ (* 1.1363636363? x!0) (* (- 1.1363636363?) x!5))                         2.6344821866?)))           (a!62 (or (<= (+ (* 1.1363636363? x!0) (* (- 1.1363636363?) x!5))                         2.0401430053?)                     (not (>= x!4 99.0))))           (a!63 (or (<= (+ (* 1.1363636363? x!0) (* (- 1.1363636363?) x!5))                         1.5798867433?)                     (not (>= x!4 101.0))))           (a!64 (or (<= (+ (* 1.1363636363? x!0) (* (- 1.1363636363?) x!5))                         1.7953258446?)                     (not (>= x!4 100.0))))           (a!65 (or (<= (+ (* 1.1363636363? x!0) (* (- 1.1363636363?) x!5))                         1.2234642940?)                     (not (>= x!4 103.0))))           (a!66 (or (<= (+ (* 1.1363636363? x!0) (* (- 1.1363636363?) x!5))                         1.3903003341?)                     (not (>= x!4 102.0))))           (a!67 (or (<= (+ (* 1.1363636363? x!0) (* (- 1.1363636363?) x!5))                         1.0766485787?)                     (not (>= x!4 104.0))))           (a!68 (or (<= (+ (* 1.1363636363? x!0) (* (- 1.1363636363?) x!5))                         0.9474507492?)                     (not (>= x!4 105.0))))           (a!69 (or (<= (+ (* 1.1363636363? x!0) (* (- 1.1363636363?) x!5))                         0.8337566593?)                     (not (>= x!4 106.0))))           (a!70 (or (<= (+ (* 1.1363636363? x!0) (* (- 1.1363636363?) x!5))                         0.7337058602?)                     (not (>= x!4 107.0))))           (a!71 (or (<= (+ (* 1.1363636363? x!0) (* (- 1.1363636363?) x!5))                         0.6456611570?)                     (not (>= x!4 108.0))))           (a!72 (or (<= x!4 0.0)                     (>= (+ (* 0.0002798279? x!0) (* (- 0.0002798279?) x!5))                         (- 0.5))))           (a!73 (or (not (>= x!4 46.0))                     (>= (+ (* 0.0003179862? x!0) (* (- 0.0003179862?) x!5))                         (- 0.5))))           (a!74 (or (not (>= x!4 47.0))                     (>= (+ (* 0.0003613480? x!0) (* (- 0.0003613480?) x!5))                         (- 0.5))))           (a!75 (or (not (>= x!4 49.0))                     (>= (+ (* 1.1363636363? x!0) (* (- 1.1363636363?) x!5))                         (- 1217.6627012391?))))           (a!76 (or (not (>= x!4 48.0))                     (>= (+ (* 1.1363636363? x!0) (* (- 1.1363636363?) x!5))                         (- 1383.7076150445?))))           (a!77 (or (not (>= x!4 50.0))                     (>= (+ (* 0.0005302463? x!0) (* (- 0.0005302463?) x!5))                         (- 0.5))))           (a!78 (or (not (>= x!4 51.0))                     (>= (+ (* 0.0006025526? x!0) (* (- 0.0006025526?) x!5))                         (- 0.5))))           (a!79 (or (not (>= x!4 53.0))                     (>= (+ (* 1.1363636363? x!0) (* (- 1.1363636363?) x!5))                         (- 730.2266719781?))))           (a!80 (or (not (>= x!4 52.0))                     (>= (+ (* 0.0006847188? x!0) (* (- 0.0006847188?) x!5))                         (- 0.5))))           (a!81 (or (not (>= x!4 54.0))                     (>= (+ (* 0.0008841927? x!0) (* (- 0.0008841927?) x!5))                         (- 0.5))))           (a!82 (or (not (>= x!4 55.0))                     (>= (+ (* 0.0010047645? x!0) (* (- 0.0010047645?) x!5))                         (- 0.5))))           (a!83 (or (not (>= x!4 56.0))                     (>= (+ (* 1.1363636363? x!0) (* (- 1.1363636363?) x!5))                         (- 497.6290306063?))))           (a!84 (or (not (>= x!4 57.0))                     (>= (+ (* 1.1363636363? x!0) (* (- 1.1363636363?) x!5))                         (- 437.9135469335?))))           (a!85 (or (not (>= x!4 58.0))                     (>= (+ (* 0.0014744032? x!0) (* (- 0.0014744032?) x!5))                         (- 0.5))))           (a!86 (or (not (>= x!4 59.0))                     (>= (+ (* 0.0016754582? x!0) (* (- 0.0016754582?) x!5))                         (- 0.5))))           (a!87 (or (not (>= x!4 60.0))                     (>= (+ (* 0.0019039298? x!0) (* (- 0.0019039298?) x!5))                         (- 0.5))))           (a!88 (or (not (>= x!4 61.0))                     (>= (+ (* 1.1363636363? x!0) (* (- 1.1363636363?) x!5))                         (- 262.6147221772?))))           (a!89 (or (not (>= x!4 62.0))                     (>= (+ (* 1.1363636363? x!0) (* (- 1.1363636363?) x!5))                         (- 231.1009555159?))))           (a!90 (or (not (>= x!4 63.0))                     (>= (+ (* 1.1363636363? x!0) (* (- 1.1363636363?) x!5))                         (- 203.3688408540?))))           (a!91 (or (not (>= x!4 64.0))                     (>= (+ (* 0.0031748283? x!0) (* (- 0.0031748283?) x!5))                         (- 0.5))))           (a!92 (or (not (>= x!4 65.0))                     (>= (+ (* 0.0036077594? x!0) (* (- 0.0036077594?) x!5))                         (- 0.5))))           (a!93 (or (not (>= x!4 66.0))                     (>= (+ (* 0.0040997266? x!0) (* (- 0.0040997266?) x!5))                         (- 0.5))))           (a!94 (or (not (>= x!4 67.0))                     (>= (+ (* 0.0046587802? x!0) (* (- 0.0046587802?) x!5))                         (- 0.5))))           (a!95 (or (not (>= x!4 69.0))                     (>= (+ (* 1.1363636363? x!0) (* (- 1.1363636363?) x!5))                         (- 94.4453208171?))))           (a!96 (or (not (>= x!4 68.0))                     (>= (+ (* 0.0052940685? x!0) (* (- 0.0052940685?) x!5))                         (- 0.5))))           (a!97 (or (not (>= x!4 70.0))                     (>= (+ (* 1.1363636363? x!0) (* (- 1.1363636363?) x!5))                         (- 83.1118823190?))))           (a!98 (or (not (>= x!4 71.0))                     (>= (+ (* 1.1363636363? x!0) (* (- 1.1363636363?) x!5))                         (- 73.1384564407?))))           (a!99 (or (not (>= x!4 72.0))                     (>= (+ (* 0.0088279297? x!0) (* (- 0.0088279297?) x!5))                         (- 0.5))))           (a!100 (or (not (>= x!4 73.0))                      (>= (+ (* 0.0100317383? x!0) (* (- 0.0100317383?) x!5))                          (- 0.5))))           (a!101 (or (not (>= x!4 74.0))                      (>= (+ (* 0.0113997027? x!0) (* (- 0.0113997027?) x!5))                          (- 0.5))))           (a!102 (or (not (>= x!4 75.0))                      (>= (+ (* 1.1363636363? x!0) (* (- 1.1363636363?) x!5))                          (- 43.8607929651?))))           (a!103 (or (not (>= x!4 76.0))                      (>= (+ (* 0.0147206904? x!0) (* (- 0.0147206904?) x!5))                          (- 0.5))))           (a!104 (or (not (>= x!4 77.0))                      (>= (+ (* 0.0167280573? x!0) (* (- 0.0167280573?) x!5))                          (- 0.5))))           (a!105 (or (not (>= x!4 78.0))                      (>= (+ (* 0.0190091560? x!0) (* (- 0.0190091560?) x!5))                          (- 0.5))))           (a!106 (or (not (>= x!4 79.0))                      (>= (+ (* 0.0216013137? x!0) (* (- 0.0216013137?) x!5))                          (- 0.5))))           (a!107 (or (not (>= x!4 80.0))                      (>= (+ (* 0.0245469474? x!0) (* (- 0.0245469474?) x!5))                          (- 0.5))))           (a!108 (or (not (>= x!4 81.0))                      (>= (+ (* 0.0278942584? x!0) (* (- 0.0278942584?) x!5))                          (- 0.5))))           (a!109 (or (not (>= x!4 82.0))                      (>= (+ (* 1.1363636363? x!0) (* (- 1.1363636363?) x!5))                          (- 17.9248357222?))))           (a!110 (or (not (>= x!4 83.0))                      (>= (+ (* 0.0360204783? x!0) (* (- 0.0360204783?) x!5))                          (- 0.5))))           (a!111 (or (not (>= x!4 84.0))                      (>= (+ (* 0.0409323617? x!0) (* (- 0.0409323617?) x!5))                          (- 0.5))))           (a!112 (or (not (>= x!4 85.0))                      (>= (+ (* 1.1363636363? x!0) (* (- 1.1363636363?) x!5))                          (- 12.2152736493?))))           (a!113 (or (not (>= x!4 86.0))                      (>= (+ (* 0.0528568721? x!0) (* (- 0.0528568721?) x!5))                          (- 0.5))))           (a!114 (or (not (>= x!4 87.0))                      (>= (+ (* 0.0600646273? x!0) (* (- 0.0600646273?) x!5))                          (- 0.5))))           (a!115 (or (not (>= x!4 88.0))                      (>= (+ (* 1.1363636363? x!0) (* (- 1.1363636363?) x!5))                          (- 8.3243669643?))))           (a!116 (or (not (>= x!4 89.0))                      (>= (+ (* 1.1363636363? x!0) (* (- 1.1363636363?) x!5))                          (- 7.3254429286?))))           (a!117 (or (not (>= x!4 90.0))                      (>= (+ (* 1.1363636363? x!0) (* (- 1.1363636363?) x!5))                          (- 6.4463897771?))))           (a!118 (or (not (>= x!4 91.0))                      (>= (+ (* 1.1363636363? x!0) (* (- 1.1363636363?) x!5))                          (- 5.6728230039?))))           (a!119 (or (not (>= x!4 92.0))                      (>= (+ (* 1.1363636363? x!0) (* (- 1.1363636363?) x!5))                          (- 4.9920842434?))))           (a!120 (or (not (>= x!4 93.0))                      (>= (+ (* 0.1293369914? x!0) (* (- 0.1293369914?) x!5))                          (- 0.5))))           (a!121 (or (not (>= x!4 94.0))                      (>= (+ (* 1.1363636363? x!0) (* (- 1.1363636363?) x!5))                          (- 3.8658700381?))))           (a!122 (or (not (>= x!4 95.0))                      (>= (+ (* 1.1363636363? x!0) (* (- 1.1363636363?) x!5))                          (- 3.4019656335?))))           (a!123 (or (not (>= x!4 96.0))                      (>= (+ (* 1.1363636363? x!0) (* (- 1.1363636363?) x!5))                          (- 2.9937297575?))))           (a!124 (or (not (>= x!4 97.0))                      (>= (+ (* 0.2156711558? x!0) (* (- 0.2156711558?) x!5))                          (- 0.5))))           (a!125 (or (not (>= x!4 99.0))                      (>= (+ (* 1.1363636363? x!0) (* (- 1.1363636363?) x!5))                          (- 2.0401430053?))))           (a!126 (or (not (>= x!4 98.0))                      (>= (+ (* 0.2450808588? x!0) (* (- 0.2450808588?) x!5))                          (- 0.5))))           (a!127 (or (not (>= x!4 100.0))                      (>= (+ (* 0.3164783818? x!0) (* (- 0.3164783818?) x!5))                          (- 0.5))))           (a!128 (or (not (>= x!4 102.0))                      (>= (+ (* 1.1363636363? x!0) (* (- 1.1363636363?) x!5))                          (- 1.3903003341?))))           (a!129 (or (not (>= x!4 101.0))                      (>= (+ (* 0.3596345248? x!0) (* (- 0.3596345248?) x!5))                          (- 0.5))))           (a!130 (or (not (>= x!4 103.0))                      (>= (+ (* 1.1363636363? x!0) (* (- 1.1363636363?) x!5))                          (- 1.2234642940?))))           (a!131 (or (not (>= x!4 104.0))                      (>= (+ (* 0.5277319168 x!0) (* (- 0.5277319168) x!5))                          (- 0.5))))           (a!132 (or (not (>= x!4 105.0))                      (>= (+ (* 0.59969536 x!0) (* (- 0.59969536) x!5)) (- 0.5))))           (a!133 (or (not (>= x!4 106.0))                      (>= (+ (* 0.681472 x!0) (* (- 0.681472) x!5)) (- 0.5))))           (a!134 (or (not (>= x!4 107.0))                      (>= (+ (* 0.7744 x!0) (* (- 0.7744) x!5)) (- 0.5)))))       (and a!1            (<= (+ x!0 (* (- 1.0) x!5)) 4000.0)            a!2            a!3            a!4            a!5            a!6            a!7            a!8            a!9            a!10            a!11            a!12            a!13            a!14            a!15            a!16            a!17            a!18            a!19            a!20            a!21            a!22            a!23            a!24            a!25            a!26            a!27            a!28            a!29            a!30            a!31            a!32            a!33            a!34            a!35            a!36            a!37            a!38            a!39            a!40            a!41            a!42            a!43            a!44            a!45            a!46            a!47            a!48            a!49            a!50            a!51            a!52            a!53            a!54            a!55            a!56            a!57            a!58            a!59            a!60            a!61            a!62            a!63            a!64            a!65            a!66            a!67            a!68            a!69            a!70            a!71            (>= (+ (* 0.0002462485? x!0) (* (- 0.0002462485?) x!5)) (- 0.5))            a!72            a!73            a!74            a!75            a!76            a!77            a!78            a!79            a!80            a!81            a!82            a!83            a!84            a!85            a!86            a!87            a!88            a!89            a!90            a!91            a!92            a!93            a!94            a!95            a!96            a!97            a!98            a!99            a!100            a!101            a!102            a!103            a!104            a!105            a!106            a!107            a!108            a!109            a!110            a!111            a!112            a!113            a!114            a!115            a!116            a!117            a!118            a!119            a!120            a!121            a!122            a!123            a!124            a!125            a!126            a!127            a!128            a!129            a!130            a!131            a!132            a!133            a!134))) ),82.9205
p_0.00_4000.00_0.00_2000.00_0.1200_110.00_0.50_0.50.smt2,0.00,4000.00,0.00,2000.00,0.1200,110.00,0.50,0.50,Golem,sat,2.9603
p_0.00_4000.00_0.00_2000.00_0.1200_110.00_0.50_1.00.smt2,0.00,4000.00,0.00,2000.00,0.1200,110.00,0.50,1.00,Spacer,sat (   (define-fun Inv ((x!0 Real)    (x!1 Real)    (x!2 Real)    (x!3 Real)    (x!4 Real)    (x!5 Real)) Bool     (let ((a!1 (or (not (>= x!4 108.0))                    (>= (+ (* 1.1363636363? x!0) (* (- 1.1363636363?) x!5))                        (- 1.2913223140?))))           (a!2 (or (<= x!4 0.0)                    (<= (+ (* 0.0001299532? x!0) (* (- 0.0001299532?) x!5))                        0.4574353402?)))           (a!3 (or (<= x!4 1.0)                    (<= (+ (* 0.0001476741? x!0) (* (- 0.0001476741?) x!5)) 0.5)))           (a!4 (or (<= (+ (* 1.1363636363? x!0) (* (- 1.1363636363?) x!5))                        2979.5336742764?)                    (not (>= x!4 42.0))))           (a!5 (or (not (>= x!4 41.0))                    (<= (+ (* 0.0001678114? x!0) (* (- 0.0001678114?) x!5)) 0.5)))           (a!6 (or (not (>= x!4 43.0))                    (<= (+ (* 1.1363636363? x!0) (* (- 1.1363636363?) x!5))                        2621.9896333632?)))           (a!7 (or (not (>= x!4 44.0))                    (<= (+ (* 1.1363636363? x!0) (* (- 1.1363636363?) x!5))                        2307.3508773596?)))           (a!8 (or (<= (+ (* 1.1363636363? x!0) (* (- 1.1363636363?) x!5))                        2030.4687720764?)                    (not (>= x!4 45.0))))           (a!9 (or (<= (+ (* 1.1363636363? x!0) (* (- 1.1363636363?) x!5))                        1786.8125194273?)                    (not (>= x!4 46.0))))           (a!10 (or (<= (+ (* 1.1363636363? x!0) (* (- 1.1363636363?) x!5))                         1572.3950170960?)                     (not (>= x!4 47.0))))           (a!11 (or (<= (+ (* 1.1363636363? x!0) (* (- 1.1363636363?) x!5))                         1383.7076150445?)                     (not (>= x!4 48.0))))           (a!12 (or (not (>= x!4 49.0))                     (<= (+ (* 1.1363636363? x!0) (* (- 1.1363636363?) x!5))                         1217.6627012391?)))           (a!13 (or (not (>= x!4 50.0))                     (<= (+ (* 0.0005302463? x!0) (* (- 0.0005302463?) x!5)) 0.5)))           (a!14 (or (<= (+ (* 1.1363636363? x!0) (* (- 1.1363636363?) x!5))                         942.9579958396?)                     (not (>= x!4 51.0))))           (a!15 (or (not (>= x!4 52.0))                     (<= (+ (* 1.1363636363? x!0) (* (- 1.1363636363?) x!5))                         829.8030363388?)))           (a!16 (or (not (>= x!4 53.0))                     (<= (+ (* 1.1363636363? x!0) (* (- 1.1363636363?) x!5))                         730.2266719781?)))           (a!17 (or (<= (+ (* 1.1363636363? x!0) (* (- 1.1363636363?) x!5))                         642.5994713408?)                     (not (>= x!4 54.0))))           (a!18 (or (not (>= x!4 55.0))                     (<= (+ (* 0.0010047645? x!0) (* (- 0.0010047645?) x!5)) 0.5)))           (a!19 (or (not (>= x!4 56.0))                     (<= (+ (* 0.0011417778? x!0) (* (- 0.0011417778?) x!5)) 0.5)))           (a!20 (or (<= (+ (* 1.1363636363? x!0) (* (- 1.1363636363?) x!5))                         437.9135469335?)                     (not (>= x!4 57.0))))           (a!21 (or (not (>= x!4 58.0))                     (<= (+ (* 0.0014744032? x!0) (* (- 0.0014744032?) x!5)) 0.5)))           (a!22 (or (not (>= x!4 59.0))                     (<= (+ (* 0.0016754582? x!0) (* (- 0.0016754582?) x!5)) 0.5)))           (a!23 (or (<= (+ (* 1.1363636363? x!0) (* (- 1.1363636363?) x!5))                         298.4258206559?)                     (not (>= x!4 60.0))))           (a!24 (or (not (>= x!4 61.0))                     (<= (+ (* 0.0021635566? x!0) (* (- 0.0021635566?) x!5)) 0.5)))           (a!25 (or (<= (+ (* 1.1363636363? x!0) (* (- 1.1363636363?) x!5))                         203.3688408540?)                     (not (>= x!4 63.0))))           (a!26 (or (not (>= x!4 62.0))                     (<= (+ (* 0.0024585870? x!0) (* (- 0.0024585870?) x!5)) 0.5)))           (a!27 (or (not (>= x!4 64.0))                     (<= (+ (* 0.0031748283? x!0) (* (- 0.0031748283?) x!5)) 0.5)))           (a!28 (or (not (>= x!4 66.0))                     (<= (+ (* 1.1363636363? x!0) (* (- 1.1363636363?) x!5))                         138.5901707144?)))           (a!29 (or (not (>= x!4 65.0))                     (<= (+ (* 0.0036077594? x!0) (* (- 0.0036077594?) x!5)) 0.5)))           (a!30 (or (not (>= x!4 67.0))                     (<= (+ (* 0.0046587802? x!0) (* (- 0.0046587802?) x!5)) 0.5)))           (a!31 (or (not (>= x!4 68.0))                     (<= (+ (* 1.1363636363? x!0) (* (- 1.1363636363?) x!5))                         107.3242282012?)))           (a!32 (or (<= (+ (* 1.1363636363? x!0) (* (- 1.1363636363?) x!5))                         94.4453208171?)                     (not (>= x!4 69.0))))           (a!33 (or (not (>= x!4 70.0))                     (<= (+ (* 1.1363636363? x!0) (* (- 1.1363636363?) x!5))                         83.1118823190?)))           (a!34 (or (not (>= x!4 71.0))                     (<= (+ (* 1.1363636363? x!0) (* (- 1.1363636363?) x!5))                         73.1384564407?)))           (a!35 (or (<= (+ (* 1.1363636363? x!0) (* (- 1.1363636363?) x!5))                         64.3618416678?)                     (not (>= x!4 72.0))))           (a!36 (or (<= (+ (* 1.1363636363? x!0) (* (- 1.1363636363?) x!5))                         56.6384206677?)                     (not (>= x!4 73.0))))           (a!37 (or (not (>= x!4 74.0))                     (<= (+ (* 0.0113997027? x!0) (* (- 0.0113997027?) x!5)) 0.5)))           (a!38 (or (<= (+ (* 1.1363636363? x!0) (* (- 1.1363636363?) x!5))                         43.8607929651?)                     (not (>= x!4 75.0))))           (a!39 (or (not (>= x!4 77.0))                     (<= (+ (* 1.1363636363? x!0) (* (- 1.1363636363?) x!5))                         33.9657980721?)))           (a!40 (or (not (>= x!4 76.0))                     (<= (+ (* 1.1363636363? x!0) (* (- 1.1363636363?) x!5))                         38.5974978092?)))           (a!41 (or (<= (+ (* 1.1363636363? x!0) (* (- 1.1363636363?) x!5))                         29.8899023035?)                     (not (>= x!4 78.0))))           (a!42 (or (<= (+ (* 1.1363636363? x!0) (* (- 1.1363636363?) x!5))                         26.3031140270?)                     (not (>= x!4 79.0))))           (a!43 (or (<= (+ (* 1.1363636363? x!0) (* (- 1.1363636363?) x!5))                         23.1467403438?)                     (not (>= x!4 80.0))))           (a!44 (or (<= (+ (* 1.1363636363? x!0) (* (- 1.1363636363?) x!5))                         20.3691315025?)                     (not (>= x!4 81.0))))           (a!45 (or (<= (+ (* 1.1363636363? x!0) (* (- 1.1363636363?) x!5))                         15.7738554355?)                     (not (>= x!4 83.0))))           (a!46 (or (<= (+ (* 1.1363636363? x!0) (* (- 1.1363636363?) x!5))                         17.9248357222?)                     (not (>= x!4 82.0))))           (a!47 (or (not (>= x!4 84.0))                     (<= (+ (* 1.1363636363? x!0) (* (- 1.1363636363?) x!5))                         13.8809927833?)))           (a!48 (or (not (>= x!4 85.0))                     (<= (+ (* 1.1363636363? x!0) (* (- 1.1363636363?) x!5))                         12.2152736493?)))           (a!49 (or (not (>= x!4 86.0))                     (<= (+ (* 1.1363636363? x!0) (* (- 1.1363636363?) x!5))                         10.7494408114?)))           (a!50 (or (not (>= x!4 87.0))                     (<= (+ (* 1.1363636363? x!0) (* (- 1.1363636363?) x!5))                         9.4595079140?)))           (a!51 (or (not (>= x!4 88.0))                     (<= (+ (* 1.1363636363? x!0) (* (- 1.1363636363?) x!5))                         8.3243669643?)))           (a!52 (or (not (>= x!4 89.0))                     (<= (+ (* 1.1363636363? x!0) (* (- 1.1363636363?) x!5))                         7.3254429286?)))           (a!53 (or (not (>= x!4 90.0))                     (<= (+ (* 1.1363636363? x!0) (* (- 1.1363636363?) x!5))                         6.4463897771?)))           (a!54 (or (not (>= x!4 91.0))                     (<= (+ (* 1.1363636363? x!0) (* (- 1.1363636363?) x!5))                         5.6728230039?)))           (a!55 (or (not (>= x!4 92.0))                     (<= (+ (* 1.1363636363? x!0) (* (- 1.1363636363?) x!5))                         4.9920842434?)))           (a!56 (or (not (>= x!4 93.0))                     (<= (+ (* 1.1363636363? x!0) (* (- 1.1363636363?) x!5))                         4.3930341342?)))           (a!57 (or (not (>= x!4 94.0))                     (<= (+ (* 1.1363636363? x!0) (* (- 1.1363636363?) x!5))                         3.8658700381?)))           (a!58 (or (not (>= x!4 95.0))                     (<= (+ (* 1.1363636363? x!0) (* (- 1.1363636363?) x!5))                         3.4019656335?)))           (a!59 (or (not (>= x!4 96.0))                     (<= (+ (* 1.1363636363? x!0) (* (- 1.1363636363?) x!5))                         2.9937297575?)))           (a!60 (or (<= (+ (* 1.1363636363? x!0) (* (- 1.1363636363?) x!5))                         2.3183443242?)                     (not (>= x!4 98.0))))           (a!61 (or (<= (+ (* 1.1363636363? x!0) (* (- 1.1363636363?) x!5))                         2.6344821866?)                     (not (>= x!4 97.0))))           (a!62 (or (<= (+ (* 1.1363636363? x!0) (* (- 1.1363636363?) x!5))                         2.0401430053?)                     (not (>= x!4 99.0))))           (a!63 (or (<= (+ (* 1.1363636363? x!0) (* (- 1.1363636363?) x!5))                         1.5798867433?)                     (not (>= x!4 101.0))))           (a!64 (or (<= (+ (* 1.1363636363? x!0) (* (- 1.1363636363?) x!5))                         1.7953258446?)                     (not (>= x!4 100.0))))           (a!65 (or (<= (+ (* 1.1363636363? x!0) (* (- 1.1363636363?) x!5))                         1.2234642940?)                     (not (>= x!4 103.0))))           (a!66 (or (<= (+ (* 1.1363636363? x!0) (* (- 1.1363636363?) x!5))                         1.3903003341?)                     (not (>= x!4 102.0))))           (a!67 (or (<= (+ (* 1.1363636363? x!0) (* (- 1.1363636363?) x!5))                         1.0766485787?)                     (not (>= x!4 104.0))))           (a!68 (or (<= (+ (* 1.1363636363? x!0) (* (- 1.1363636363?) x!5))                         0.9474507492?)                     (not (>= x!4 105.0))))           (a!69 (or (<= (+ (* 1.1363636363? x!0) (* (- 1.1363636363?) x!5))                         0.8337566593?)                     (not (>= x!4 106.0))))           (a!70 (or (<= (+ (* 1.1363636363? x!0) (* (- 1.1363636363?) x!5))                         0.7337058602?)                     (not (>= x!4 107.0))))           (a!71 (or (not (>= x!4 108.0))                     (<= (+ (* 1.1363636363? x!0) (* (- 1.1363636363?) x!5))                         0.6456611570?)))           (a!72 (or (<= x!4 0.0)                     (>= (+ (* 0.0005302463? x!0) (* (- 0.0005302463?) x!5))                         (- 1.0))))           (a!73 (or (not (>= x!4 52.0))                     (>= (+ (* 0.0006847188? x!0) (* (- 0.0006847188?) x!5))                         (- 1.0))))           (a!74 (or (not (>= x!4 54.0))                     (>= (+ (* 0.0008841927? x!0) (* (- 0.0008841927?) x!5))                         (- 1.0))))           (a!75 (or (not (>= x!4 53.0))                     (>= (+ (* 0.0007780896? x!0) (* (- 0.0007780896?) x!5))                         (- 1.0))))           (a!76 (or (not (>= x!4 51.0))                     (>= (+ (* 0.0006025526? x!0) (* (- 0.0006025526?) x!5))                         (- 1.0))))           (a!77 (or (not (>= x!4 55.0))                     (>= (+ (* 0.0010047645? x!0) (* (- 0.0010047645?) x!5))                         (- 1.0))))           (a!78 (or (not (>= x!4 56.0))                     (>= (+ (* 0.0011417778? x!0) (* (- 0.0011417778?) x!5))                         (- 1.0))))           (a!79 (or (not (>= x!4 57.0))                     (>= (+ (* 0.0012974748? x!0) (* (- 0.0012974748?) x!5))                         (- 1.0))))           (a!80 (or (not (>= x!4 58.0))                     (>= (+ (* 0.0014744032? x!0) (* (- 0.0014744032?) x!5))                         (- 1.0))))           (a!81 (or (not (>= x!4 59.0))                     (>= (+ (* 0.0016754582? x!0) (* (- 0.0016754582?) x!5))                         (- 1.0))))           (a!82 (or (not (>= x!4 60.0))                     (>= (+ (* 0.0019039298? x!0) (* (- 0.0019039298?) x!5))                         (- 1.0))))           (a!83 (or (not (>= x!4 61.0))                     (>= (+ (* 0.0021635566? x!0) (* (- 0.0021635566?) x!5))                         (- 1.0))))           (a!84 (or (not (>= x!4 62.0))                     (>= (+ (* 0.0024585870? x!0) (* (- 0.0024585870?) x!5))                         (- 1.0))))           (a!85 (or (not (>= x!4 63.0))                     (>= (+ (* 0.0027938489? x!0) (* (- 0.0027938489?) x!5))                         (- 1.0))))           (a!86 (or (not (>= x!4 64.0))                     (>= (+ (* 0.0031748283? x!0) (* (- 0.0031748283?) x!5))                         (- 1.0))))           (a!87 (or (not (>= x!4 65.0))                     (>= (+ (* 0.0036077594? x!0) (* (- 0.0036077594?) x!5))                         (- 1.0))))           (a!88 (or (not (>= x!4 66.0))                     (>= (+ (* 0.0040997266? x!0) (* (- 0.0040997266?) x!5))                         (- 1.0))))           (a!89 (or (not (>= x!4 67.0))                     (>= (+ (* 0.0046587802? x!0) (* (- 0.0046587802?) x!5))                         (- 1.0))))           (a!90 (or (not (>= x!4 68.0))                     (>= (+ (* 0.0052940685? x!0) (* (- 0.0052940685?) x!5))                         (- 1.0))))           (a!91 (or (not (>= x!4 69.0))                     (>= (+ (* 0.0060159869? x!0) (* (- 0.0060159869?) x!5))                         (- 1.0))))           (a!92 (or (not (>= x!4 70.0))                     (>= (+ (* 0.0068363488? x!0) (* (- 0.0068363488?) x!5))                         (- 1.0))))           (a!93 (or (not (>= x!4 71.0))                     (>= (+ (* 0.0077685781? x!0) (* (- 0.0077685781?) x!5))                         (- 1.0))))           (a!94 (or (not (>= x!4 72.0))                     (>= (+ (* 0.0088279297? x!0) (* (- 0.0088279297?) x!5))                         (- 1.0))))           (a!95 (or (not (>= x!4 73.0))                     (>= (+ (* 0.0100317383? x!0) (* (- 0.0100317383?) x!5))                         (- 1.0))))           (a!96 (or (not (>= x!4 74.0))                     (>= (+ (* 0.0113997027? x!0) (* (- 0.0113997027?) x!5))                         (- 1.0))))           (a!97 (or (not (>= x!4 75.0))                     (>= (+ (* 0.0129542076? x!0) (* (- 0.0129542076?) x!5))                         (- 1.0))))           (a!98 (or (not (>= x!4 76.0))                     (>= (+ (* 0.0147206904? x!0) (* (- 0.0147206904?) x!5))                         (- 1.0))))           (a!99 (or (not (>= x!4 77.0))                     (>= (+ (* 0.0167280573? x!0) (* (- 0.0167280573?) x!5))                         (- 1.0))))           (a!100 (or (not (>= x!4 78.0))                      (>= (+ (* 0.0190091560? x!0) (* (- 0.0190091560?) x!5))                          (- 1.0))))           (a!101 (or (not (>= x!4 79.0))                      (>= (+ (* 0.0216013137? x!0) (* (- 0.0216013137?) x!5))                          (- 1.0))))           (a!102 (or (not (>= x!4 82.0))                      (>= (+ (* 0.0316980209? x!0) (* (- 0.0316980209?) x!5))                          (- 1.0))))           (a!103 (or (not (>= x!4 80.0))                      (>= (+ (* 0.0245469474? x!0) (* (- 0.0245469474?) x!5))                          (- 1.0))))           (a!104 (or (not (>= x!4 81.0))                      (>= (+ (* 0.0278942584? x!0) (* (- 0.0278942584?) x!5))                          (- 1.0))))           (a!105 (or (not (>= x!4 83.0))                      (>= (+ (* 0.0360204783? x!0) (* (- 0.0360204783?) x!5))                          (- 1.0))))           (a!106 (or (not (>= x!4 84.0))                      (>= (+ (* 1.1363636363? x!0) (* (- 1.1363636363?) x!5))                          (- 27.7619855666?))))           (a!107 (or (not (>= x!4 85.0))                      (>= (+ (* 1.1363636363? x!0) (* (- 1.1363636363?) x!5))                          (- 24.4305472986?))))           (a!108 (or (not (>= x!4 86.0))                      (>= (+ (* 0.0528568721? x!0) (* (- 0.0528568721?) x!5))                          (- 1.0))))           (a!109 (or (not (>= x!4 87.0))                      (>= (+ (* 0.0600646273? x!0) (* (- 0.0600646273?) x!5))                          (- 1.0))))           (a!110 (or (not (>= x!4 88.0))                      (>= (+ (* 0.0682552584? x!0) (* (- 0.0682552584?) x!5))                          (- 1.0))))           (a!111 (or (not (>= x!4 89.0))                      (>= (+ (* 0.0775627936? x!0) (* (- 0.0775627936?) x!5))                          (- 1.0))))           (a!112 (or (not (>= x!4 90.0))                      (>= (+ (* 0.0881395382? x!0) (* (- 0.0881395382?) x!5))                          (- 1.0))))           (a!113 (or (not (>= x!4 91.0))                      (>= (+ (* 0.1001585661? x!0) (* (- 0.1001585661?) x!5))                          (- 1.0))))           (a!114 (or (not (>= x!4 92.0))                      (>= (+ (* 0.1138165524? x!0) (* (- 0.1138165524?) x!5))                          (- 1.0))))           (a!115 (or (not (>= x!4 93.0))                      (>= (+ (* 0.1293369914? x!0) (* (- 0.1293369914?) x!5))                          (- 1.0))))           (a!116 (or (not (>= x!4 94.0))                      (>= (+ (* 0.1469738539? x!0) (* (- 0.1469738539?) x!5))                          (- 1.0))))           (a!117 (or (not (>= x!4 95.0))                      (>= (+ (* 0.1670157430? x!0) (* (- 0.1670157430?) x!5))                          (- 1.0))))           (a!118 (or (not (>= x!4 96.0))                      (>= (+ (* 0.1897906171? x!0) (* (- 0.1897906171?) x!5))                          (- 1.0))))           (a!119 (or (not (>= x!4 97.0))                      (>= (+ (* 0.2156711558? x!0) (* (- 0.2156711558?) x!5))                          (- 1.0))))           (a!120 (or (not (>= x!4 98.0))                      (>= (+ (* 0.2450808588? x!0) (* (- 0.2450808588?) x!5))                          (- 1.0))))           (a!121 (or (not (>= x!4 99.0))                      (>= (+ (* 0.2785009760? x!0) (* (- 0.2785009760?) x!5))                          (- 1.0))))           (a!122 (or (not (>= x!4 100.0))                      (>= (+ (* 0.3164783818? x!0) (* (- 0.3164783818?) x!5))                          (- 1.0))))           (a!123 (or (not (>= x!4 101.0))                      (>= (+ (* 0.3596345248? x!0) (* (- 0.3596345248?) x!5))                          (- 1.0))))           (a!124 (or (not (>= x!4 102.0))                      (>= (+ (* 0.4086755963? x!0) (* (- 0.4086755963?) x!5))                          (- 1.0))))           (a!125 (or (not (>= x!4 103.0))                      (>= (+ (* 0.4644040867? x!0) (* (- 0.4644040867?) x!5))                          (- 1.0))))           (a!126 (or (not (>= x!4 104.0))                      (>= (+ (* 0.5277319168 x!0) (* (- 0.5277319168) x!5))                          (- 1.0))))           (a!127 (or (not (>= x!4 105.0))                      (>= (+ (* 0.59969536 x!0) (* (- 0.59969536) x!5)) (- 1.0))))           (a!128 (or (not (>= x!4 106.0))                      (>= (+ (* 1.1363636363? x!0) (* (- 1.1363636363?) x!5))                          (- 1.6675133187?))))           (a!129 (or (not (>= x!4 107.0))                      (>= (+ (* 0.7744 x!0) (* (- 0.7744) x!5)) (- 1.0)))))       (and a!1            (>= (+ (* 0.0004666167? x!0) (* (- 0.0004666167?) x!5)) (- 1.0))            (<= (+ x!0 (* (- 1.0) x!5)) 4000.0)            a!2            a!3            a!4            a!5            a!6            a!7            a!8            a!9            a!10            a!11            a!12            a!13            a!14            a!15            a!16            a!17            a!18            a!19            a!20            a!21            a!22            a!23            a!24            a!25            a!26            a!27            a!28            a!29            a!30            a!31            a!32            a!33            a!34            a!35            a!36            a!37            a!38            a!39            a!40            a!41            a!42            a!43            a!44            a!45            a!46            a!47            a!48            a!49            a!50            a!51            a!52            a!53            a!54            a!55            a!56            a!57            a!58            a!59            a!60            a!61            a!62            a!63            a!64            a!65            a!66            a!67            a!68            a!69            a!70            a!71            a!72            a!73            a!74            a!75            a!76            a!77            a!78            a!79            a!80            a!81            a!82            a!83            a!84            a!85            a!86            a!87            a!88            a!89            a!90            a!91            a!92            a!93            a!94            a!95            a!96            a!97            a!98            a!99            a!100            a!101            a!102            a!103            a!104            a!105            a!106            a!107            a!108            a!109            a!110            a!111            a!112            a!113            a!114            a!115            a!116            a!117            a!118            a!119            a!120            a!121            a!122            a!123            a!124            a!125            a!126            a!127            a!128            a!129))) ),85.2351
p_0.00_4000.00_0.00_2000.00_0.1200_110.00_0.50_1.00.smt2,0.00,4000.00,0.00,2000.00,0.1200,110.00,0.50,1.00,Golem,sat,3.0888
p_0.00_4000.00_0.00_2000.00_0.1200_110.00_1.00_0.50.smt2,0.00,4000.00,0.00,2000.00,0.1200,110.00,1.00,0.50,Spacer,sat (   (define-fun Inv ((x!0 Real)    (x!1 Real)    (x!2 Real)    (x!3 Real)    (x!4 Real)    (x!5 Real)) Bool     (let ((a!1 (or (not (>= x!4 108.0))                    (>= (+ (* 1.2913223140? x!0) (* (- 1.2913223140?) x!5))                        (- 0.7337058602?))))           (a!2 (or (<= x!4 0.0)                    (<= (+ (* 0.0002798279? x!0) (* (- 0.0002798279?) x!5))                        0.9849942178?)))           (a!3 (or (<= x!4 1.0)                    (<= (+ (* 1.1363636363? x!0) (* (- 1.1363636363?) x!5))                        3573.6250388546?)))           (a!4 (or (not (>= x!4 48.0))                    (<= (+ (* 0.0004106227? x!0) (* (- 0.0004106227?) x!5)) 1.0)))           (a!5 (or (<= (+ (* 1.1363636363? x!0) (* (- 1.1363636363?) x!5))                        3144.7900341920?)                    (not (>= x!4 47.0))))           (a!6 (or (not (>= x!4 49.0))                    (<= (+ (* 0.0004666167? x!0) (* (- 0.0004666167?) x!5)) 1.0)))           (a!7 (or (not (>= x!4 50.0))                    (<= (+ (* 0.0005302463? x!0) (* (- 0.0005302463?) x!5)) 1.0)))           (a!8 (or (not (>= x!4 51.0))                    (<= (+ (* 0.0006025526? x!0) (* (- 0.0006025526?) x!5)) 1.0)))           (a!9 (or (not (>= x!4 52.0))                    (<= (+ (* 0.0006847188? x!0) (* (- 0.0006847188?) x!5)) 1.0)))           (a!10 (or (not (>= x!4 53.0))                     (<= (+ (* 0.0007780896? x!0) (* (- 0.0007780896?) x!5)) 1.0)))           (a!11 (or (not (>= x!4 54.0))                     (<= (+ (* 0.0008841927? x!0) (* (- 0.0008841927?) x!5)) 1.0)))           (a!12 (or (not (>= x!4 55.0))                     (<= (+ (* 0.0010047645? x!0) (* (- 0.0010047645?) x!5)) 1.0)))           (a!13 (or (not (>= x!4 56.0))                     (<= (+ (* 0.0011417778? x!0) (* (- 0.0011417778?) x!5)) 1.0)))           (a!14 (or (not (>= x!4 57.0))                     (<= (+ (* 0.0012974748? x!0) (* (- 0.0012974748?) x!5)) 1.0)))           (a!15 (or (not (>= x!4 58.0))                     (<= (+ (* 0.0014744032? x!0) (* (- 0.0014744032?) x!5)) 1.0)))           (a!16 (or (not (>= x!4 59.0))                     (<= (+ (* 0.0016754582? x!0) (* (- 0.0016754582?) x!5)) 1.0)))           (a!17 (or (not (>= x!4 60.0))                     (<= (+ (* 0.0019039298? x!0) (* (- 0.0019039298?) x!5)) 1.0)))           (a!18 (or (not (>= x!4 61.0))                     (<= (+ (* 0.0021635566? x!0) (* (- 0.0021635566?) x!5)) 1.0)))           (a!19 (or (not (>= x!4 62.0))                     (<= (+ (* 0.0024585870? x!0) (* (- 0.0024585870?) x!5)) 1.0)))           (a!20 (or (not (>= x!4 63.0))                     (<= (+ (* 0.0027938489? x!0) (* (- 0.0027938489?) x!5)) 1.0)))           (a!21 (or (not (>= x!4 64.0))                     (<= (+ (* 0.0031748283? x!0) (* (- 0.0031748283?) x!5)) 1.0)))           (a!22 (or (not (>= x!4 65.0))                     (<= (+ (* 0.0036077594? x!0) (* (- 0.0036077594?) x!5)) 1.0)))           (a!23 (or (not (>= x!4 66.0))                     (<= (+ (* 0.0040997266? x!0) (* (- 0.0040997266?) x!5)) 1.0)))           (a!24 (or (not (>= x!4 67.0))                     (<= (+ (* 0.0046587802? x!0) (* (- 0.0046587802?) x!5)) 1.0)))           (a!25 (or (not (>= x!4 68.0))                     (<= (+ (* 0.0052940685? x!0) (* (- 0.0052940685?) x!5)) 1.0)))           (a!26 (or (not (>= x!4 69.0))                     (<= (+ (* 0.0060159869? x!0) (* (- 0.0060159869?) x!5)) 1.0)))           (a!27 (or (not (>= x!4 70.0))                     (<= (+ (* 0.0068363488? x!0) (* (- 0.0068363488?) x!5)) 1.0)))           (a!28 (or (not (>= x!4 71.0))                     (<= (+ (* 0.0077685781? x!0) (* (- 0.0077685781?) x!5)) 1.0)))           (a!29 (or (not (>= x!4 72.0))                     (<= (+ (* 0.0088279297? x!0) (* (- 0.0088279297?) x!5)) 1.0)))           (a!30 (or (not (>= x!4 73.0))                     (<= (+ (* 0.0100317383? x!0) (* (- 0.0100317383?) x!5)) 1.0)))           (a!31 (or (not (>= x!4 74.0))                     (<= (+ (* 0.0113997027? x!0) (* (- 0.0113997027?) x!5)) 1.0)))           (a!32 (or (not (>= x!4 75.0))                     (<= (+ (* 0.0129542076? x!0) (* (- 0.0129542076?) x!5)) 1.0)))           (a!33 (or (not (>= x!4 76.0))                     (<= (+ (* 0.0147206904? x!0) (* (- 0.0147206904?) x!5)) 1.0)))           (a!34 (or (not (>= x!4 77.0))                     (<= (+ (* 0.0167280573? x!0) (* (- 0.0167280573?) x!5)) 1.0)))           (a!35 (or (not (>= x!4 78.0))                     (<= (+ (* 0.0190091560? x!0) (* (- 0.0190091560?) x!5)) 1.0)))           (a!36 (or (not (>= x!4 79.0))                     (<= (+ (* 0.0216013137? x!0) (* (- 0.0216013137?) x!5)) 1.0)))           (a!37 (or (not (>= x!4 80.0))                     (<= (+ (* 0.0245469474? x!0) (* (- 0.0245469474?) x!5)) 1.0)))           (a!38 (or (not (>= x!4 81.0))                     (<= (+ (* 0.0278942584? x!0) (* (- 0.0278942584?) x!5)) 1.0)))           (a!39 (or (not (>= x!4 82.0))                     (<= (+ (* 0.0316980209? x!0) (* (- 0.0316980209?) x!5)) 1.0)))           (a!40 (or (not (>= x!4 83.0))                     (<= (+ (* 0.0360204783? x!0) (* (- 0.0360204783?) x!5)) 1.0)))           (a!41 (or (not (>= x!4 84.0))                     (<= (+ (* 0.0409323617? x!0) (* (- 0.0409323617?) x!5)) 1.0)))           (a!42 (or (not (>= x!4 85.0))                     (<= (+ (* 0.0465140474? x!0) (* (- 0.0465140474?) x!5)) 1.0)))           (a!43 (or (not (>= x!4 86.0))                     (<= (+ (* 0.0528568721? x!0) (* (- 0.0528568721?) x!5)) 1.0)))           (a!44 (or (not (>= x!4 87.0))                     (<= (+ (* 0.0600646273? x!0) (* (- 0.0600646273?) x!5)) 1.0)))           (a!45 (or (not (>= x!4 88.0))                     (<= (+ (* 0.0682552584? x!0) (* (- 0.0682552584?) x!5)) 1.0)))           (a!46 (or (not (>= x!4 89.0))                     (<= (+ (* 0.0775627936? x!0) (* (- 0.0775627936?) x!5)) 1.0)))           (a!47 (or (not (>= x!4 90.0))                     (<= (+ (* 0.0881395382? x!0) (* (- 0.0881395382?) x!5)) 1.0)))           (a!48 (or (not (>= x!4 91.0))                     (<= (+ (* 0.1001585661? x!0) (* (- 0.1001585661?) x!5)) 1.0)))           (a!49 (or (not (>= x!4 92.0))                     (<= (+ (* 0.1138165524? x!0) (* (- 0.1138165524?) x!5)) 1.0)))           (a!50 (or (not (>= x!4 93.0))                     (<= (+ (* 0.1293369914? x!0) (* (- 0.1293369914?) x!5)) 1.0)))           (a!51 (or (not (>= x!4 94.0))                     (<= (+ (* 0.1469738539? x!0) (* (- 0.1469738539?) x!5)) 1.0)))           (a!52 (or (not (>= x!4 95.0))                     (<= (+ (* 0.1670157430? x!0) (* (- 0.1670157430?) x!5)) 1.0)))           (a!53 (or (not (>= x!4 96.0))                     (<= (+ (* 0.1897906171? x!0) (* (- 0.1897906171?) x!5)) 1.0)))           (a!54 (or (not (>= x!4 97.0))                     (<= (+ (* 0.2156711558? x!0) (* (- 0.2156711558?) x!5)) 1.0)))           (a!55 (or (not (>= x!4 98.0))                     (<= (+ (* 0.2450808588? x!0) (* (- 0.2450808588?) x!5)) 1.0)))           (a!56 (or (not (>= x!4 99.0))                     (<= (+ (* 0.2785009760? x!0) (* (- 0.2785009760?) x!5)) 1.0)))           (a!57 (or (not (>= x!4 100.0))                     (<= (+ (* 0.3164783818? x!0) (* (- 0.3164783818?) x!5)) 1.0)))           (a!58 (or (not (>= x!4 101.0))                     (<= (+ (* 0.3596345248? x!0) (* (- 0.3596345248?) x!5)) 1.0)))           (a!59 (or (not (>= x!4 102.0))                     (<= (+ (* 0.4086755963? x!0) (* (- 0.4086755963?) x!5)) 1.0)))           (a!60 (or (not (>= x!4 103.0))                     (<= (+ (* 0.4644040867? x!0) (* (- 0.4644040867?) x!5)) 1.0)))           (a!61 (or (not (>= x!4 104.0))                     (<= (+ (* 0.5277319168 x!0) (* (- 0.5277319168) x!5)) 1.0)))           (a!62 (or (not (>= x!4 105.0))                     (<= (+ (* 0.59969536 x!0) (* (- 0.59969536) x!5)) 1.0)))           (a!63 (or (<= (+ (* 1.1363636363? x!0) (* (- 1.1363636363?) x!5))                         1.6675133187?)                     (not (>= x!4 106.0))))           (a!64 (or (not (>= x!4 107.0))                     (<= (+ (* 0.7744 x!0) (* (- 0.7744) x!5)) 1.0)))           (a!65 (or (not (>= x!4 108.0))                     (<= (+ (* 1.1363636363? x!0) (* (- 1.1363636363?) x!5))                         1.2913223140?)))           (a!66 (or (<= x!4 0.0)                     (>= (+ (* 0.0002798279? x!0) (* (- 0.0002798279?) x!5))                         (- 0.5))))           (a!67 (or (<= x!4 1.0)                     (>= (+ (* 0.0003179862? x!0) (* (- 0.0003179862?) x!5))                         (- 0.5))))           (a!68 (or (not (>= x!4 47.0))                     (>= (+ (* 0.0003613480? x!0) (* (- 0.0003613480?) x!5))                         (- 0.5))))           (a!69 (or (not (>= x!4 48.0))                     (>= (+ (* 1.1363636363? x!0) (* (- 1.1363636363?) x!5))                         (- 1383.7076150445?))))           (a!70 (or (not (>= x!4 49.0))                     (>= (+ (* 1.1363636363? x!0) (* (- 1.1363636363?) x!5))                         (- 1217.6627012391?))))           (a!71 (or (not (>= x!4 50.0))                     (>= (+ (* 1.1363636363? x!0) (* (- 1.1363636363?) x!5))                         (- 1071.5431770904?))))           (a!72 (or (not (>= x!4 51.0))                     (>= (+ (* 1.1363636363? x!0) (* (- 1.1363636363?) x!5))                         (- 942.9579958396?))))           (a!73 (or (not (>= x!4 53.0))                     (>= (+ (* 1.1363636363? x!0) (* (- 1.1363636363?) x!5))                         (- 730.2266719781?))))           (a!74 (or (not (>= x!4 52.0))                     (>= (+ (* 1.1363636363? x!0) (* (- 1.1363636363?) x!5))                         (- 829.8030363388?))))           (a!75 (or (not (>= x!4 54.0))                     (>= (+ (* 0.0008841927? x!0) (* (- 0.0008841927?) x!5))                         (- 0.5))))           (a!76 (or (not (>= x!4 55.0))                     (>= (+ (* 0.0010047645? x!0) (* (- 0.0010047645?) x!5))                         (- 0.5))))           (a!77 (or (not (>= x!4 56.0))                     (>= (+ (* 0.0011417778? x!0) (* (- 0.0011417778?) x!5))                         (- 0.5))))           (a!78 (or (not (>= x!4 57.0))                     (>= (+ (* 1.1363636363? x!0) (* (- 1.1363636363?) x!5))                         (- 437.9135469335?))))           (a!79 (or (not (>= x!4 58.0))                     (>= (+ (* 1.1363636363? x!0) (* (- 1.1363636363?) x!5))                         (- 385.3639213015?))))           (a!80 (or (not (>= x!4 59.0))                     (>= (+ (* 1.2913223140? x!0) (* (- 1.2913223140?) x!5))                         (- 385.3639213015?))))           (a!81 (or (not (>= x!4 60.0))                     (>= (+ (* 1.4674117205? x!0) (* (- 1.4674117205?) x!5))                         (- 385.3639213015?))))           (a!82 (or (not (>= x!4 61.0))                     (>= (+ (* 1.6675133187? x!0) (* (- 1.6675133187?) x!5))                         (- 385.3639213015?))))           (a!83 (or (not (>= x!4 62.0))                     (>= (+ (* 0.0024585870? x!0) (* (- 0.0024585870?) x!5))                         (- 0.5))))           (a!84 (or (not (>= x!4 63.0))                     (>= (+ (* 1.1363636363? x!0) (* (- 1.1363636363?) x!5))                         (- 203.3688408540?))))           (a!85 (or (not (>= x!4 64.0))                     (>= (+ (* 1.1363636363? x!0) (* (- 1.1363636363?) x!5))                         (- 178.9645799515?))))           (a!86 (or (not (>= x!4 65.0))                     (>= (+ (* 1.1363636363? x!0) (* (- 1.1363636363?) x!5))                         (- 157.4888303573?))))           (a!87 (or (not (>= x!4 66.0))                     (>= (+ (* 1.1363636363? x!0) (* (- 1.1363636363?) x!5))                         (- 138.5901707144?))))           (a!88 (or (not (>= x!4 67.0))                     (>= (+ (* 1.1363636363? x!0) (* (- 1.1363636363?) x!5))                         (- 121.9593502287?))))           (a!89 (or (not (>= x!4 68.0))                     (>= (+ (* 1.1363636363? x!0) (* (- 1.1363636363?) x!5))                         (- 107.3242282012?))))           (a!90 (or (not (>= x!4 69.0))                     (>= (+ (* 1.1363636363? x!0) (* (- 1.1363636363?) x!5))                         (- 94.4453208171?))))           (a!91 (or (not (>= x!4 70.0))                     (>= (+ (* 1.1363636363? x!0) (* (- 1.1363636363?) x!5))                         (- 83.1118823190?))))           (a!92 (or (not (>= x!4 71.0))                     (>= (+ (* 1.1363636363? x!0) (* (- 1.1363636363?) x!5))                         (- 73.1384564407?))))           (a!93 (or (not (>= x!4 72.0))                     (>= (+ (* 1.1363636363? x!0) (* (- 1.1363636363?) x!5))                         (- 64.3618416678?))))           (a!94 (or (not (>= x!4 73.0))                     (>= (+ (* 1.1363636363? x!0) (* (- 1.1363636363?) x!5))                         (- 56.6384206677?))))           (a!95 (or (not (>= x!4 74.0))                     (>= (+ (* 1.1363636363? x!0) (* (- 1.1363636363?) x!5))                         (- 49.8418101876?))))           (a!96 (or (not (>= x!4 75.0))                     (>= (+ (* 1.1363636363? x!0) (* (- 1.1363636363?) x!5))                         (- 43.8607929651?))))           (a!97 (or (not (>= x!4 76.0))                     (>= (+ (* 1.1363636363? x!0) (* (- 1.1363636363?) x!5))                         (- 38.5974978092?))))           (a!98 (or (not (>= x!4 77.0))                     (>= (+ (* 1.1363636363? x!0) (* (- 1.1363636363?) x!5))                         (- 33.9657980721?))))           (a!99 (or (not (>= x!4 78.0))                     (>= (+ (* 1.1363636363? x!0) (* (- 1.1363636363?) x!5))                         (- 29.8899023035?))))           (a!100 (or (not (>= x!4 79.0))                      (>= (+ (* 1.1363636363? x!0) (* (- 1.1363636363?) x!5))                          (- 26.3031140270?))))           (a!101 (or (not (>= x!4 80.0))                      (>= (+ (* 1.1363636363? x!0) (* (- 1.1363636363?) x!5))                          (- 23.1467403438?))))           (a!102 (or (not (>= x!4 81.0))                      (>= (+ (* 1.1363636363? x!0) (* (- 1.1363636363?) x!5))                          (- 20.3691315025?))))           (a!103 (or (not (>= x!4 82.0))                      (>= (+ (* 1.1363636363? x!0) (* (- 1.1363636363?) x!5))                          (- 17.9248357222?))))           (a!104 (or (not (>= x!4 83.0))                      (>= (+ (* 1.1363636363? x!0) (* (- 1.1363636363?) x!5))                          (- 15.7738554355?))))           (a!105 (or (not (>= x!4 84.0))                      (>= (+ (* 1.1363636363? x!0) (* (- 1.1363636363?) x!5))                          (- 13.8809927833?))))           (a!106 (or (not (>= x!4 85.0))                      (>= (+ (* 1.1363636363? x!0) (* (- 1.1363636363?) x!5))                          (- 12.2152736493?))))           (a!107 (or (not (>= x!4 86.0))                      (>= (+ (* 1.1363636363? x!0) (* (- 1.1363636363?) x!5))                          (- 10.7494408114?))))           (a!108 (or (not (>= x!4 87.0))                      (>= (+ (* 1.1363636363? x!0) (* (- 1.1363636363?) x!5))                          (- 9.4595079140?))))           (a!109 (or (not (>= x!4 88.0))                      (>= (+ (* 1.1363636363? x!0) (* (- 1.1363636363?) x!5))                          (- 8.3243669643?))))           (a!110 (or (not (>= x!4 89.0))                      (>= (+ (* 1.1363636363? x!0) (* (- 1.1363636363?) x!5))                          (- 7.3254429286?))))           (a!111 (or (not (>= x!4 90.0))                      (>= (+ (* 1.1363636363? x!0) (* (- 1.1363636363?) x!5))                          (- 6.4463897771?))))           (a!112 (or (not (>= x!4 91.0))                      (>= (+ (* 1.1363636363? x!0) (* (- 1.1363636363?) x!5))                          (- 5.6728230039?))))           (a!113 (or (not (>= x!4 92.0))                      (>= (+ (* 1.1363636363? x!0) (* (- 1.1363636363?) x!5))                          (- 4.9920842434?))))           (a!114 (or (not (>= x!4 93.0))                      (>= (+ (* 1.1363636363? x!0) (* (- 1.1363636363?) x!5))                          (- 4.3930341342?))))           (a!115 (or (not (>= x!4 94.0))                      (>= (+ (* 1.1363636363? x!0) (* (- 1.1363636363?) x!5))                          (- 3.8658700381?))))           (a!116 (or (not (>= x!4 95.0))                      (>= (+ (* 1.1363636363? x!0) (* (- 1.1363636363?) x!5))                          (- 3.4019656335?))))           (a!117 (or (not (>= x!4 96.0))                      (>= (+ (* 1.1363636363? x!0) (* (- 1.1363636363?) x!5))                          (- 2.9937297575?))))           (a!118 (or (not (>= x!4 97.0))                      (>= (+ (* 1.1363636363? x!0) (* (- 1.1363636363?) x!5))                          (- 2.6344821866?))))           (a!119 (or (not (>= x!4 98.0))                      (>= (+ (* 1.1363636363? x!0) (* (- 1.1363636363?) x!5))                          (- 2.3183443242?))))           (a!120 (or (not (>= x!4 99.0))                      (>= (+ (* 1.2913223140? x!0) (* (- 1.2913223140?) x!5))                          (- 2.3183443242?))))           (a!121 (or (not (>= x!4 100.0))                      (>= (+ (* 0.3164783818? x!0) (* (- 0.3164783818?) x!5))                          (- 0.5))))           (a!122 (or (not (>= x!4 101.0))                      (>= (+ (* 0.3596345248? x!0) (* (- 0.3596345248?) x!5))                          (- 0.5))))           (a!123 (or (not (>= x!4 102.0))                      (>= (+ (* 1.1363636363? x!0) (* (- 1.1363636363?) x!5))                          (- 1.3903003341?))))           (a!124 (or (not (>= x!4 103.0))                      (>= (+ (* 1.1363636363? x!0) (* (- 1.1363636363?) x!5))                          (- 1.2234642940?))))           (a!125 (or (not (>= x!4 104.0))                      (>= (+ (* 1.1363636363? x!0) (* (- 1.1363636363?) x!5))                          (- 1.0766485787?))))           (a!126 (or (not (>= x!4 105.0))                      (>= (+ (* 1.1363636363? x!0) (* (- 1.1363636363?) x!5))                          (- 0.9474507492?))))           (a!127 (or (not (>= x!4 106.0))                      (>= (+ (* 1.2913223140? x!0) (* (- 1.2913223140?) x!5))                          (- 0.9474507492?))))           (a!128 (or (not (>= x!4 107.0))                      (>= (+ (* 1.1363636363? x!0) (* (- 1.1363636363?) x!5))                          (- 0.7337058602?)))))       (and a!1            (<= (+ x!0 (* (- 1.0) x!5)) 4000.0)            a!2            a!3            a!4            a!5            a!6            a!7            a!8            a!9            a!10            a!11            a!12            a!13            a!14            a!15            a!16            a!17            a!18            a!19            a!20            a!21            a!22            a!23            a!24            a!25            a!26            a!27            a!28            a!29            a!30            a!31            a!32            a!33            a!34            a!35            a!36            a!37            a!38            a!39            a!40            a!41            a!42            a!43            a!44            a!45            a!46            a!47            a!48            a!49            a!50            a!51            a!52            a!53            a!54            a!55            a!56            a!57            a!58            a!59            a!60            a!61            a!62            a!63            a!64            a!65            (>= (+ (* 0.0002462485? x!0) (* (- 0.0002462485?) x!5)) (- 0.5))            a!66            a!67            a!68            a!69            a!70            a!71            a!72            a!73            a!74            a!75            a!76            a!77            a!78            a!79            a!80            a!81            a!82            a!83            a!84            a!85            a!86            a!87            a!88            a!89            a!90            a!91            a!92            a!93            a!94            a!95            a!96            a!97            a!98            a!99            a!100            a!101            a!102            a!103            a!104            a!105            a!106            a!107            a!108            a!109            a!110            a!111            a!112            a!113            a!114            a!115            a!116            a!117            a!118            a!119            a!120            a!121            a!122            a!123            a!124            a!125            a!126            a!127            a!128))) ),73.6349
p_0.00_4000.00_0.00_2000.00_0.1200_110.00_1.00_0.50.smt2,0.00,4000.00,0.00,2000.00,0.1200,110.00,1.00,0.50,Golem,sat,3.0779
p_0.00_4000.00_0.00_2000.00_0.1200_110.00_1.00_1.00.smt2,0.00,4000.00,0.00,2000.00,0.1200,110.00,1.00,1.00,Spacer,sat (   (define-fun Inv ((x!0 Real)    (x!1 Real)    (x!2 Real)    (x!3 Real)    (x!4 Real)    (x!5 Real)) Bool     (let ((a!1 (or (not (>= x!4 108.0))                    (>= (+ (* 1.1363636363? x!0) (* (- 1.1363636363?) x!5))                        (- 1.2913223140?))))           (a!2 (or (<= x!4 0.0)                    (<= (+ (* 0.0002798279? x!0) (* (- 0.0002798279?) x!5))                        0.9849942178?)))           (a!3 (or (<= x!4 1.0)                    (<= (+ (* 1.1363636363? x!0) (* (- 1.1363636363?) x!5))                        3573.6250388546?)))           (a!4 (or (not (>= x!4 48.0))                    (<= (+ (* 0.0004106227? x!0) (* (- 0.0004106227?) x!5)) 1.0)))           (a!5 (or (not (>= x!4 47.0))                    (<= (+ (* 1.1363636363? x!0) (* (- 1.1363636363?) x!5))                        3144.7900341920?)))           (a!6 (or (not (>= x!4 49.0))                    (<= (+ (* 0.0004666167? x!0) (* (- 0.0004666167?) x!5)) 1.0)))           (a!7 (or (not (>= x!4 50.0))                    (<= (+ (* 0.0005302463? x!0) (* (- 0.0005302463?) x!5)) 1.0)))           (a!8 (or (not (>= x!4 51.0))                    (<= (+ (* 0.0006025526? x!0) (* (- 0.0006025526?) x!5)) 1.0)))           (a!9 (or (not (>= x!4 52.0))                    (<= (+ (* 0.0006847188? x!0) (* (- 0.0006847188?) x!5)) 1.0)))           (a!10 (or (not (>= x!4 53.0))                     (<= (+ (* 0.0007780896? x!0) (* (- 0.0007780896?) x!5)) 1.0)))           (a!11 (or (not (>= x!4 54.0))                     (<= (+ (* 0.0008841927? x!0) (* (- 0.0008841927?) x!5)) 1.0)))           (a!12 (or (not (>= x!4 55.0))                     (<= (+ (* 0.0010047645? x!0) (* (- 0.0010047645?) x!5)) 1.0)))           (a!13 (or (not (>= x!4 56.0))                     (<= (+ (* 0.0011417778? x!0) (* (- 0.0011417778?) x!5)) 1.0)))           (a!14 (or (not (>= x!4 57.0))                     (<= (+ (* 0.0012974748? x!0) (* (- 0.0012974748?) x!5)) 1.0)))           (a!15 (or (not (>= x!4 58.0))                     (<= (+ (* 0.0014744032? x!0) (* (- 0.0014744032?) x!5)) 1.0)))           (a!16 (or (not (>= x!4 59.0))                     (<= (+ (* 0.0016754582? x!0) (* (- 0.0016754582?) x!5)) 1.0)))           (a!17 (or (not (>= x!4 60.0))                     (<= (+ (* 0.0019039298? x!0) (* (- 0.0019039298?) x!5)) 1.0)))           (a!18 (or (not (>= x!4 61.0))                     (<= (+ (* 0.0021635566? x!0) (* (- 0.0021635566?) x!5)) 1.0)))           (a!19 (or (not (>= x!4 62.0))                     (<= (+ (* 0.0024585870? x!0) (* (- 0.0024585870?) x!5)) 1.0)))           (a!20 (or (not (>= x!4 63.0))                     (<= (+ (* 0.0027938489? x!0) (* (- 0.0027938489?) x!5)) 1.0)))           (a!21 (or (not (>= x!4 64.0))                     (<= (+ (* 0.0031748283? x!0) (* (- 0.0031748283?) x!5)) 1.0)))           (a!22 (or (not (>= x!4 65.0))                     (<= (+ (* 0.0036077594? x!0) (* (- 0.0036077594?) x!5)) 1.0)))           (a!23 (or (not (>= x!4 66.0))                     (<= (+ (* 0.0040997266? x!0) (* (- 0.0040997266?) x!5)) 1.0)))           (a!24 (or (not (>= x!4 67.0))                     (<= (+ (* 0.0046587802? x!0) (* (- 0.0046587802?) x!5)) 1.0)))           (a!25 (or (not (>= x!4 68.0))                     (<= (+ (* 0.0052940685? x!0) (* (- 0.0052940685?) x!5)) 1.0)))           (a!26 (or (not (>= x!4 69.0))                     (<= (+ (* 0.0060159869? x!0) (* (- 0.0060159869?) x!5)) 1.0)))           (a!27 (or (not (>= x!4 70.0))                     (<= (+ (* 0.0068363488? x!0) (* (- 0.0068363488?) x!5)) 1.0)))           (a!28 (or (not (>= x!4 71.0))                     (<= (+ (* 0.0077685781? x!0) (* (- 0.0077685781?) x!5)) 1.0)))           (a!29 (or (not (>= x!4 72.0))                     (<= (+ (* 0.0088279297? x!0) (* (- 0.0088279297?) x!5)) 1.0)))           (a!30 (or (not (>= x!4 73.0))                     (<= (+ (* 0.0100317383? x!0) (* (- 0.0100317383?) x!5)) 1.0)))           (a!31 (or (not (>= x!4 74.0))                     (<= (+ (* 0.0113997027? x!0) (* (- 0.0113997027?) x!5)) 1.0)))           (a!32 (or (not (>= x!4 75.0))                     (<= (+ (* 0.0129542076? x!0) (* (- 0.0129542076?) x!5)) 1.0)))           (a!33 (or (not (>= x!4 76.0))                     (<= (+ (* 0.0147206904? x!0) (* (- 0.0147206904?) x!5)) 1.0)))           (a!34 (or (not (>= x!4 77.0))                     (<= (+ (* 0.0167280573? x!0) (* (- 0.0167280573?) x!5)) 1.0)))           (a!35 (or (not (>= x!4 78.0))                     (<= (+ (* 0.0190091560? x!0) (* (- 0.0190091560?) x!5)) 1.0)))           (a!36 (or (not (>= x!4 79.0))                     (<= (+ (* 0.0216013137? x!0) (* (- 0.0216013137?) x!5)) 1.0)))           (a!37 (or (not (>= x!4 80.0))                     (<= (+ (* 0.0245469474? x!0) (* (- 0.0245469474?) x!5)) 1.0)))           (a!38 (or (not (>= x!4 81.0))                     (<= (+ (* 0.0278942584? x!0) (* (- 0.0278942584?) x!5)) 1.0)))           (a!39 (or (not (>= x!4 82.0))                     (<= (+ (* 0.0316980209? x!0) (* (- 0.0316980209?) x!5)) 1.0)))           (a!40 (or (not (>= x!4 83.0))                     (<= (+ (* 0.0360204783? x!0) (* (- 0.0360204783?) x!5)) 1.0)))           (a!41 (or (not (>= x!4 84.0))                     (<= (+ (* 0.0409323617? x!0) (* (- 0.0409323617?) x!5)) 1.0)))           (a!42 (or (not (>= x!4 85.0))                     (<= (+ (* 0.0465140474? x!0) (* (- 0.0465140474?) x!5)) 1.0)))           (a!43 (or (not (>= x!4 86.0))                     (<= (+ (* 0.0528568721? x!0) (* (- 0.0528568721?) x!5)) 1.0)))           (a!44 (or (not (>= x!4 87.0))                     (<= (+ (* 0.0600646273? x!0) (* (- 0.0600646273?) x!5)) 1.0)))           (a!45 (or (not (>= x!4 88.0))                     (<= (+ (* 0.0682552584? x!0) (* (- 0.0682552584?) x!5)) 1.0)))           (a!46 (or (not (>= x!4 89.0))                     (<= (+ (* 0.0775627936? x!0) (* (- 0.0775627936?) x!5)) 1.0)))           (a!47 (or (not (>= x!4 90.0))                     (<= (+ (* 0.0881395382? x!0) (* (- 0.0881395382?) x!5)) 1.0)))           (a!48 (or (not (>= x!4 91.0))                     (<= (+ (* 0.1001585661? x!0) (* (- 0.1001585661?) x!5)) 1.0)))           (a!49 (or (not (>= x!4 92.0))                     (<= (+ (* 0.1138165524? x!0) (* (- 0.1138165524?) x!5)) 1.0)))           (a!50 (or (not (>= x!4 93.0))                     (<= (+ (* 0.1293369914? x!0) (* (- 0.1293369914?) x!5)) 1.0)))           (a!51 (or (not (>= x!4 94.0))                     (<= (+ (* 0.1469738539? x!0) (* (- 0.1469738539?) x!5)) 1.0)))           (a!52 (or (not (>= x!4 95.0))                     (<= (+ (* 0.1670157430? x!0) (* (- 0.1670157430?) x!5)) 1.0)))           (a!53 (or (not (>= x!4 96.0))                     (<= (+ (* 0.1897906171? x!0) (* (- 0.1897906171?) x!5)) 1.0)))           (a!54 (or (not (>= x!4 97.0))                     (<= (+ (* 0.2156711558? x!0) (* (- 0.2156711558?) x!5)) 1.0)))           (a!55 (or (not (>= x!4 98.0))                     (<= (+ (* 0.2450808588? x!0) (* (- 0.2450808588?) x!5)) 1.0)))           (a!56 (or (not (>= x!4 99.0))                     (<= (+ (* 0.2785009760? x!0) (* (- 0.2785009760?) x!5)) 1.0)))           (a!57 (or (not (>= x!4 100.0))                     (<= (+ (* 0.3164783818? x!0) (* (- 0.3164783818?) x!5)) 1.0)))           (a!58 (or (not (>= x!4 101.0))                     (<= (+ (* 0.3596345248? x!0) (* (- 0.3596345248?) x!5)) 1.0)))           (a!59 (or (not (>= x!4 102.0))                     (<= (+ (* 0.4086755963? x!0) (* (- 0.4086755963?) x!5)) 1.0)))           (a!60 (or (not (>= x!4 103.0))                     (<= (+ (* 0.4644040867? x!0) (* (- 0.4644040867?) x!5)) 1.0)))           (a!61 (or (not (>= x!4 104.0))                     (<= (+ (* 0.5277319168 x!0) (* (- 0.5277319168) x!5)) 1.0)))           (a!62 (or (not (>= x!4 105.0))                     (<= (+ (* 0.59969536 x!0) (* (- 0.59969536) x!5)) 1.0)))           (a!63 (or (<= (+ (* 1.1363636363? x!0) (* (- 1.1363636363?) x!5))                         1.6675133187?)                     (not (>= x!4 106.0))))           (a!64 (or (not (>= x!4 107.0))                     (<= (+ (* 0.7744 x!0) (* (- 0.7744) x!5)) 1.0)))           (a!65 (or (not (>= x!4 108.0))                     (<= (+ (* 1.1363636363? x!0) (* (- 1.1363636363?) x!5))                         1.2913223140?)))           (a!66 (or (<= x!4 0.0)                     (>= (+ (* 0.0005302463? x!0) (* (- 0.0005302463?) x!5))                         (- 1.0))))           (a!67 (or (not (>= x!4 52.0))                     (>= (+ (* 0.0006847188? x!0) (* (- 0.0006847188?) x!5))                         (- 1.0))))           (a!68 (or (not (>= x!4 51.0))                     (>= (+ (* 0.0006025526? x!0) (* (- 0.0006025526?) x!5))                         (- 1.0))))           (a!69 (or (not (>= x!4 53.0))                     (>= (+ (* 1.1363636363? x!0) (* (- 1.1363636363?) x!5))                         (- 1460.4533439563?))))           (a!70 (or (not (>= x!4 54.0))                     (>= (+ (* 1.1363636363? x!0) (* (- 1.1363636363?) x!5))                         (- 1285.1989426816?))))           (a!71 (or (not (>= x!4 55.0))                     (>= (+ (* 1.2913223140? x!0) (* (- 1.2913223140?) x!5))                         (- 1285.1989426816?))))           (a!72 (or (not (>= x!4 56.0))                     (>= (+ (* 0.0011417778? x!0) (* (- 0.0011417778?) x!5))                         (- 1.0))))           (a!73 (or (>= (+ (* 0.0012974748? x!0) (* (- 0.0012974748?) x!5))                         (- 1.0))                     (not (>= x!4 57.0))))           (a!74 (or (not (>= x!4 58.0))                     (>= (+ (* 0.0014744032? x!0) (* (- 0.0014744032?) x!5))                         (- 1.0))))           (a!75 (or (not (>= x!4 59.0))                     (>= (+ (* 1.1363636363? x!0) (* (- 1.1363636363?) x!5))                         (- 678.2405014907?))))           (a!76 (or (not (>= x!4 60.0))                     (>= (+ (* 1.1363636363? x!0) (* (- 1.1363636363?) x!5))                         (- 596.8516413118?))))           (a!77 (or (not (>= x!4 61.0))                     (>= (+ (* 1.1363636363? x!0) (* (- 1.1363636363?) x!5))                         (- 525.2294443544?))))           (a!78 (or (not (>= x!4 62.0))                     (>= (+ (* 1.1363636363? x!0) (* (- 1.1363636363?) x!5))                         (- 462.2019110318?))))           (a!79 (or (not (>= x!4 63.0))                     (>= (+ (* 1.1363636363? x!0) (* (- 1.1363636363?) x!5))                         (- 406.7376817080?))))           (a!80 (or (not (>= x!4 64.0))                     (>= (+ (* 1.1363636363? x!0) (* (- 1.1363636363?) x!5))                         (- 357.9291599030?))))           (a!81 (or (not (>= x!4 65.0))                     (>= (+ (* 1.1363636363? x!0) (* (- 1.1363636363?) x!5))                         (- 314.9776607147?))))           (a!82 (or (not (>= x!4 66.0))                     (>= (+ (* 1.1363636363? x!0) (* (- 1.1363636363?) x!5))                         (- 277.1803414289?))))           (a!83 (or (not (>= x!4 67.0))                     (>= (+ (* 1.1363636363? x!0) (* (- 1.1363636363?) x!5))                         (- 243.9187004574?))))           (a!84 (or (not (>= x!4 68.0))                     (>= (+ (* 1.1363636363? x!0) (* (- 1.1363636363?) x!5))                         (- 214.6484564025?))))           (a!85 (or (not (>= x!4 69.0))                     (>= (+ (* 1.1363636363? x!0) (* (- 1.1363636363?) x!5))                         (- 188.8906416342?))))           (a!86 (or (not (>= x!4 70.0))                     (>= (+ (* 1.1363636363? x!0) (* (- 1.1363636363?) x!5))                         (- 166.2237646381?))))           (a!87 (or (not (>= x!4 71.0))                     (>= (+ (* 1.1363636363? x!0) (* (- 1.1363636363?) x!5))                         (- 146.2769128815?))))           (a!88 (or (not (>= x!4 72.0))                     (>= (+ (* 1.1363636363? x!0) (* (- 1.1363636363?) x!5))                         (- 128.7236833357?))))           (a!89 (or (not (>= x!4 73.0))                     (>= (+ (* 1.1363636363? x!0) (* (- 1.1363636363?) x!5))                         (- 113.2768413354?))))           (a!90 (or (not (>= x!4 74.0))                     (>= (+ (* 1.1363636363? x!0) (* (- 1.1363636363?) x!5))                         (- 99.6836203752?))))           (a!91 (or (not (>= x!4 75.0))                     (>= (+ (* 1.1363636363? x!0) (* (- 1.1363636363?) x!5))                         (- 87.7215859302?))))           (a!92 (or (not (>= x!4 76.0))                     (>= (+ (* 1.1363636363? x!0) (* (- 1.1363636363?) x!5))                         (- 77.1949956185?))))           (a!93 (or (not (>= x!4 77.0))                     (>= (+ (* 1.1363636363? x!0) (* (- 1.1363636363?) x!5))                         (- 67.9315961443?))))           (a!94 (or (not (>= x!4 78.0))                     (>= (+ (* 1.1363636363? x!0) (* (- 1.1363636363?) x!5))                         (- 59.7798046070?))))           (a!95 (or (not (>= x!4 79.0))                     (>= (+ (* 1.1363636363? x!0) (* (- 1.1363636363?) x!5))                         (- 52.6062280541?))))           (a!96 (or (not (>= x!4 80.0))                     (>= (+ (* 1.1363636363? x!0) (* (- 1.1363636363?) x!5))                         (- 46.2934806876?))))           (a!97 (or (not (>= x!4 81.0))                     (>= (+ (* 1.1363636363? x!0) (* (- 1.1363636363?) x!5))                         (- 40.7382630051?))))           (a!98 (or (not (>= x!4 82.0))                     (>= (+ (* 1.1363636363? x!0) (* (- 1.1363636363?) x!5))                         (- 35.8496714445?))))           (a!99 (or (not (>= x!4 83.0))                     (>= (+ (* 1.1363636363? x!0) (* (- 1.1363636363?) x!5))                         (- 31.5477108711?))))           (a!100 (or (not (>= x!4 84.0))                      (>= (+ (* 1.1363636363? x!0) (* (- 1.1363636363?) x!5))                          (- 27.7619855666?))))           (a!101 (or (not (>= x!4 85.0))                      (>= (+ (* 1.1363636363? x!0) (* (- 1.1363636363?) x!5))                          (- 24.4305472986?))))           (a!102 (or (not (>= x!4 86.0))                      (>= (+ (* 1.1363636363? x!0) (* (- 1.1363636363?) x!5))                          (- 21.4988816228?))))           (a!103 (or (not (>= x!4 87.0))                      (>= (+ (* 1.1363636363? x!0) (* (- 1.1363636363?) x!5))                          (- 18.9190158280?))))           (a!104 (or (not (>= x!4 88.0))                      (>= (+ (* 1.1363636363? x!0) (* (- 1.1363636363?) x!5))                          (- 16.6487339287?))))           (a!105 (or (not (>= x!4 89.0))                      (>= (+ (* 1.1363636363? x!0) (* (- 1.1363636363?) x!5))                          (- 14.6508858572?))))           (a!106 (or (not (>= x!4 90.0))                      (>= (+ (* 1.1363636363? x!0) (* (- 1.1363636363?) x!5))                          (- 12.8927795543?))))           (a!107 (or (not (>= x!4 91.0))                      (>= (+ (* 1.1363636363? x!0) (* (- 1.1363636363?) x!5))                          (- 11.3456460078?))))           (a!108 (or (not (>= x!4 92.0))                      (>= (+ (* 1.1363636363? x!0) (* (- 1.1363636363?) x!5))                          (- 9.9841684869?))))           (a!109 (or (not (>= x!4 93.0))                      (>= (+ (* 1.1363636363? x!0) (* (- 1.1363636363?) x!5))                          (- 8.7860682684?))))           (a!110 (or (not (>= x!4 94.0))                      (>= (+ (* 1.1363636363? x!0) (* (- 1.1363636363?) x!5))                          (- 7.7317400762?))))           (a!111 (or (not (>= x!4 95.0))                      (>= (+ (* 1.1363636363? x!0) (* (- 1.1363636363?) x!5))                          (- 6.8039312671?))))           (a!112 (or (not (>= x!4 96.0))                      (>= (+ (* 1.1363636363? x!0) (* (- 1.1363636363?) x!5))                          (- 5.9874595150?))))           (a!113 (or (not (>= x!4 97.0))                      (>= (+ (* 0.2156711558? x!0) (* (- 0.2156711558?) x!5))                          (- 1.0))))           (a!114 (or (not (>= x!4 98.0))                      (>= (+ (* 1.1363636363? x!0) (* (- 1.1363636363?) x!5))                          (- 4.6366886484?))))           (a!115 (or (not (>= x!4 99.0))                      (>= (+ (* 0.2785009760? x!0) (* (- 0.2785009760?) x!5))                          (- 1.0))))           (a!116 (or (not (>= x!4 100.0))                      (>= (+ (* 0.3164783818? x!0) (* (- 0.3164783818?) x!5))                          (- 1.0))))           (a!117 (or (not (>= x!4 101.0))                      (>= (+ (* 0.3596345248? x!0) (* (- 0.3596345248?) x!5))                          (- 1.0))))           (a!118 (or (not (>= x!4 102.0))                      (>= (+ (* 0.4086755963? x!0) (* (- 0.4086755963?) x!5))                          (- 1.0))))           (a!119 (or (not (>= x!4 103.0))                      (>= (+ (* 0.4644040867? x!0) (* (- 0.4644040867?) x!5))                          (- 1.0))))           (a!120 (or (not (>= x!4 104.0))                      (>= (+ (* 1.1363636363? x!0) (* (- 1.1363636363?) x!5))                          (- 2.1532971574?))))           (a!121 (or (not (>= x!4 105.0))                      (>= (+ (* 1.1363636363? x!0) (* (- 1.1363636363?) x!5))                          (- 1.8949014985?))))           (a!122 (or (not (>= x!4 106.0))                      (>= (+ (* 1.2913223140? x!0) (* (- 1.2913223140?) x!5))                          (- 1.8949014985?))))           (a!123 (or (not (>= x!4 107.0))                      (>= (+ (* 1.4674117205? x!0) (* (- 1.4674117205?) x!5))                          (- 1.8949014985?)))))       (and a!1            (<= (+ x!0 (* (- 1.0) x!5)) 4000.0)            a!2            a!3            a!4            a!5            a!6            a!7            a!8            a!9            a!10            a!11            a!12            a!13            a!14            a!15            a!16            a!17            a!18            a!19            a!20            a!21            a!22            a!23            a!24            a!25            a!26            a!27            a!28            a!29            a!30            a!31            a!32            a!33            a!34            a!35            a!36            a!37            a!38            a!39            a!40            a!41            a!42            a!43            a!44            a!45            a!46            a!47            a!48            a!49            a!50            a!51            a!52            a!53            a!54            a!55            a!56            a!57            a!58            a!59            a!60            a!61            a!62            a!63            a!64            a!65            (>= (+ (* 0.0004666167? x!0) (* (- 0.0004666167?) x!5)) (- 1.0))            a!66            a!67            a!68            a!69            a!70            a!71            a!72            a!73            a!74            a!75            a!76            a!77            a!78            a!79            a!80            a!81            a!82            a!83            a!84            a!85            a!86            a!87            a!88            a!89            a!90            a!91            a!92            a!93            a!94            a!95            a!96            a!97            a!98            a!99            a!100            a!101            a!102            a!103            a!104            a!105            a!106            a!107            a!108            a!109            a!110            a!111            a!112            a!113            a!114            a!115            a!116            a!117            a!118            a!119            a!120            a!121            a!122            a!123))) ),70.0948
p_0.00_4000.00_0.00_2000.00_0.1200_110.00_1.00_1.00.smt2,0.00,4000.00,0.00,2000.00,0.1200,110.00,1.00,1.00,Golem,sat,3.0661
p_0.00_4000.00_0.00_2000.00_0.1200_2582.50_0.50_0.50.smt2,0.00,4000.00,0.00,2000.00,0.1200,2582.50,0.50,0.50,Spacer,TIMEOUT,319.1786
p_0.00_4000.00_0.00_2000.00_0.1200_2582.50_0.50_0.50.smt2,0.00,4000.00,0.00,2000.00,0.1200,2582.50,0.50,0.50,Golem,TIMEOUT,321.5495
p_0.00_4000.00_0.00_2000.00_0.1200_2582.50_0.50_1.00.smt2,0.00,4000.00,0.00,2000.00,0.1200,2582.50,0.50,1.00,Spacer,TIMEOUT,319.7026
p_0.00_4000.00_0.00_2000.00_0.1200_2582.50_0.50_1.00.smt2,0.00,4000.00,0.00,2000.00,0.1200,2582.50,0.50,1.00,Golem,TIMEOUT,320.2627
p_0.00_4000.00_0.00_2000.00_0.1200_2582.50_1.00_0.50.smt2,0.00,4000.00,0.00,2000.00,0.1200,2582.50,1.00,0.50,Spacer,TIMEOUT,322.2360
p_0.00_4000.00_0.00_2000.00_0.1200_2582.50_1.00_0.50.smt2,0.00,4000.00,0.00,2000.00,0.1200,2582.50,1.00,0.50,Golem,TIMEOUT,320.1171
p_0.00_4000.00_0.00_2000.00_0.1200_2582.50_1.00_1.00.smt2,0.00,4000.00,0.00,2000.00,0.1200,2582.50,1.00,1.00,Spacer,TIMEOUT,320.2792
p_0.00_4000.00_0.00_2000.00_0.1200_2582.50_1.00_1.00.smt2,0.00,4000.00,0.00,2000.00,0.1200,2582.50,1.00,1.00,Golem,TIMEOUT,323.1453
p_0.00_4000.00_0.00_2000.00_0.1200_5055.00_0.50_0.50.smt2,0.00,4000.00,0.00,2000.00,0.1200,5055.00,0.50,0.50,Spacer,TIMEOUT,319.6989
p_0.00_4000.00_0.00_2000.00_0.1200_5055.00_0.50_0.50.smt2,0.00,4000.00,0.00,2000.00,0.1200,5055.00,0.50,0.50,Golem,TIMEOUT,319.5172
p_0.00_4000.00_0.00_2000.00_0.1200_5055.00_0.50_1.00.smt2,0.00,4000.00,0.00,2000.00,0.1200,5055.00,0.50,1.00,Spacer,TIMEOUT,320.1788
p_0.00_4000.00_0.00_2000.00_0.1200_5055.00_0.50_1.00.smt2,0.00,4000.00,0.00,2000.00,0.1200,5055.00,0.50,1.00,Golem,TIMEOUT,323.2328
p_0.00_4000.00_0.00_2000.00_0.1200_5055.00_1.00_0.50.smt2,0.00,4000.00,0.00,2000.00,0.1200,5055.00,1.00,0.50,Spacer,TIMEOUT,320.4393
p_0.00_4000.00_0.00_2000.00_0.1200_5055.00_1.00_0.50.smt2,0.00,4000.00,0.00,2000.00,0.1200,5055.00,1.00,0.50,Golem,TIMEOUT,319.6740
p_0.00_4000.00_0.00_2000.00_0.1200_5055.00_1.00_1.00.smt2,0.00,4000.00,0.00,2000.00,0.1200,5055.00,1.00,1.00,Spacer,TIMEOUT,323.1415
p_0.00_4000.00_0.00_2000.00_0.1200_5055.00_1.00_1.00.smt2,0.00,4000.00,0.00,2000.00,0.1200,5055.00,1.00,1.00,Golem,TIMEOUT,323.0953
p_0.00_4000.00_0.00_2000.00_0.1200_7527.50_0.50_0.50.smt2,0.00,4000.00,0.00,2000.00,0.1200,7527.50,0.50,0.50,Spacer,TIMEOUT,323.2872
p_0.00_4000.00_0.00_2000.00_0.1200_7527.50_0.50_0.50.smt2,0.00,4000.00,0.00,2000.00,0.1200,7527.50,0.50,0.50,Golem,TIMEOUT,324.7523
p_0.00_4000.00_0.00_2000.00_0.1200_7527.50_0.50_1.00.smt2,0.00,4000.00,0.00,2000.00,0.1200,7527.50,0.50,1.00,Spacer,TIMEOUT,322.9118
p_0.00_4000.00_0.00_2000.00_0.1200_7527.50_0.50_1.00.smt2,0.00,4000.00,0.00,2000.00,0.1200,7527.50,0.50,1.00,Golem,TIMEOUT,323.6336
p_0.00_4000.00_0.00_2000.00_0.1200_7527.50_1.00_0.50.smt2,0.00,4000.00,0.00,2000.00,0.1200,7527.50,1.00,0.50,Spacer,TIMEOUT,327.3958
p_0.00_4000.00_0.00_2000.00_0.1200_7527.50_1.00_0.50.smt2,0.00,4000.00,0.00,2000.00,0.1200,7527.50,1.00,0.50,Golem,TIMEOUT,323.3262
p_0.00_4000.00_0.00_2000.00_0.1200_7527.50_1.00_1.00.smt2,0.00,4000.00,0.00,2000.00,0.1200,7527.50,1.00,1.00,Spacer,TIMEOUT,323.5822
p_0.00_4000.00_0.00_2000.00_0.1200_7527.50_1.00_1.00.smt2,0.00,4000.00,0.00,2000.00,0.1200,7527.50,1.00,1.00,Golem,TIMEOUT,323.4821
p_2000.00_2000.00_0.00_2000.00_0.0800_10000.00_0.50_0.50.smt2,2000.00,2000.00,0.00,2000.00,0.0800,10000.00,0.50,0.50,Spacer,TIMEOUT,327.5618
p_2000.00_2000.00_0.00_2000.00_0.0800_10000.00_0.50_0.50.smt2,2000.00,2000.00,0.00,2000.00,0.0800,10000.00,0.50,0.50,Golem,TIMEOUT,323.9830
p_2000.00_2000.00_0.00_2000.00_0.0800_10000.00_0.50_1.00.smt2,2000.00,2000.00,0.00,2000.00,0.0800,10000.00,0.50,1.00,Spacer,TIMEOUT,327.9396
p_2000.00_2000.00_0.00_2000.00_0.0800_10000.00_0.50_1.00.smt2,2000.00,2000.00,0.00,2000.00,0.0800,10000.00,0.50,1.00,Golem,TIMEOUT,330.5429
p_2000.00_2000.00_0.00_2000.00_0.0800_10000.00_1.00_0.50.smt2,2000.00,2000.00,0.00,2000.00,0.0800,10000.00,1.00,0.50,Spacer,TIMEOUT,326.7228
p_2000.00_2000.00_0.00_2000.00_0.0800_10000.00_1.00_0.50.smt2,2000.00,2000.00,0.00,2000.00,0.0800,10000.00,1.00,0.50,Golem,TIMEOUT,326.9681
p_2000.00_2000.00_0.00_2000.00_0.0800_10000.00_1.00_1.00.smt2,2000.00,2000.00,0.00,2000.00,0.0800,10000.00,1.00,1.00,Spacer,TIMEOUT,330.2531
p_2000.00_2000.00_0.00_2000.00_0.0800_10000.00_1.00_1.00.smt2,2000.00,2000.00,0.00,2000.00,0.0800,10000.00,1.00,1.00,Golem,TIMEOUT,327.8334
p_2000.00_2000.00_0.00_2000.00_0.0800_110.00_0.50_0.50.smt2,2000.00,2000.00,0.00,2000.00,0.0800,110.00,0.50,0.50,Spacer,sat (   (define-fun Inv ((x!0 Real)    (x!1 Real)    (x!2 Real)    (x!3 Real)    (x!4 Real)    (x!5 Real)) Bool     (let ((a!1 (or (<= x!4 0.0)                    (<= (+ (* 0.0002600129? x!0) (* (- 0.0002600129?) x!5))                        0.4784237493?)))           (a!2 (or (<= x!4 1.0)                    (<= (+ (* 0.0002826227? x!0) (* (- 0.0002826227?) x!5)) 0.5)))           (a!3 (or (not (>= x!4 12.0))                    (<= (+ (* 1.0869565217? x!0) (* (- 1.0869565217?) x!5))                        1769.1429432874?)))           (a!4 (or (not (>= x!4 14.0))                    (<= (+ (* 1.0869565217? x!0) (* (- 1.0869565217?) x!5))                        1497.4025871985?)))           (a!5 (or (not (>= x!4 13.0))                    (<= (+ (* 0.0003339115? x!0) (* (- 0.0003339115?) x!5)) 0.5)))           (a!6 (or (not (>= x!4 15.0))                    (<= (+ (* 0.0003945079? x!0) (* (- 0.0003945079?) x!5)) 0.5)))           (a!7 (or (not (>= x!4 16.0))                    (<= (+ (* 0.0004288130? x!0) (* (- 0.0004288130?) x!5)) 0.5)))           (a!8 (or (<= (+ (* 1.0869565217? x!0) (* (- 1.0869565217?) x!5))                        1072.7286717548?)                    (not (>= x!4 18.0))))           (a!9 (or (not (>= x!4 17.0))                    (<= (+ (* 0.0004661010? x!0) (* (- 0.0004661010?) x!5)) 0.5)))           (a!10 (or (not (>= x!4 19.0))                     (<= (+ (* 1.0869565217? x!0) (* (- 1.0869565217?) x!5))                         986.9103780144?)))           (a!11 (or (not (>= x!4 20.0))                     (<= (+ (* 1.0869565217? x!0) (* (- 1.0869565217?) x!5))                         907.9575477732?)))           (a!12 (or (not (>= x!4 21.0))                     (<= (+ (* 0.0006506220? x!0) (* (- 0.0006506220?) x!5)) 0.5)))           (a!13 (or (<= (+ (* 1.0869565217? x!0) (* (- 1.0869565217?) x!5))                         707.0156469604?)                     (not (>= x!4 23.0))))           (a!14 (or (not (>= x!4 22.0))                     (<= (+ (* 0.0007071979? x!0) (* (- 0.0007071979?) x!5)) 0.5)))           (a!15 (or (not (>= x!4 24.0))                     (<= (+ (* 1.0869565217? x!0) (* (- 1.0869565217?) x!5))                         650.4543952036?)))           (a!16 (or (not (>= x!4 25.0))                     (<= (+ (* 1.0869565217? x!0) (* (- 1.0869565217?) x!5))                         598.4180435873?)))           (a!17 (or (not (>= x!4 26.0))                     (<= (+ (* 0.0009871648? x!0) (* (- 0.0009871648?) x!5)) 0.5)))           (a!18 (or (not (>= x!4 27.0))                     (<= (+ (* 0.0010730052? x!0) (* (- 0.0010730052?) x!5)) 0.5)))           (a!19 (or (not (>= x!4 28.0))                     (<= (+ (* 1.0869565217? x!0) (* (- 1.0869565217?) x!5))                         465.9809495249?)))           (a!20 (or (not (>= x!4 29.0))                     (<= (+ (* 1.0869565217? x!0) (* (- 1.0869565217?) x!5))                         428.7024735629?)))           (a!21 (or (not (>= x!4 30.0))                     (<= (+ (* 1.0869565217? x!0) (* (- 1.0869565217?) x!5))                         394.4062756779?)))           (a!22 (or (not (>= x!4 31.0))                     (<= (+ (* 1.0869565217? x!0) (* (- 1.0869565217?) x!5))                         362.8537736236?)))           (a!23 (or (not (>= x!4 32.0))                     (<= (+ (* 1.0869565217? x!0) (* (- 1.0869565217?) x!5))                         333.8254717337?)))           (a!24 (or (not (>= x!4 33.0))                     (<= (+ (* 0.0017695990? x!0) (* (- 0.0017695990?) x!5)) 0.5)))           (a!25 (or (<= (+ (* 1.0869565217? x!0) (* (- 1.0869565217?) x!5))                         282.5498792754?)                     (not (>= x!4 34.0))))           (a!26 (or (not (>= x!4 35.0))                     (<= (+ (* 0.0020907361? x!0) (* (- 0.0020907361?) x!5)) 0.5)))           (a!27 (or (not (>= x!4 36.0))                     (<= (+ (* 1.0869565217? x!0) (* (- 1.0869565217?) x!5))                         239.1502178187?)))           (a!28 (or (not (>= x!4 37.0))                     (<= (+ (* 1.0869565217? x!0) (* (- 1.0869565217?) x!5))                         220.0182003932?)))           (a!29 (or (not (>= x!4 38.0))                     (<= (+ (* 1.0869565217? x!0) (* (- 1.0869565217?) x!5))                         202.4167443618?)))           (a!30 (or (not (>= x!4 40.0))                     (<= (+ (* 1.0869565217? x!0) (* (- 1.0869565217?) x!5))                         171.3255324278?)))           (a!31 (or (not (>= x!4 39.0))                     (<= (+ (* 0.0029184208? x!0) (* (- 0.0029184208?) x!5)) 0.5)))           (a!32 (or (<= (+ (* 1.0869565217? x!0) (* (- 1.0869565217?) x!5))                         157.6194898336?)                     (not (>= x!4 41.0))))           (a!33 (or (<= (+ (* 1.0869565217? x!0) (* (- 1.0869565217?) x!5))                         133.4091361951?)                     (not (>= x!4 43.0))))           (a!34 (or (not (>= x!4 42.0))                     (<= (+ (* 0.0037478692? x!0) (* (- 0.0037478692?) x!5)) 0.5)))           (a!35 (or (not (>= x!4 44.0))                     (<= (+ (* 0.0044280118? x!0) (* (- 0.0044280118?) x!5)) 0.5)))           (a!36 (or (<= (+ (* 1.0869565217? x!0) (* (- 1.0869565217?) x!5))                         103.8840934455?)                     (not (>= x!4 46.0))))           (a!37 (or (not (>= x!4 45.0))                     (<= (+ (* 0.0048130563? x!0) (* (- 0.0048130563?) x!5)) 0.5)))           (a!38 (or (not (>= x!4 48.0))                     (<= (+ (* 1.0869565217? x!0) (* (- 1.0869565217?) x!5))                         87.9274966923?)))           (a!39 (or (not (>= x!4 47.0))                     (<= (+ (* 1.0869565217? x!0) (* (- 1.0869565217?) x!5))                         95.5733659698?)))           (a!40 (or (not (>= x!4 49.0))                     (<= (+ (* 1.0869565217? x!0) (* (- 1.0869565217?) x!5))                         80.8932969569?)))           (a!41 (or (not (>= x!4 50.0))                     (<= (+ (* 1.0869565217? x!0) (* (- 1.0869565217?) x!5))                         74.4218332003?)))           (a!42 (or (not (>= x!4 51.0))                     (<= (+ (* 1.0869565217? x!0) (* (- 1.0869565217?) x!5))                         68.4680865443?)))           (a!43 (or (not (>= x!4 52.0))                     (<= (+ (* 1.0869565217? x!0) (* (- 1.0869565217?) x!5))                         62.9906396207?)))           (a!44 (or (not (>= x!4 53.0))                     (<= (+ (* 1.0869565217? x!0) (* (- 1.0869565217?) x!5))                         57.9513884511?)))           (a!45 (or (not (>= x!4 54.0))                     (<= (+ (* 1.0869565217? x!0) (* (- 1.0869565217?) x!5))                         53.3152773750?)))           (a!46 (or (not (>= x!4 55.0))                     (<= (+ (* 1.0869565217? x!0) (* (- 1.0869565217?) x!5))                         49.0500551850?)))           (a!47 (or (not (>= x!4 56.0))                     (<= (+ (* 1.0869565217? x!0) (* (- 1.0869565217?) x!5))                         45.1260507702?)))           (a!48 (or (not (>= x!4 57.0))                     (<= (+ (* 1.0869565217? x!0) (* (- 1.0869565217?) x!5))                         41.5159667086?)))           (a!49 (or (not (>= x!4 58.0))                     (<= (+ (* 1.0869565217? x!0) (* (- 1.0869565217?) x!5))                         38.1946893719?)))           (a!50 (or (not (>= x!4 59.0))                     (<= (+ (* 1.0869565217? x!0) (* (- 1.0869565217?) x!5))                         35.1391142221?)))           (a!51 (or (not (>= x!4 61.0))                     (<= (+ (* 1.0869565217? x!0) (* (- 1.0869565217?) x!5))                         29.7417462776?)))           (a!52 (or (not (>= x!4 60.0))                     (<= (+ (* 1.0869565217? x!0) (* (- 1.0869565217?) x!5))                         32.3279850843?)))           (a!53 (or (not (>= x!4 62.0))                     (<= (+ (* 1.0869565217? x!0) (* (- 1.0869565217?) x!5))                         27.3624065754?)))           (a!54 (or (not (>= x!4 63.0))                     (<= (+ (* 1.0869565217? x!0) (* (- 1.0869565217?) x!5))                         25.1734140493?)))           (a!55 (or (not (>= x!4 64.0))                     (<= (+ (* 1.0869565217? x!0) (* (- 1.0869565217?) x!5))                         23.1595409254?)))           (a!56 (or (not (>= x!4 65.0))                     (<= (+ (* 1.0869565217? x!0) (* (- 1.0869565217?) x!5))                         21.3067776514?)))           (a!57 (or (not (>= x!4 66.0))                     (<= (+ (* 1.0869565217? x!0) (* (- 1.0869565217?) x!5))                         19.6022354392?)))           (a!58 (or (not (>= x!4 67.0))                     (<= (+ (* 1.0869565217? x!0) (* (- 1.0869565217?) x!5))                         18.0340566041?)))           (a!59 (or (not (>= x!4 68.0))                     (<= (+ (* 1.0869565217? x!0) (* (- 1.0869565217?) x!5))                         16.5913320758?)))           (a!60 (or (not (>= x!4 69.0))                     (<= (+ (* 1.0869565217? x!0) (* (- 1.0869565217?) x!5))                         15.2640255097?)))           (a!61 (or (not (>= x!4 70.0))                     (<= (+ (* 1.0869565217? x!0) (* (- 1.0869565217?) x!5))                         14.0429034689?)))           (a!62 (or (not (>= x!4 71.0))                     (<= (+ (* 1.0869565217? x!0) (* (- 1.0869565217?) x!5))                         12.9194711914?)))           (a!63 (or (not (>= x!4 72.0))                     (<= (+ (* 1.0869565217? x!0) (* (- 1.0869565217?) x!5))                         11.8859134961?)))           (a!64 (or (not (>= x!4 73.0))                     (<= (+ (* 1.0869565217? x!0) (* (- 1.0869565217?) x!5))                         10.9350404164?)))           (a!65 (or (not (>= x!4 74.0))                     (<= (+ (* 1.0869565217? x!0) (* (- 1.0869565217?) x!5))                         10.0602371831?)))           (a!66 (or (not (>= x!4 75.0))                     (<= (+ (* 1.0869565217? x!0) (* (- 1.0869565217?) x!5))                         9.2554182084?)))           (a!67 (or (<= (+ (* 1.0869565217? x!0) (* (- 1.0869565217?) x!5))                         8.5149847518?)                     (not (>= x!4 76.0))))           (a!68 (or (<= (+ (* 1.0869565217? x!0) (* (- 1.0869565217?) x!5))                         7.8337859716?)                     (not (>= x!4 77.0))))           (a!69 (or (<= (+ (* 1.0869565217? x!0) (* (- 1.0869565217?) x!5))                         7.2070830939?)                     (not (>= x!4 78.0))))           (a!70 (or (<= (+ (* 1.0869565217? x!0) (* (- 1.0869565217?) x!5))                         6.6305164464?)                     (not (>= x!4 79.0))))           (a!71 (or (<= (+ (* 1.0869565217? x!0) (* (- 1.0869565217?) x!5))                         6.1000751306?)                     (not (>= x!4 80.0))))           (a!72 (or (<= (+ (* 1.0869565217? x!0) (* (- 1.0869565217?) x!5))                         5.1631035906?)                     (not (>= x!4 82.0))))           (a!73 (or (<= (+ (* 1.0869565217? x!0) (* (- 1.0869565217?) x!5))                         5.6120691202?)                     (not (>= x!4 81.0))))           (a!74 (or (<= (+ (* 1.0869565217? x!0) (* (- 1.0869565217?) x!5))                         4.7500553033?)                     (not (>= x!4 83.0))))           (a!75 (or (<= (+ (* 1.0869565217? x!0) (* (- 1.0869565217?) x!5))                         4.3700508791?)                     (not (>= x!4 84.0))))           (a!76 (or (<= (+ (* 1.0869565217? x!0) (* (- 1.0869565217?) x!5))                         3.6988110640?)                     (not (>= x!4 86.0))))           (a!77 (or (<= (+ (* 1.0869565217? x!0) (* (- 1.0869565217?) x!5))                         4.0204468087?)                     (not (>= x!4 85.0))))           (a!78 (or (<= (+ (* 1.0869565217? x!0) (* (- 1.0869565217?) x!5))                         3.4029061789?)                     (not (>= x!4 87.0))))           (a!79 (or (<= (+ (* 1.0869565217? x!0) (* (- 1.0869565217?) x!5))                         3.1306736846?)                     (not (>= x!4 88.0))))           (a!80 (or (<= (+ (* 1.0869565217? x!0) (* (- 1.0869565217?) x!5))                         2.8802197898?)                     (not (>= x!4 89.0))))           (a!81 (or (<= (+ (* 1.0869565217? x!0) (* (- 1.0869565217?) x!5))                         2.6498022066?)                     (not (>= x!4 90.0))))           (a!82 (or (<= (+ (* 1.0869565217? x!0) (* (- 1.0869565217?) x!5))                         2.4378180301?)                     (not (>= x!4 91.0))))           (a!83 (or (<= (+ (* 1.0869565217? x!0) (* (- 1.0869565217?) x!5))                         2.0633691807?)                     (not (>= x!4 93.0))))           (a!84 (or (<= (+ (* 1.0869565217? x!0) (* (- 1.0869565217?) x!5))                         2.2427925877?)                     (not (>= x!4 92.0))))           (a!85 (or (<= (+ (* 1.0869565217? x!0) (* (- 1.0869565217?) x!5))                         1.8982996462?)                     (not (>= x!4 94.0))))           (a!86 (or (<= (+ (* 1.0869565217? x!0) (* (- 1.0869565217?) x!5))                         1.7464356745?)                     (not (>= x!4 95.0))))           (a!87 (or (<= (+ (* 1.0869565217? x!0) (* (- 1.0869565217?) x!5))                         1.6067208205?)                     (not (>= x!4 96.0))))           (a!88 (or (<= (+ (* 1.0869565217? x!0) (* (- 1.0869565217?) x!5))                         1.4781831549?)                     (not (>= x!4 97.0))))           (a!89 (or (<= (+ (* 1.0869565217? x!0) (* (- 1.0869565217?) x!5))                         1.3599285025?)                     (not (>= x!4 98.0))))           (a!90 (or (<= (+ (* 1.0869565217? x!0) (* (- 1.0869565217?) x!5))                         1.2511342223?)                     (not (>= x!4 99.0))))           (a!91 (or (<= (+ (* 1.0869565217? x!0) (* (- 1.0869565217?) x!5))                         1.1510434845?)                     (not (>= x!4 100.0))))           (a!92 (or (<= (+ (* 1.0869565217? x!0) (* (- 1.0869565217?) x!5))                         1.0589600057?)                     (not (>= x!4 101.0))))           (a!93 (or (<= (+ (* 1.0869565217? x!0) (* (- 1.0869565217?) x!5))                         0.9742432053?)                     (not (>= x!4 102.0))))           (a!94 (or (<= (+ (* 1.0869565217? x!0) (* (- 1.0869565217?) x!5))                         0.8963037489?)                     (not (>= x!4 103.0))))           (a!95 (or (<= (+ (* 1.0869565217? x!0) (* (- 1.0869565217?) x!5))                         0.8245994489?)                     (not (>= x!4 104.0))))           (a!96 (or (<= (+ (* 1.0869565217? x!0) (* (- 1.0869565217?) x!5))                         0.7586314930?)                     (not (>= x!4 105.0))))           (a!97 (or (<= (+ (* 1.0869565217? x!0) (* (- 1.0869565217?) x!5))                         0.6979409736?)                     (not (>= x!4 106.0))))           (a!98 (or (<= (+ (* 1.0869565217? x!0) (* (- 1.0869565217?) x!5))                         0.6421056957?)                     (not (>= x!4 107.0))))           (a!99 (or (<= (+ (* 1.0869565217? x!0) (* (- 1.0869565217?) x!5))                         0.5907372400?)                     (not (>= x!4 108.0)))))       (and (>= (+ (* 0.92 x!0) (* (- 0.92) x!5)) (- 0.46))            (<= (+ x!0 (* (- 1.0) x!5)) 2000.0)            a!1            a!2            a!3            a!4            a!5            a!6            a!7            a!8            a!9            a!10            a!11            a!12            a!13            a!14            a!15            a!16            a!17            a!18            a!19            a!20            a!21            a!22            a!23            a!24            a!25            a!26            a!27            a!28            a!29            a!30            a!31            a!32            a!33            a!34            a!35            a!36            a!37            a!38            a!39            a!40            a!41            a!42            a!43            a!44            a!45            a!46            a!47            a!48            a!49            a!50            a!51            a!52            a!53            a!54            a!55            a!56            a!57            a!58            a!59            a!60            a!61            a!62            a!63            a!64            a!65            a!66            a!67            a!68            a!69            a!70            a!71            a!72            a!73            a!74            a!75            a!76            a!77            a!78            a!79            a!80            a!81            a!82            a!83            a!84            a!85            a!86            a!87            a!88            a!89            a!90            a!91            a!92            a!93            a!94            a!95            a!96            a!97            a!98            a!99))) ),19.0386
p_2000.00_2000.00_0.00_2000.00_0.0800_110.00_0.50_0.50.smt2,2000.00,2000.00,0.00,2000.00,0.0800,110.00,0.50,0.50,Golem,sat,6.1865
p_2000.00_2000.00_0.00_2000.00_0.0800_110.00_0.50_1.00.smt2,2000.00,2000.00,0.00,2000.00,0.0800,110.00,0.50,1.00,Spacer,sat (   (define-fun Inv ((x!0 Real)    (x!1 Real)    (x!2 Real)    (x!3 Real)    (x!4 Real)    (x!5 Real)) Bool     (let ((a!1 (or (<= x!4 0.0)                    (<= (+ (* 0.0002600129? x!0) (* (- 0.0002600129?) x!5))                        0.4784237493?)))           (a!2 (or (<= x!4 1.0)                    (<= (+ (* 0.0002826227? x!0) (* (- 0.0002826227?) x!5)) 0.5)))           (a!3 (or (not (>= x!4 12.0))                    (<= (+ (* 1.0869565217? x!0) (* (- 1.0869565217?) x!5))                        1769.1429432874?)))           (a!4 (or (not (>= x!4 14.0))                    (<= (+ (* 1.0869565217? x!0) (* (- 1.0869565217?) x!5))                        1497.4025871985?)))           (a!5 (or (not (>= x!4 13.0))                    (<= (+ (* 0.0003339115? x!0) (* (- 0.0003339115?) x!5)) 0.5)))           (a!6 (or (not (>= x!4 15.0))                    (<= (+ (* 0.0003945079? x!0) (* (- 0.0003945079?) x!5)) 0.5)))           (a!7 (or (not (>= x!4 16.0))                    (<= (+ (* 0.0004288130? x!0) (* (- 0.0004288130?) x!5)) 0.5)))           (a!8 (or (<= (+ (* 1.0869565217? x!0) (* (- 1.0869565217?) x!5))                        1072.7286717548?)                    (not (>= x!4 18.0))))           (a!9 (or (not (>= x!4 17.0))                    (<= (+ (* 0.0004661010? x!0) (* (- 0.0004661010?) x!5)) 0.5)))           (a!10 (or (not (>= x!4 19.0))                     (<= (+ (* 1.0869565217? x!0) (* (- 1.0869565217?) x!5))                         986.9103780144?)))           (a!11 (or (not (>= x!4 20.0))                     (<= (+ (* 1.0869565217? x!0) (* (- 1.0869565217?) x!5))                         907.9575477732?)))           (a!12 (or (not (>= x!4 21.0))                     (<= (+ (* 0.0006506220? x!0) (* (- 0.0006506220?) x!5)) 0.5)))           (a!13 (or (<= (+ (* 1.0869565217? x!0) (* (- 1.0869565217?) x!5))                         707.0156469604?)                     (not (>= x!4 23.0))))           (a!14 (or (not (>= x!4 22.0))                     (<= (+ (* 0.0007071979? x!0) (* (- 0.0007071979?) x!5)) 0.5)))           (a!15 (or (not (>= x!4 24.0))                     (<= (+ (* 1.0869565217? x!0) (* (- 1.0869565217?) x!5))                         650.4543952036?)))           (a!16 (or (not (>= x!4 25.0))                     (<= (+ (* 1.0869565217? x!0) (* (- 1.0869565217?) x!5))                         598.4180435873?)))           (a!17 (or (not (>= x!4 26.0))                     (<= (+ (* 0.0009871648? x!0) (* (- 0.0009871648?) x!5)) 0.5)))           (a!18 (or (not (>= x!4 27.0))                     (<= (+ (* 0.0010730052? x!0) (* (- 0.0010730052?) x!5)) 0.5)))           (a!19 (or (not (>= x!4 28.0))                     (<= (+ (* 1.0869565217? x!0) (* (- 1.0869565217?) x!5))                         465.9809495249?)))           (a!20 (or (not (>= x!4 29.0))                     (<= (+ (* 1.0869565217? x!0) (* (- 1.0869565217?) x!5))                         428.7024735629?)))           (a!21 (or (not (>= x!4 30.0))                     (<= (+ (* 1.0869565217? x!0) (* (- 1.0869565217?) x!5))                         394.4062756779?)))           (a!22 (or (not (>= x!4 31.0))                     (<= (+ (* 1.0869565217? x!0) (* (- 1.0869565217?) x!5))                         362.8537736236?)))           (a!23 (or (not (>= x!4 32.0))                     (<= (+ (* 1.0869565217? x!0) (* (- 1.0869565217?) x!5))                         333.8254717337?)))           (a!24 (or (not (>= x!4 33.0))                     (<= (+ (* 0.0017695990? x!0) (* (- 0.0017695990?) x!5)) 0.5)))           (a!25 (or (<= (+ (* 1.0869565217? x!0) (* (- 1.0869565217?) x!5))                         282.5498792754?)                     (not (>= x!4 34.0))))           (a!26 (or (not (>= x!4 35.0))                     (<= (+ (* 0.0020907361? x!0) (* (- 0.0020907361?) x!5)) 0.5)))           (a!27 (or (not (>= x!4 36.0))                     (<= (+ (* 1.0869565217? x!0) (* (- 1.0869565217?) x!5))                         239.1502178187?)))           (a!28 (or (not (>= x!4 37.0))                     (<= (+ (* 1.0869565217? x!0) (* (- 1.0869565217?) x!5))                         220.0182003932?)))           (a!29 (or (not (>= x!4 38.0))                     (<= (+ (* 1.0869565217? x!0) (* (- 1.0869565217?) x!5))                         202.4167443618?)))           (a!30 (or (not (>= x!4 40.0))                     (<= (+ (* 1.0869565217? x!0) (* (- 1.0869565217?) x!5))                         171.3255324278?)))           (a!31 (or (not (>= x!4 39.0))                     (<= (+ (* 0.0029184208? x!0) (* (- 0.0029184208?) x!5)) 0.5)))           (a!32 (or (<= (+ (* 1.0869565217? x!0) (* (- 1.0869565217?) x!5))                         157.6194898336?)                     (not (>= x!4 41.0))))           (a!33 (or (<= (+ (* 1.0869565217? x!0) (* (- 1.0869565217?) x!5))                         133.4091361951?)                     (not (>= x!4 43.0))))           (a!34 (or (not (>= x!4 42.0))                     (<= (+ (* 0.0037478692? x!0) (* (- 0.0037478692?) x!5)) 0.5)))           (a!35 (or (not (>= x!4 44.0))                     (<= (+ (* 0.0044280118? x!0) (* (- 0.0044280118?) x!5)) 0.5)))           (a!36 (or (<= (+ (* 1.0869565217? x!0) (* (- 1.0869565217?) x!5))                         103.8840934455?)                     (not (>= x!4 46.0))))           (a!37 (or (not (>= x!4 45.0))                     (<= (+ (* 0.0048130563? x!0) (* (- 0.0048130563?) x!5)) 0.5)))           (a!38 (or (not (>= x!4 48.0))                     (<= (+ (* 1.0869565217? x!0) (* (- 1.0869565217?) x!5))                         87.9274966923?)))           (a!39 (or (not (>= x!4 47.0))                     (<= (+ (* 1.0869565217? x!0) (* (- 1.0869565217?) x!5))                         95.5733659698?)))           (a!40 (or (not (>= x!4 49.0))                     (<= (+ (* 1.0869565217? x!0) (* (- 1.0869565217?) x!5))                         80.8932969569?)))           (a!41 (or (not (>= x!4 50.0))                     (<= (+ (* 1.0869565217? x!0) (* (- 1.0869565217?) x!5))                         74.4218332003?)))           (a!42 (or (not (>= x!4 51.0))                     (<= (+ (* 1.0869565217? x!0) (* (- 1.0869565217?) x!5))                         68.4680865443?)))           (a!43 (or (not (>= x!4 52.0))                     (<= (+ (* 1.0869565217? x!0) (* (- 1.0869565217?) x!5))                         62.9906396207?)))           (a!44 (or (not (>= x!4 53.0))                     (<= (+ (* 1.0869565217? x!0) (* (- 1.0869565217?) x!5))                         57.9513884511?)))           (a!45 (or (not (>= x!4 54.0))                     (<= (+ (* 1.0869565217? x!0) (* (- 1.0869565217?) x!5))                         53.3152773750?)))           (a!46 (or (not (>= x!4 55.0))                     (<= (+ (* 1.0869565217? x!0) (* (- 1.0869565217?) x!5))                         49.0500551850?)))           (a!47 (or (not (>= x!4 56.0))                     (<= (+ (* 1.0869565217? x!0) (* (- 1.0869565217?) x!5))                         45.1260507702?)))           (a!48 (or (not (>= x!4 57.0))                     (<= (+ (* 1.0869565217? x!0) (* (- 1.0869565217?) x!5))                         41.5159667086?)))           (a!49 (or (not (>= x!4 58.0))                     (<= (+ (* 1.0869565217? x!0) (* (- 1.0869565217?) x!5))                         38.1946893719?)))           (a!50 (or (not (>= x!4 59.0))                     (<= (+ (* 1.0869565217? x!0) (* (- 1.0869565217?) x!5))                         35.1391142221?)))           (a!51 (or (not (>= x!4 61.0))                     (<= (+ (* 1.0869565217? x!0) (* (- 1.0869565217?) x!5))                         29.7417462776?)))           (a!52 (or (not (>= x!4 60.0))                     (<= (+ (* 1.0869565217? x!0) (* (- 1.0869565217?) x!5))                         32.3279850843?)))           (a!53 (or (not (>= x!4 62.0))                     (<= (+ (* 1.0869565217? x!0) (* (- 1.0869565217?) x!5))                         27.3624065754?)))           (a!54 (or (not (>= x!4 63.0))                     (<= (+ (* 1.0869565217? x!0) (* (- 1.0869565217?) x!5))                         25.1734140493?)))           (a!55 (or (not (>= x!4 64.0))                     (<= (+ (* 1.0869565217? x!0) (* (- 1.0869565217?) x!5))                         23.1595409254?)))           (a!56 (or (not (>= x!4 65.0))                     (<= (+ (* 1.0869565217? x!0) (* (- 1.0869565217?) x!5))                         21.3067776514?)))           (a!57 (or (not (>= x!4 66.0))                     (<= (+ (* 1.0869565217? x!0) (* (- 1.0869565217?) x!5))                         19.6022354392?)))           (a!58 (or (not (>= x!4 67.0))                     (<= (+ (* 1.0869565217? x!0) (* (- 1.0869565217?) x!5))                         18.0340566041?)))           (a!59 (or (not (>= x!4 68.0))                     (<= (+ (* 1.0869565217? x!0) (* (- 1.0869565217?) x!5))                         16.5913320758?)))           (a!60 (or (not (>= x!4 69.0))                     (<= (+ (* 1.0869565217? x!0) (* (- 1.0869565217?) x!5))                         15.2640255097?)))           (a!61 (or (not (>= x!4 70.0))                     (<= (+ (* 1.0869565217? x!0) (* (- 1.0869565217?) x!5))                         14.0429034689?)))           (a!62 (or (not (>= x!4 71.0))                     (<= (+ (* 1.0869565217? x!0) (* (- 1.0869565217?) x!5))                         12.9194711914?)))           (a!63 (or (not (>= x!4 72.0))                     (<= (+ (* 1.0869565217? x!0) (* (- 1.0869565217?) x!5))                         11.8859134961?)))           (a!64 (or (not (>= x!4 73.0))                     (<= (+ (* 1.0869565217? x!0) (* (- 1.0869565217?) x!5))                         10.9350404164?)))           (a!65 (or (not (>= x!4 74.0))                     (<= (+ (* 1.0869565217? x!0) (* (- 1.0869565217?) x!5))                         10.0602371831?)))           (a!66 (or (not (>= x!4 75.0))                     (<= (+ (* 1.0869565217? x!0) (* (- 1.0869565217?) x!5))                         9.2554182084?)))           (a!67 (or (<= (+ (* 1.0869565217? x!0) (* (- 1.0869565217?) x!5))                         8.5149847518?)                     (not (>= x!4 76.0))))           (a!68 (or (<= (+ (* 1.0869565217? x!0) (* (- 1.0869565217?) x!5))                         7.8337859716?)                     (not (>= x!4 77.0))))           (a!69 (or (<= (+ (* 1.0869565217? x!0) (* (- 1.0869565217?) x!5))                         7.2070830939?)                     (not (>= x!4 78.0))))           (a!70 (or (<= (+ (* 1.0869565217? x!0) (* (- 1.0869565217?) x!5))                         6.6305164464?)                     (not (>= x!4 79.0))))           (a!71 (or (<= (+ (* 1.0869565217? x!0) (* (- 1.0869565217?) x!5))                         6.1000751306?)                     (not (>= x!4 80.0))))           (a!72 (or (<= (+ (* 1.0869565217? x!0) (* (- 1.0869565217?) x!5))                         5.1631035906?)                     (not (>= x!4 82.0))))           (a!73 (or (<= (+ (* 1.0869565217? x!0) (* (- 1.0869565217?) x!5))                         5.6120691202?)                     (not (>= x!4 81.0))))           (a!74 (or (<= (+ (* 1.0869565217? x!0) (* (- 1.0869565217?) x!5))                         4.7500553033?)                     (not (>= x!4 83.0))))           (a!75 (or (<= (+ (* 1.0869565217? x!0) (* (- 1.0869565217?) x!5))                         4.3700508791?)                     (not (>= x!4 84.0))))           (a!76 (or (<= (+ (* 1.0869565217? x!0) (* (- 1.0869565217?) x!5))                         3.6988110640?)                     (not (>= x!4 86.0))))           (a!77 (or (<= (+ (* 1.0869565217? x!0) (* (- 1.0869565217?) x!5))                         4.0204468087?)                     (not (>= x!4 85.0))))           (a!78 (or (<= (+ (* 1.0869565217? x!0) (* (- 1.0869565217?) x!5))                         3.4029061789?)                     (not (>= x!4 87.0))))           (a!79 (or (<= (+ (* 1.0869565217? x!0) (* (- 1.0869565217?) x!5))                         3.1306736846?)                     (not (>= x!4 88.0))))           (a!80 (or (<= (+ (* 1.0869565217? x!0) (* (- 1.0869565217?) x!5))                         2.8802197898?)                     (not (>= x!4 89.0))))           (a!81 (or (<= (+ (* 1.0869565217? x!0) (* (- 1.0869565217?) x!5))                         2.6498022066?)                     (not (>= x!4 90.0))))           (a!82 (or (<= (+ (* 1.0869565217? x!0) (* (- 1.0869565217?) x!5))                         2.4378180301?)                     (not (>= x!4 91.0))))           (a!83 (or (<= (+ (* 1.0869565217? x!0) (* (- 1.0869565217?) x!5))                         2.0633691807?)                     (not (>= x!4 93.0))))           (a!84 (or (<= (+ (* 1.0869565217? x!0) (* (- 1.0869565217?) x!5))                         2.2427925877?)                     (not (>= x!4 92.0))))           (a!85 (or (<= (+ (* 1.0869565217? x!0) (* (- 1.0869565217?) x!5))                         1.8982996462?)                     (not (>= x!4 94.0))))           (a!86 (or (<= (+ (* 1.0869565217? x!0) (* (- 1.0869565217?) x!5))                         1.7464356745?)                     (not (>= x!4 95.0))))           (a!87 (or (<= (+ (* 1.0869565217? x!0) (* (- 1.0869565217?) x!5))                         1.6067208205?)                     (not (>= x!4 96.0))))           (a!88 (or (<= (+ (* 1.0869565217? x!0) (* (- 1.0869565217?) x!5))                         1.4781831549?)                     (not (>= x!4 97.0))))           (a!89 (or (<= (+ (* 1.0869565217? x!0) (* (- 1.0869565217?) x!5))                         1.3599285025?)                     (not (>= x!4 98.0))))           (a!90 (or (<= (+ (* 1.0869565217? x!0) (* (- 1.0869565217?) x!5))                         1.2511342223?)                     (not (>= x!4 99.0))))           (a!91 (or (<= (+ (* 1.0869565217? x!0) (* (- 1.0869565217?) x!5))                         1.1510434845?)                     (not (>= x!4 100.0))))           (a!92 (or (<= (+ (* 1.0869565217? x!0) (* (- 1.0869565217?) x!5))                         1.0589600057?)                     (not (>= x!4 101.0))))           (a!93 (or (<= (+ (* 1.0869565217? x!0) (* (- 1.0869565217?) x!5))                         0.9742432053?)                     (not (>= x!4 102.0))))           (a!94 (or (<= (+ (* 1.0869565217? x!0) (* (- 1.0869565217?) x!5))                         0.8963037489?)                     (not (>= x!4 103.0))))           (a!95 (or (<= (+ (* 1.0869565217? x!0) (* (- 1.0869565217?) x!5))                         0.8245994489?)                     (not (>= x!4 104.0))))           (a!96 (or (<= (+ (* 1.0869565217? x!0) (* (- 1.0869565217?) x!5))                         0.7586314930?)                     (not (>= x!4 105.0))))           (a!97 (or (<= (+ (* 1.0869565217? x!0) (* (- 1.0869565217?) x!5))                         0.6979409736?)                     (not (>= x!4 106.0))))           (a!98 (or (<= (+ (* 1.0869565217? x!0) (* (- 1.0869565217?) x!5))                         0.6421056957?)                     (not (>= x!4 107.0))))           (a!99 (or (<= (+ (* 1.0869565217? x!0) (* (- 1.0869565217?) x!5))                         0.5907372400?)                     (not (>= x!4 108.0)))))       (and (>= (+ (* 0.92 x!0) (* (- 0.92) x!5)) (- 0.92))            (<= (+ x!0 (* (- 1.0) x!5)) 2000.0)            a!1            a!2            a!3            a!4            a!5            a!6            a!7            a!8            a!9            a!10            a!11            a!12            a!13            a!14            a!15            a!16            a!17            a!18            a!19            a!20            a!21            a!22            a!23            a!24            a!25            a!26            a!27            a!28            a!29            a!30            a!31            a!32            a!33            a!34            a!35            a!36            a!37            a!38            a!39            a!40            a!41            a!42            a!43            a!44            a!45            a!46            a!47            a!48            a!49            a!50            a!51            a!52            a!53            a!54            a!55            a!56            a!57            a!58            a!59            a!60            a!61            a!62            a!63            a!64            a!65            a!66            a!67            a!68            a!69            a!70            a!71            a!72            a!73            a!74            a!75            a!76            a!77            a!78            a!79            a!80            a!81            a!82            a!83            a!84            a!85            a!86            a!87            a!88            a!89            a!90            a!91            a!92            a!93            a!94            a!95            a!96            a!97            a!98            a!99))) ),19.1982
p_2000.00_2000.00_0.00_2000.00_0.0800_110.00_0.50_1.00.smt2,2000.00,2000.00,0.00,2000.00,0.0800,110.00,0.50,1.00,Golem,sat,2.9582
p_2000.00_2000.00_0.00_2000.00_0.0800_110.00_1.00_0.50.smt2,2000.00,2000.00,0.00,2000.00,0.0800,110.00,1.00,0.50,Spacer,sat (   (define-fun Inv ((x!0 Real)    (x!1 Real)    (x!2 Real)    (x!3 Real)    (x!4 Real)    (x!5 Real)) Bool     (let ((a!1 (or (<= x!4 0.0)                    (<= (+ (* 0.0005066316? x!0) (* (- 0.0005066316?) x!5))                        0.9322021740?)))           (a!2 (or (<= x!4 1.0)                    (<= (+ (* 1.0869565217? x!0) (* (- 1.0869565217?) x!5))                        1973.8207560288?)))           (a!3 (or (<= (+ (* 1.0869565217? x!0) (* (- 1.0869565217?) x!5))                        1815.9150955465?)                    (not (>= x!4 20.0))))           (a!4 (or (not (>= x!4 21.0))                    (<= (+ (* 0.0006506220? x!0) (* (- 0.0006506220?) x!5)) 1.0)))           (a!5 (or (not (>= x!4 22.0))                    (<= (+ (* 0.0007071979? x!0) (* (- 0.0007071979?) x!5)) 1.0)))           (a!6 (or (not (>= x!4 23.0))                    (<= (+ (* 0.0007686933? x!0) (* (- 0.0007686933?) x!5)) 1.0)))           (a!7 (or (not (>= x!4 24.0))                    (<= (+ (* 0.0008355363? x!0) (* (- 0.0008355363?) x!5)) 1.0)))           (a!8 (or (not (>= x!4 25.0))                    (<= (+ (* 0.0009081916? x!0) (* (- 0.0009081916?) x!5)) 1.0)))           (a!9 (or (not (>= x!4 26.0))                    (<= (+ (* 0.0009871648? x!0) (* (- 0.0009871648?) x!5)) 1.0)))           (a!10 (or (not (>= x!4 27.0))                     (<= (+ (* 0.0010730052? x!0) (* (- 0.0010730052?) x!5)) 1.0)))           (a!11 (or (not (>= x!4 28.0))                     (<= (+ (* 0.0011663100? x!0) (* (- 0.0011663100?) x!5)) 1.0)))           (a!12 (or (not (>= x!4 29.0))                     (<= (+ (* 0.0012677283? x!0) (* (- 0.0012677283?) x!5)) 1.0)))           (a!13 (or (not (>= x!4 30.0))                     (<= (+ (* 0.0013779655? x!0) (* (- 0.0013779655?) x!5)) 1.0)))           (a!14 (or (not (>= x!4 31.0))                     (<= (+ (* 0.0014977886? x!0) (* (- 0.0014977886?) x!5)) 1.0)))           (a!15 (or (not (>= x!4 32.0))                     (<= (+ (* 0.0016280311? x!0) (* (- 0.0016280311?) x!5)) 1.0)))           (a!16 (or (not (>= x!4 33.0))                     (<= (+ (* 0.0017695990? x!0) (* (- 0.0017695990?) x!5)) 1.0)))           (a!17 (or (not (>= x!4 34.0))                     (<= (+ (* 0.0019234772? x!0) (* (- 0.0019234772?) x!5)) 1.0)))           (a!18 (or (not (>= x!4 35.0))                     (<= (+ (* 0.0020907361? x!0) (* (- 0.0020907361?) x!5)) 1.0)))           (a!19 (or (not (>= x!4 36.0))                     (<= (+ (* 0.0022725392? x!0) (* (- 0.0022725392?) x!5)) 1.0)))           (a!20 (or (not (>= x!4 37.0))                     (<= (+ (* 0.0024701513? x!0) (* (- 0.0024701513?) x!5)) 1.0)))           (a!21 (or (not (>= x!4 38.0))                     (<= (+ (* 0.0026849471? x!0) (* (- 0.0026849471?) x!5)) 1.0)))           (a!22 (or (not (>= x!4 39.0))                     (<= (+ (* 0.0029184208? x!0) (* (- 0.0029184208?) x!5)) 1.0)))           (a!23 (or (not (>= x!4 40.0))                     (<= (+ (* 0.0031721965? x!0) (* (- 0.0031721965?) x!5)) 1.0)))           (a!24 (or (not (>= x!4 41.0))                     (<= (+ (* 0.0034480397? x!0) (* (- 0.0034480397?) x!5)) 1.0)))           (a!25 (or (not (>= x!4 42.0))                     (<= (+ (* 0.0037478692? x!0) (* (- 0.0037478692?) x!5)) 1.0)))           (a!26 (or (not (>= x!4 43.0))                     (<= (+ (* 0.0040737709? x!0) (* (- 0.0040737709?) x!5)) 1.0)))           (a!27 (or (not (>= x!4 44.0))                     (<= (+ (* 0.0044280118? x!0) (* (- 0.0044280118?) x!5)) 1.0)))           (a!28 (or (not (>= x!4 45.0))                     (<= (+ (* 0.0048130563? x!0) (* (- 0.0048130563?) x!5)) 1.0)))           (a!29 (or (not (>= x!4 46.0))                     (<= (+ (* 0.0052315830? x!0) (* (- 0.0052315830?) x!5)) 1.0)))           (a!30 (or (not (>= x!4 47.0))                     (<= (+ (* 0.0056865032? x!0) (* (- 0.0056865032?) x!5)) 1.0)))           (a!31 (or (not (>= x!4 48.0))                     (<= (+ (* 0.0061809818? x!0) (* (- 0.0061809818?) x!5)) 1.0)))           (a!32 (or (not (>= x!4 49.0))                     (<= (+ (* 0.0067184585? x!0) (* (- 0.0067184585?) x!5)) 1.0)))           (a!33 (or (not (>= x!4 50.0))                     (<= (+ (* 0.0073026723? x!0) (* (- 0.0073026723?) x!5)) 1.0)))           (a!34 (or (not (>= x!4 51.0))                     (<= (+ (* 0.0079376872? x!0) (* (- 0.0079376872?) x!5)) 1.0)))           (a!35 (or (not (>= x!4 52.0))                     (<= (+ (* 0.0086279209? x!0) (* (- 0.0086279209?) x!5)) 1.0)))           (a!36 (or (not (>= x!4 53.0))                     (<= (+ (* 0.0093781749? x!0) (* (- 0.0093781749?) x!5)) 1.0)))           (a!37 (or (not (>= x!4 54.0))                     (<= (+ (* 0.0101936684? x!0) (* (- 0.0101936684?) x!5)) 1.0)))           (a!38 (or (not (>= x!4 55.0))                     (<= (+ (* 0.0110800744? x!0) (* (- 0.0110800744?) x!5)) 1.0)))           (a!39 (or (not (>= x!4 56.0))                     (<= (+ (* 0.0120435591? x!0) (* (- 0.0120435591?) x!5)) 1.0)))           (a!40 (or (not (>= x!4 57.0))                     (<= (+ (* 0.0130908251? x!0) (* (- 0.0130908251?) x!5)) 1.0)))           (a!41 (or (not (>= x!4 58.0))                     (<= (+ (* 0.0142291577? x!0) (* (- 0.0142291577?) x!5)) 1.0)))           (a!42 (or (not (>= x!4 59.0))                     (<= (+ (* 0.0154664758? x!0) (* (- 0.0154664758?) x!5)) 1.0)))           (a!43 (or (not (>= x!4 60.0))                     (<= (+ (* 0.0168113867? x!0) (* (- 0.0168113867?) x!5)) 1.0)))           (a!44 (or (not (>= x!4 61.0))                     (<= (+ (* 0.0182732464? x!0) (* (- 0.0182732464?) x!5)) 1.0)))           (a!45 (or (not (>= x!4 62.0))                     (<= (+ (* 0.0198622244? x!0) (* (- 0.0198622244?) x!5)) 1.0)))           (a!46 (or (not (>= x!4 63.0))                     (<= (+ (* 0.0215893744? x!0) (* (- 0.0215893744?) x!5)) 1.0)))           (a!47 (or (not (>= x!4 64.0))                     (<= (+ (* 0.0234667113? x!0) (* (- 0.0234667113?) x!5)) 1.0)))           (a!48 (or (not (>= x!4 65.0))                     (<= (+ (* 0.0255072948? x!0) (* (- 0.0255072948?) x!5)) 1.0)))           (a!49 (or (not (>= x!4 66.0))                     (<= (+ (* 0.0277253205? x!0) (* (- 0.0277253205?) x!5)) 1.0)))           (a!50 (or (not (>= x!4 67.0))                     (<= (+ (* 0.0301362179? x!0) (* (- 0.0301362179?) x!5)) 1.0)))           (a!51 (or (not (>= x!4 68.0))                     (<= (+ (* 0.0327567586? x!0) (* (- 0.0327567586?) x!5)) 1.0)))           (a!52 (or (not (>= x!4 69.0))                     (<= (+ (* 0.0356051724? x!0) (* (- 0.0356051724?) x!5)) 1.0)))           (a!53 (or (not (>= x!4 70.0))                     (<= (+ (* 0.0387012744? x!0) (* (- 0.0387012744?) x!5)) 1.0)))           (a!54 (or (not (>= x!4 71.0))                     (<= (+ (* 0.0420666026? x!0) (* (- 0.0420666026?) x!5)) 1.0)))           (a!55 (or (not (>= x!4 72.0))                     (<= (+ (* 0.0457245680? x!0) (* (- 0.0457245680?) x!5)) 1.0)))           (a!56 (or (not (>= x!4 73.0))                     (<= (+ (* 1.0869565217? x!0) (* (- 1.0869565217?) x!5))                         21.8700808328?)))           (a!57 (or (not (>= x!4 74.0))                     (<= (+ (* 0.0540224103? x!0) (* (- 0.0540224103?) x!5)) 1.0)))           (a!58 (or (not (>= x!4 75.0))                     (<= (+ (* 0.0587200112? x!0) (* (- 0.0587200112?) x!5)) 1.0)))           (a!59 (or (not (>= x!4 76.0))                     (<= (+ (* 0.0638260991? x!0) (* (- 0.0638260991?) x!5)) 1.0)))           (a!60 (or (not (>= x!4 77.0))                     (<= (+ (* 0.0693761947? x!0) (* (- 0.0693761947?) x!5)) 1.0)))           (a!61 (or (not (>= x!4 78.0))                     (<= (+ (* 0.0754089072? x!0) (* (- 0.0754089072?) x!5)) 1.0)))           (a!62 (or (not (>= x!4 79.0))                     (<= (+ (* 0.0819662035? x!0) (* (- 0.0819662035?) x!5)) 1.0)))           (a!63 (or (not (>= x!4 80.0))                     (<= (+ (* 0.0890936995? x!0) (* (- 0.0890936995?) x!5)) 1.0)))           (a!64 (or (not (>= x!4 81.0))                     (<= (+ (* 0.0968409777? x!0) (* (- 0.0968409777?) x!5)) 1.0)))           (a!65 (or (not (>= x!4 82.0))                     (<= (+ (* 0.1052619323? x!0) (* (- 0.1052619323?) x!5)) 1.0)))           (a!66 (or (not (>= x!4 83.0))                     (<= (+ (* 0.1144151438? x!0) (* (- 0.1144151438?) x!5)) 1.0)))           (a!67 (or (not (>= x!4 84.0))                     (<= (+ (* 0.1243642868? x!0) (* (- 0.1243642868?) x!5)) 1.0)))           (a!68 (or (not (>= x!4 85.0))                     (<= (+ (* 0.1351785726? x!0) (* (- 0.1351785726?) x!5)) 1.0)))           (a!69 (or (not (>= x!4 86.0))                     (<= (+ (* 0.1469332310? x!0) (* (- 0.1469332310?) x!5)) 1.0)))           (a!70 (or (not (>= x!4 87.0))                     (<= (+ (* 0.1597100338? x!0) (* (- 0.1597100338?) x!5)) 1.0)))           (a!71 (or (not (>= x!4 88.0))                     (<= (+ (* 0.1735978628? x!0) (* (- 0.1735978628?) x!5)) 1.0)))           (a!72 (or (not (>= x!4 89.0))                     (<= (+ (* 0.1886933291? x!0) (* (- 0.1886933291?) x!5)) 1.0)))           (a!73 (or (not (>= x!4 90.0))                     (<= (+ (* 0.2051014447? x!0) (* (- 0.2051014447?) x!5)) 1.0)))           (a!74 (or (not (>= x!4 91.0))                     (<= (+ (* 0.2229363529? x!0) (* (- 0.2229363529?) x!5)) 1.0)))           (a!75 (or (not (>= x!4 92.0))                     (<= (+ (* 0.2423221228? x!0) (* (- 0.2423221228?) x!5)) 1.0)))           (a!76 (or (<= (+ (* 1.0869565217? x!0) (* (- 1.0869565217?) x!5))                         4.1267383614?)                     (not (>= x!4 93.0))))           (a!77 (or (not (>= x!4 94.0))                     (<= (+ (* 0.2862974040? x!0) (* (- 0.2862974040?) x!5)) 1.0)))           (a!78 (or (not (>= x!4 95.0))                     (<= (+ (* 0.3111928305? x!0) (* (- 0.3111928305?) x!5)) 1.0)))           (a!79 (or (not (>= x!4 96.0))                     (<= (+ (* 0.3382530766? x!0) (* (- 0.3382530766?) x!5)) 1.0)))           (a!80 (or (not (>= x!4 97.0))                     (<= (+ (* 0.3676663876? x!0) (* (- 0.3676663876?) x!5)) 1.0)))           (a!81 (or (not (>= x!4 98.0))                     (<= (+ (* 0.3996373778? x!0) (* (- 0.3996373778?) x!5)) 1.0)))           (a!82 (or (not (>= x!4 99.0))                     (<= (+ (* 0.4343884542? x!0) (* (- 0.4343884542?) x!5)) 1.0)))           (a!83 (or (not (>= x!4 100.0))                     (<= (+ (* 0.4721613632? x!0) (* (- 0.4721613632?) x!5)) 1.0)))           (a!84 (or (not (>= x!4 101.0))                     (<= (+ (* 0.5132188731? x!0) (* (- 0.5132188731?) x!5)) 1.0)))           (a!85 (or (not (>= x!4 102.0))                     (<= (+ (* 0.5578466012? x!0) (* (- 0.5578466012?) x!5)) 1.0)))           (a!86 (or (not (>= x!4 103.0))                     (<= (+ (* 0.6063550013? x!0) (* (- 0.6063550013?) x!5)) 1.0)))           (a!87 (or (not (>= x!4 104.0))                     (<= (+ (* 0.6590815232 x!0) (* (- 0.6590815232) x!5)) 1.0)))           (a!88 (or (<= (+ (* 1.0869565217? x!0) (* (- 1.0869565217?) x!5))                         1.5172629861?)                     (not (>= x!4 105.0))))           (a!89 (or (<= (+ (* 1.0869565217? x!0) (* (- 1.0869565217?) x!5))                         1.3958819472?)                     (not (>= x!4 106.0))))           (a!90 (or (not (>= x!4 107.0))                     (<= (+ (* 0.8464 x!0) (* (- 0.8464) x!5)) 1.0)))           (a!91 (or (not (>= x!4 108.0))                     (<= (+ (* 0.92 x!0) (* (- 0.92) x!5)) 1.0))))       (and (>= (+ (* 0.92 x!0) (* (- 0.92) x!5)) (- 0.46))            (<= (+ x!0 (* (- 1.0) x!5)) 2000.0)            a!1            a!2            a!3            a!4            a!5            a!6            a!7            a!8            a!9            a!10            a!11            a!12            a!13            a!14            a!15            a!16            a!17            a!18            a!19            a!20            a!21            a!22            a!23            a!24            a!25            a!26            a!27            a!28            a!29            a!30            a!31            a!32            a!33            a!34            a!35            a!36            a!37            a!38            a!39            a!40            a!41            a!42            a!43            a!44            a!45            a!46            a!47            a!48            a!49            a!50            a!51            a!52            a!53            a!54            a!55            a!56            a!57            a!58            a!59            a!60            a!61            a!62            a!63            a!64            a!65            a!66            a!67            a!68            a!69            a!70            a!71            a!72            a!73            a!74            a!75            a!76            a!77            a!78            a!79            a!80            a!81            a!82            a!83            a!84            a!85            a!86            a!87            a!88            a!89            a!90            a!91))) ),20.0360
p_2000.00_2000.00_0.00_2000.00_0.0800_110.00_1.00_0.50.smt2,2000.00,2000.00,0.00,2000.00,0.0800,110.00,1.00,0.50,Golem,sat,2.9410
p_2000.00_2000.00_0.00_2000.00_0.0800_110.00_1.00_1.00.smt2,2000.00,2000.00,0.00,2000.00,0.0800,110.00,1.00,1.00,Spacer,sat (   (define-fun Inv ((x!0 Real)    (x!1 Real)    (x!2 Real)    (x!3 Real)    (x!4 Real)    (x!5 Real)) Bool     (let ((a!1 (or (<= x!4 0.0)                    (<= (+ (* 0.0005066316? x!0) (* (- 0.0005066316?) x!5))                        0.9322021740?)))           (a!2 (or (<= x!4 1.0)                    (<= (+ (* 1.0869565217? x!0) (* (- 1.0869565217?) x!5))                        1973.8207560288?)))           (a!3 (or (<= (+ (* 1.0869565217? x!0) (* (- 1.0869565217?) x!5))                        1815.9150955465?)                    (not (>= x!4 20.0))))           (a!4 (or (not (>= x!4 21.0))                    (<= (+ (* 0.0006506220? x!0) (* (- 0.0006506220?) x!5)) 1.0)))           (a!5 (or (not (>= x!4 22.0))                    (<= (+ (* 0.0007071979? x!0) (* (- 0.0007071979?) x!5)) 1.0)))           (a!6 (or (not (>= x!4 23.0))                    (<= (+ (* 0.0007686933? x!0) (* (- 0.0007686933?) x!5)) 1.0)))           (a!7 (or (not (>= x!4 24.0))                    (<= (+ (* 0.0008355363? x!0) (* (- 0.0008355363?) x!5)) 1.0)))           (a!8 (or (not (>= x!4 25.0))                    (<= (+ (* 0.0009081916? x!0) (* (- 0.0009081916?) x!5)) 1.0)))           (a!9 (or (not (>= x!4 26.0))                    (<= (+ (* 0.0009871648? x!0) (* (- 0.0009871648?) x!5)) 1.0)))           (a!10 (or (not (>= x!4 27.0))                     (<= (+ (* 0.0010730052? x!0) (* (- 0.0010730052?) x!5)) 1.0)))           (a!11 (or (not (>= x!4 28.0))                     (<= (+ (* 0.0011663100? x!0) (* (- 0.0011663100?) x!5)) 1.0)))           (a!12 (or (not (>= x!4 29.0))                     (<= (+ (* 0.0012677283? x!0) (* (- 0.0012677283?) x!5)) 1.0)))           (a!13 (or (not (>= x!4 30.0))                     (<= (+ (* 0.0013779655? x!0) (* (- 0.0013779655?) x!5)) 1.0)))           (a!14 (or (not (>= x!4 31.0))                     (<= (+ (* 0.0014977886? x!0) (* (- 0.0014977886?) x!5)) 1.0)))           (a!15 (or (not (>= x!4 32.0))                     (<= (+ (* 0.0016280311? x!0) (* (- 0.0016280311?) x!5)) 1.0)))           (a!16 (or (not (>= x!4 33.0))                     (<= (+ (* 0.0017695990? x!0) (* (- 0.0017695990?) x!5)) 1.0)))           (a!17 (or (not (>= x!4 34.0))                     (<= (+ (* 0.0019234772? x!0) (* (- 0.0019234772?) x!5)) 1.0)))           (a!18 (or (not (>= x!4 35.0))                     (<= (+ (* 0.0020907361? x!0) (* (- 0.0020907361?) x!5)) 1.0)))           (a!19 (or (not (>= x!4 36.0))                     (<= (+ (* 0.0022725392? x!0) (* (- 0.0022725392?) x!5)) 1.0)))           (a!20 (or (not (>= x!4 37.0))                     (<= (+ (* 0.0024701513? x!0) (* (- 0.0024701513?) x!5)) 1.0)))           (a!21 (or (not (>= x!4 38.0))                     (<= (+ (* 0.0026849471? x!0) (* (- 0.0026849471?) x!5)) 1.0)))           (a!22 (or (not (>= x!4 39.0))                     (<= (+ (* 0.0029184208? x!0) (* (- 0.0029184208?) x!5)) 1.0)))           (a!23 (or (not (>= x!4 40.0))                     (<= (+ (* 0.0031721965? x!0) (* (- 0.0031721965?) x!5)) 1.0)))           (a!24 (or (not (>= x!4 41.0))                     (<= (+ (* 0.0034480397? x!0) (* (- 0.0034480397?) x!5)) 1.0)))           (a!25 (or (not (>= x!4 42.0))                     (<= (+ (* 0.0037478692? x!0) (* (- 0.0037478692?) x!5)) 1.0)))           (a!26 (or (not (>= x!4 43.0))                     (<= (+ (* 0.0040737709? x!0) (* (- 0.0040737709?) x!5)) 1.0)))           (a!27 (or (not (>= x!4 44.0))                     (<= (+ (* 0.0044280118? x!0) (* (- 0.0044280118?) x!5)) 1.0)))           (a!28 (or (not (>= x!4 45.0))                     (<= (+ (* 0.0048130563? x!0) (* (- 0.0048130563?) x!5)) 1.0)))           (a!29 (or (not (>= x!4 46.0))                     (<= (+ (* 0.0052315830? x!0) (* (- 0.0052315830?) x!5)) 1.0)))           (a!30 (or (not (>= x!4 47.0))                     (<= (+ (* 0.0056865032? x!0) (* (- 0.0056865032?) x!5)) 1.0)))           (a!31 (or (not (>= x!4 48.0))                     (<= (+ (* 0.0061809818? x!0) (* (- 0.0061809818?) x!5)) 1.0)))           (a!32 (or (not (>= x!4 49.0))                     (<= (+ (* 0.0067184585? x!0) (* (- 0.0067184585?) x!5)) 1.0)))           (a!33 (or (not (>= x!4 50.0))                     (<= (+ (* 0.0073026723? x!0) (* (- 0.0073026723?) x!5)) 1.0)))           (a!34 (or (not (>= x!4 51.0))                     (<= (+ (* 0.0079376872? x!0) (* (- 0.0079376872?) x!5)) 1.0)))           (a!35 (or (not (>= x!4 52.0))                     (<= (+ (* 0.0086279209? x!0) (* (- 0.0086279209?) x!5)) 1.0)))           (a!36 (or (not (>= x!4 53.0))                     (<= (+ (* 0.0093781749? x!0) (* (- 0.0093781749?) x!5)) 1.0)))           (a!37 (or (not (>= x!4 54.0))                     (<= (+ (* 0.0101936684? x!0) (* (- 0.0101936684?) x!5)) 1.0)))           (a!38 (or (not (>= x!4 55.0))                     (<= (+ (* 0.0110800744? x!0) (* (- 0.0110800744?) x!5)) 1.0)))           (a!39 (or (not (>= x!4 56.0))                     (<= (+ (* 0.0120435591? x!0) (* (- 0.0120435591?) x!5)) 1.0)))           (a!40 (or (not (>= x!4 57.0))                     (<= (+ (* 0.0130908251? x!0) (* (- 0.0130908251?) x!5)) 1.0)))           (a!41 (or (not (>= x!4 58.0))                     (<= (+ (* 0.0142291577? x!0) (* (- 0.0142291577?) x!5)) 1.0)))           (a!42 (or (not (>= x!4 59.0))                     (<= (+ (* 0.0154664758? x!0) (* (- 0.0154664758?) x!5)) 1.0)))           (a!43 (or (not (>= x!4 60.0))                     (<= (+ (* 0.0168113867? x!0) (* (- 0.0168113867?) x!5)) 1.0)))           (a!44 (or (not (>= x!4 61.0))                     (<= (+ (* 0.0182732464? x!0) (* (- 0.0182732464?) x!5)) 1.0)))           (a!45 (or (not (>= x!4 62.0))                     (<= (+ (* 0.0198622244? x!0) (* (- 0.0198622244?) x!5)) 1.0)))           (a!46 (or (not (>= x!4 63.0))                     (<= (+ (* 0.0215893744? x!0) (* (- 0.0215893744?) x!5)) 1.0)))           (a!47 (or (not (>= x!4 64.0))                     (<= (+ (* 0.0234667113? x!0) (* (- 0.0234667113?) x!5)) 1.0)))           (a!48 (or (not (>= x!4 65.0))                     (<= (+ (* 0.0255072948? x!0) (* (- 0.0255072948?) x!5)) 1.0)))           (a!49 (or (not (>= x!4 66.0))                     (<= (+ (* 0.0277253205? x!0) (* (- 0.0277253205?) x!5)) 1.0)))           (a!50 (or (not (>= x!4 67.0))                     (<= (+ (* 0.0301362179? x!0) (* (- 0.0301362179?) x!5)) 1.0)))           (a!51 (or (not (>= x!4 68.0))                     (<= (+ (* 0.0327567586? x!0) (* (- 0.0327567586?) x!5)) 1.0)))           (a!52 (or (not (>= x!4 69.0))                     (<= (+ (* 0.0356051724? x!0) (* (- 0.0356051724?) x!5)) 1.0)))           (a!53 (or (not (>= x!4 70.0))                     (<= (+ (* 0.0387012744? x!0) (* (- 0.0387012744?) x!5)) 1.0)))           (a!54 (or (not (>= x!4 71.0))                     (<= (+ (* 0.0420666026? x!0) (* (- 0.0420666026?) x!5)) 1.0)))           (a!55 (or (not (>= x!4 72.0))                     (<= (+ (* 0.0457245680? x!0) (* (- 0.0457245680?) x!5)) 1.0)))           (a!56 (or (not (>= x!4 73.0))                     (<= (+ (* 1.0869565217? x!0) (* (- 1.0869565217?) x!5))                         21.8700808328?)))           (a!57 (or (not (>= x!4 74.0))                     (<= (+ (* 0.0540224103? x!0) (* (- 0.0540224103?) x!5)) 1.0)))           (a!58 (or (not (>= x!4 75.0))                     (<= (+ (* 0.0587200112? x!0) (* (- 0.0587200112?) x!5)) 1.0)))           (a!59 (or (not (>= x!4 76.0))                     (<= (+ (* 0.0638260991? x!0) (* (- 0.0638260991?) x!5)) 1.0)))           (a!60 (or (not (>= x!4 77.0))                     (<= (+ (* 0.0693761947? x!0) (* (- 0.0693761947?) x!5)) 1.0)))           (a!61 (or (not (>= x!4 78.0))                     (<= (+ (* 0.0754089072? x!0) (* (- 0.0754089072?) x!5)) 1.0)))           (a!62 (or (not (>= x!4 79.0))                     (<= (+ (* 0.0819662035? x!0) (* (- 0.0819662035?) x!5)) 1.0)))           (a!63 (or (not (>= x!4 80.0))                     (<= (+ (* 0.0890936995? x!0) (* (- 0.0890936995?) x!5)) 1.0)))           (a!64 (or (not (>= x!4 81.0))                     (<= (+ (* 0.0968409777? x!0) (* (- 0.0968409777?) x!5)) 1.0)))           (a!65 (or (not (>= x!4 82.0))                     (<= (+ (* 0.1052619323? x!0) (* (- 0.1052619323?) x!5)) 1.0)))           (a!66 (or (not (>= x!4 83.0))                     (<= (+ (* 0.1144151438? x!0) (* (- 0.1144151438?) x!5)) 1.0)))           (a!67 (or (not (>= x!4 84.0))                     (<= (+ (* 0.1243642868? x!0) (* (- 0.1243642868?) x!5)) 1.0)))           (a!68 (or (not (>= x!4 85.0))                     (<= (+ (* 0.1351785726? x!0) (* (- 0.1351785726?) x!5)) 1.0)))           (a!69 (or (not (>= x!4 86.0))                     (<= (+ (* 0.1469332310? x!0) (* (- 0.1469332310?) x!5)) 1.0)))           (a!70 (or (not (>= x!4 87.0))                     (<= (+ (* 0.1597100338? x!0) (* (- 0.1597100338?) x!5)) 1.0)))           (a!71 (or (not (>= x!4 88.0))                     (<= (+ (* 0.1735978628? x!0) (* (- 0.1735978628?) x!5)) 1.0)))           (a!72 (or (not (>= x!4 89.0))                     (<= (+ (* 0.1886933291? x!0) (* (- 0.1886933291?) x!5)) 1.0)))           (a!73 (or (not (>= x!4 90.0))                     (<= (+ (* 0.2051014447? x!0) (* (- 0.2051014447?) x!5)) 1.0)))           (a!74 (or (not (>= x!4 91.0))                     (<= (+ (* 0.2229363529? x!0) (* (- 0.2229363529?) x!5)) 1.0)))           (a!75 (or (not (>= x!4 92.0))                     (<= (+ (* 0.2423221228? x!0) (* (- 0.2423221228?) x!5)) 1.0)))           (a!76 (or (<= (+ (* 1.0869565217? x!0) (* (- 1.0869565217?) x!5))                         4.1267383614?)                     (not (>= x!4 93.0))))           (a!77 (or (not (>= x!4 94.0))                     (<= (+ (* 0.2862974040? x!0) (* (- 0.2862974040?) x!5)) 1.0)))           (a!78 (or (not (>= x!4 95.0))                     (<= (+ (* 0.3111928305? x!0) (* (- 0.3111928305?) x!5)) 1.0)))           (a!79 (or (not (>= x!4 96.0))                     (<= (+ (* 0.3382530766? x!0) (* (- 0.3382530766?) x!5)) 1.0)))           (a!80 (or (not (>= x!4 97.0))                     (<= (+ (* 0.3676663876? x!0) (* (- 0.3676663876?) x!5)) 1.0)))           (a!81 (or (not (>= x!4 98.0))                     (<= (+ (* 0.3996373778? x!0) (* (- 0.3996373778?) x!5)) 1.0)))           (a!82 (or (not (>= x!4 99.0))                     (<= (+ (* 0.4343884542? x!0) (* (- 0.4343884542?) x!5)) 1.0)))           (a!83 (or (not (>= x!4 100.0))                     (<= (+ (* 0.4721613632? x!0) (* (- 0.4721613632?) x!5)) 1.0)))           (a!84 (or (not (>= x!4 101.0))                     (<= (+ (* 0.5132188731? x!0) (* (- 0.5132188731?) x!5)) 1.0)))           (a!85 (or (not (>= x!4 102.0))                     (<= (+ (* 0.5578466012? x!0) (* (- 0.5578466012?) x!5)) 1.0)))           (a!86 (or (not (>= x!4 103.0))                     (<= (+ (* 0.6063550013? x!0) (* (- 0.6063550013?) x!5)) 1.0)))           (a!87 (or (not (>= x!4 104.0))                     (<= (+ (* 0.6590815232 x!0) (* (- 0.6590815232) x!5)) 1.0)))           (a!88 (or (<= (+ (* 1.0869565217? x!0) (* (- 1.0869565217?) x!5))                         1.5172629861?)                     (not (>= x!4 105.0))))           (a!89 (or (<= (+ (* 1.0869565217? x!0) (* (- 1.0869565217?) x!5))                         1.3958819472?)                     (not (>= x!4 106.0))))           (a!90 (or (not (>= x!4 107.0))                     (<= (+ (* 0.8464 x!0) (* (- 0.8464) x!5)) 1.0)))           (a!91 (or (not (>= x!4 108.0))                     (<= (+ (* 0.92 x!0) (* (- 0.92) x!5)) 1.0))))       (and (>= (+ (* 0.92 x!0) (* (- 0.92) x!5)) (- 0.92))            (<= (+ x!0 (* (- 1.0) x!5)) 2000.0)            a!1            a!2            a!3            a!4            a!5            a!6            a!7            a!8            a!9            a!10            a!11            a!12            a!13            a!14            a!15            a!16            a!17            a!18            a!19            a!20            a!21            a!22            a!23            a!24            a!25            a!26            a!27            a!28            a!29            a!30            a!31            a!32            a!33            a!34            a!35            a!36            a!37            a!38            a!39            a!40            a!41            a!42            a!43            a!44            a!45            a!46            a!47            a!48            a!49            a!50            a!51            a!52            a!53            a!54            a!55            a!56            a!57            a!58            a!59            a!60            a!61            a!62            a!63            a!64            a!65            a!66            a!67            a!68            a!69            a!70            a!71            a!72            a!73            a!74            a!75            a!76            a!77            a!78            a!79            a!80            a!81            a!82            a!83            a!84            a!85            a!86            a!87            a!88            a!89            a!90            a!91))) ),16.8369
p_2000.00_2000.00_0.00_2000.00_0.0800_110.00_1.00_1.00.smt2,2000.00,2000.00,0.00,2000.00,0.0800,110.00,1.00,1.00,Golem,sat,6.1565
p_2000.00_2000.00_0.00_2000.00_0.0800_2582.50_0.50_0.50.smt2,2000.00,2000.00,0.00,2000.00,0.0800,2582.50,0.50,0.50,Spacer,TIMEOUT,327.5785
p_2000.00_2000.00_0.00_2000.00_0.0800_2582.50_0.50_0.50.smt2,2000.00,2000.00,0.00,2000.00,0.0800,2582.50,0.50,0.50,Golem,TIMEOUT,327.4779
p_2000.00_2000.00_0.00_2000.00_0.0800_2582.50_0.50_1.00.smt2,2000.00,2000.00,0.00,2000.00,0.0800,2582.50,0.50,1.00,Spacer,TIMEOUT,328.1658
p_2000.00_2000.00_0.00_2000.00_0.0800_2582.50_0.50_1.00.smt2,2000.00,2000.00,0.00,2000.00,0.0800,2582.50,0.50,1.00,Golem,TIMEOUT,331.6902
p_2000.00_2000.00_0.00_2000.00_0.0800_2582.50_1.00_0.50.smt2,2000.00,2000.00,0.00,2000.00,0.0800,2582.50,1.00,0.50,Spacer,TIMEOUT,327.9942
p_2000.00_2000.00_0.00_2000.00_0.0800_2582.50_1.00_0.50.smt2,2000.00,2000.00,0.00,2000.00,0.0800,2582.50,1.00,0.50,Golem,TIMEOUT,327.9331
p_2000.00_2000.00_0.00_2000.00_0.0800_2582.50_1.00_1.00.smt2,2000.00,2000.00,0.00,2000.00,0.0800,2582.50,1.00,1.00,Spacer,TIMEOUT,330.8882
p_2000.00_2000.00_0.00_2000.00_0.0800_2582.50_1.00_1.00.smt2,2000.00,2000.00,0.00,2000.00,0.0800,2582.50,1.00,1.00,Golem,TIMEOUT,328.4986
p_2000.00_2000.00_0.00_2000.00_0.0800_5055.00_0.50_0.50.smt2,2000.00,2000.00,0.00,2000.00,0.0800,5055.00,0.50,0.50,Spacer,TIMEOUT,328.1661
p_2000.00_2000.00_0.00_2000.00_0.0800_5055.00_0.50_0.50.smt2,2000.00,2000.00,0.00,2000.00,0.0800,5055.00,0.50,0.50,Golem,TIMEOUT,331.3852
p_2000.00_2000.00_0.00_2000.00_0.0800_5055.00_0.50_1.00.smt2,2000.00,2000.00,0.00,2000.00,0.0800,5055.00,0.50,1.00,Spacer,TIMEOUT,326.0832
p_2000.00_2000.00_0.00_2000.00_0.0800_5055.00_0.50_1.00.smt2,2000.00,2000.00,0.00,2000.00,0.0800,5055.00,0.50,1.00,Golem,TIMEOUT,327.4908
p_2000.00_2000.00_0.00_2000.00_0.0800_5055.00_1.00_0.50.smt2,2000.00,2000.00,0.00,2000.00,0.0800,5055.00,1.00,0.50,Spacer,TIMEOUT,328.5028
p_2000.00_2000.00_0.00_2000.00_0.0800_5055.00_1.00_0.50.smt2,2000.00,2000.00,0.00,2000.00,0.0800,5055.00,1.00,0.50,Golem,TIMEOUT,321.5468
p_2000.00_2000.00_0.00_2000.00_0.0800_5055.00_1.00_1.00.smt2,2000.00,2000.00,0.00,2000.00,0.0800,5055.00,1.00,1.00,Spacer,TIMEOUT,320.5139
p_2000.00_2000.00_0.00_2000.00_0.0800_5055.00_1.00_1.00.smt2,2000.00,2000.00,0.00,2000.00,0.0800,5055.00,1.00,1.00,Golem,TIMEOUT,322.4783
p_2000.00_2000.00_0.00_2000.00_0.0800_7527.50_0.50_0.50.smt2,2000.00,2000.00,0.00,2000.00,0.0800,7527.50,0.50,0.50,Spacer,TIMEOUT,321.4531
p_2000.00_2000.00_0.00_2000.00_0.0800_7527.50_0.50_0.50.smt2,2000.00,2000.00,0.00,2000.00,0.0800,7527.50,0.50,0.50,Golem,TIMEOUT,323.5696
p_2000.00_2000.00_0.00_2000.00_0.0800_7527.50_0.50_1.00.smt2,2000.00,2000.00,0.00,2000.00,0.0800,7527.50,0.50,1.00,Spacer,TIMEOUT,322.0276
p_2000.00_2000.00_0.00_2000.00_0.0800_7527.50_0.50_1.00.smt2,2000.00,2000.00,0.00,2000.00,0.0800,7527.50,0.50,1.00,Golem,TIMEOUT,320.9364
p_2000.00_2000.00_0.00_2000.00_0.0800_7527.50_1.00_0.50.smt2,2000.00,2000.00,0.00,2000.00,0.0800,7527.50,1.00,0.50,Spacer,TIMEOUT,319.4371
p_2000.00_2000.00_0.00_2000.00_0.0800_7527.50_1.00_0.50.smt2,2000.00,2000.00,0.00,2000.00,0.0800,7527.50,1.00,0.50,Golem,TIMEOUT,327.4821
p_2000.00_2000.00_0.00_2000.00_0.0800_7527.50_1.00_1.00.smt2,2000.00,2000.00,0.00,2000.00,0.0800,7527.50,1.00,1.00,Spacer,TIMEOUT,326.2208
p_2000.00_2000.00_0.00_2000.00_0.0800_7527.50_1.00_1.00.smt2,2000.00,2000.00,0.00,2000.00,0.0800,7527.50,1.00,1.00,Golem,TIMEOUT,325.6482
p_2000.00_2000.00_0.00_2000.00_0.1000_10000.00_0.50_0.50.smt2,2000.00,2000.00,0.00,2000.00,0.1000,10000.00,0.50,0.50,Spacer,TIMEOUT,329.7403
p_2000.00_2000.00_0.00_2000.00_0.1000_10000.00_0.50_0.50.smt2,2000.00,2000.00,0.00,2000.00,0.1000,10000.00,0.50,0.50,Golem,TIMEOUT,328.5122
p_2000.00_2000.00_0.00_2000.00_0.1000_10000.00_0.50_1.00.smt2,2000.00,2000.00,0.00,2000.00,0.1000,10000.00,0.50,1.00,Spacer,TIMEOUT,328.8908
p_2000.00_2000.00_0.00_2000.00_0.1000_10000.00_0.50_1.00.smt2,2000.00,2000.00,0.00,2000.00,0.1000,10000.00,0.50,1.00,Golem,TIMEOUT,331.0476
p_2000.00_2000.00_0.00_2000.00_0.1000_10000.00_1.00_0.50.smt2,2000.00,2000.00,0.00,2000.00,0.1000,10000.00,1.00,0.50,Spacer,TIMEOUT,328.9750
p_2000.00_2000.00_0.00_2000.00_0.1000_10000.00_1.00_0.50.smt2,2000.00,2000.00,0.00,2000.00,0.1000,10000.00,1.00,0.50,Golem,TIMEOUT,329.5732
p_2000.00_2000.00_0.00_2000.00_0.1000_10000.00_1.00_1.00.smt2,2000.00,2000.00,0.00,2000.00,0.1000,10000.00,1.00,1.00,Spacer,TIMEOUT,331.7482
p_2000.00_2000.00_0.00_2000.00_0.1000_10000.00_1.00_1.00.smt2,2000.00,2000.00,0.00,2000.00,0.1000,10000.00,1.00,1.00,Golem,TIMEOUT,327.6187
p_2000.00_2000.00_0.00_2000.00_0.1000_110.00_0.50_0.50.smt2,2000.00,2000.00,0.00,2000.00,0.1000,110.00,0.50,0.50,Spacer,sat (   (define-fun Inv ((x!0 Real)    (x!1 Real)    (x!2 Real)    (x!3 Real)    (x!4 Real)    (x!5 Real)) Bool     (let ((a!1 (or (<= x!4 0.0)                    (<= (+ (* 0.0002697216? x!0) (* (- 0.0002697216?) x!5))                        0.4854988900?)))           (a!2 (or (<= x!4 1.0)                    (<= (+ (* 1.1111111111? x!0) (* (- 1.1111111111?) x!5))                        1853.7632493516?)))           (a!3 (or (<= (+ (* 1.1111111111? x!0) (* (- 1.1111111111?) x!5))                        1668.3869244165?)                    (not (>= x!4 33.0))))           (a!4 (or (not (>= x!4 34.0))                    (<= (+ (* 0.0003699884? x!0) (* (- 0.0003699884?) x!5)) 0.5)))           (a!5 (or (not (>= x!4 35.0))                    (<= (+ (* 0.0004110983? x!0) (* (- 0.0004110983?) x!5)) 0.5)))           (a!6 (or (not (>= x!4 36.0))                    (<= (+ (* 0.0004567759? x!0) (* (- 0.0004567759?) x!5)) 0.5)))           (a!7 (or (not (>= x!4 37.0))                    (<= (+ (* 0.0005075287? x!0) (* (- 0.0005075287?) x!5)) 0.5)))           (a!8 (or (not (>= x!4 38.0))                    (<= (+ (* 0.0005639208? x!0) (* (- 0.0005639208?) x!5)) 0.5)))           (a!9 (or (not (>= x!4 39.0))                    (<= (+ (* 0.0006265787? x!0) (* (- 0.0006265787?) x!5)) 0.5)))           (a!10 (or (not (>= x!4 40.0))                     (<= (+ (* 0.0006961986? x!0) (* (- 0.0006961986?) x!5)) 0.5)))           (a!11 (or (not (>= x!4 41.0))                     (<= (+ (* 0.0007735540? x!0) (* (- 0.0007735540?) x!5)) 0.5)))           (a!12 (or (not (>= x!4 42.0))                     (<= (+ (* 0.0008595044? x!0) (* (- 0.0008595044?) x!5)) 0.5)))           (a!13 (or (not (>= x!4 43.0))                     (<= (+ (* 0.0009550049? x!0) (* (- 0.0009550049?) x!5)) 0.5)))           (a!14 (or (not (>= x!4 44.0))                     (<= (+ (* 0.0010611166? x!0) (* (- 0.0010611166?) x!5)) 0.5)))           (a!15 (or (not (>= x!4 45.0))                     (<= (+ (* 0.0011790184? x!0) (* (- 0.0011790184?) x!5)) 0.5)))           (a!16 (or (not (>= x!4 46.0))                     (<= (+ (* 0.0013100205? x!0) (* (- 0.0013100205?) x!5)) 0.5)))           (a!17 (or (not (>= x!4 47.0))                     (<= (+ (* 0.0014555783? x!0) (* (- 0.0014555783?) x!5)) 0.5)))           (a!18 (or (not (>= x!4 48.0))                     (<= (+ (* 0.0016173092? x!0) (* (- 0.0016173092?) x!5)) 0.5)))           (a!19 (or (not (>= x!4 49.0))                     (<= (+ (* 0.0017970102? x!0) (* (- 0.0017970102?) x!5)) 0.5)))           (a!20 (or (not (>= x!4 50.0))                     (<= (+ (* 0.0019966781? x!0) (* (- 0.0019966781?) x!5)) 0.5)))           (a!21 (or (not (>= x!4 51.0))                     (<= (+ (* 0.0022185312? x!0) (* (- 0.0022185312?) x!5)) 0.5)))           (a!22 (or (not (>= x!4 52.0))                     (<= (+ (* 0.0024650347? x!0) (* (- 0.0024650347?) x!5)) 0.5)))           (a!23 (or (not (>= x!4 53.0))                     (<= (+ (* 0.0027389274? x!0) (* (- 0.0027389274?) x!5)) 0.5)))           (a!24 (or (not (>= x!4 54.0))                     (<= (+ (* 0.0030432527? x!0) (* (- 0.0030432527?) x!5)) 0.5)))           (a!25 (or (not (>= x!4 55.0))                     (<= (+ (* 0.0033813919? x!0) (* (- 0.0033813919?) x!5)) 0.5)))           (a!26 (or (not (>= x!4 56.0))                     (<= (+ (* 0.0037571021? x!0) (* (- 0.0037571021?) x!5)) 0.5)))           (a!27 (or (not (>= x!4 57.0))                     (<= (+ (* 0.0041745579? x!0) (* (- 0.0041745579?) x!5)) 0.5)))           (a!28 (or (not (>= x!4 58.0))                     (<= (+ (* 0.0046383976? x!0) (* (- 0.0046383976?) x!5)) 0.5)))           (a!29 (or (not (>= x!4 59.0))                     (<= (+ (* 0.0051537752? x!0) (* (- 0.0051537752?) x!5)) 0.5)))           (a!30 (or (not (>= x!4 60.0))                     (<= (+ (* 0.0057264168? x!0) (* (- 0.0057264168?) x!5)) 0.5)))           (a!31 (or (not (>= x!4 61.0))                     (<= (+ (* 0.0063626854? x!0) (* (- 0.0063626854?) x!5)) 0.5)))           (a!32 (or (not (>= x!4 62.0))                     (<= (+ (* 0.0070696504? x!0) (* (- 0.0070696504?) x!5)) 0.5)))           (a!33 (or (not (>= x!4 63.0))                     (<= (+ (* 0.0078551672? x!0) (* (- 0.0078551672?) x!5)) 0.5)))           (a!34 (or (not (>= x!4 64.0))                     (<= (+ (* 0.0087279635? x!0) (* (- 0.0087279635?) x!5)) 0.5)))           (a!35 (or (not (>= x!4 65.0))                     (<= (+ (* 0.0096977372? x!0) (* (- 0.0096977372?) x!5)) 0.5)))           (a!36 (or (not (>= x!4 66.0))                     (<= (+ (* 0.0107752636? x!0) (* (- 0.0107752636?) x!5)) 0.5)))           (a!37 (or (not (>= x!4 67.0))                     (<= (+ (* 0.0119725151? x!0) (* (- 0.0119725151?) x!5)) 0.5)))           (a!38 (or (not (>= x!4 68.0))                     (<= (+ (* 0.0133027946? x!0) (* (- 0.0133027946?) x!5)) 0.5)))           (a!39 (or (not (>= x!4 69.0))                     (<= (+ (* 0.0147808829? x!0) (* (- 0.0147808829?) x!5)) 0.5)))           (a!40 (or (not (>= x!4 70.0))                     (<= (+ (* 0.0164232032? x!0) (* (- 0.0164232032?) x!5)) 0.5)))           (a!41 (or (not (>= x!4 71.0))                     (<= (+ (* 0.0182480036? x!0) (* (- 0.0182480036?) x!5)) 0.5)))           (a!42 (or (not (>= x!4 72.0))                     (<= (+ (* 0.0202755595? x!0) (* (- 0.0202755595?) x!5)) 0.5)))           (a!43 (or (not (>= x!4 73.0))                     (<= (+ (* 0.0225283995? x!0) (* (- 0.0225283995?) x!5)) 0.5)))           (a!44 (or (not (>= x!4 74.0))                     (<= (+ (* 0.0250315550? x!0) (* (- 0.0250315550?) x!5)) 0.5)))           (a!45 (or (not (>= x!4 75.0))                     (<= (+ (* 0.0278128389? x!0) (* (- 0.0278128389?) x!5)) 0.5)))           (a!46 (or (not (>= x!4 76.0))                     (<= (+ (* 1.1111111111? x!0) (* (- 1.1111111111?) x!5))                         17.9773090046?)))           (a!47 (or (not (>= x!4 77.0))                     (<= (+ (* 0.0343368382? x!0) (* (- 0.0343368382?) x!5)) 0.5)))           (a!48 (or (not (>= x!4 78.0))                     (<= (+ (* 0.0381520424? x!0) (* (- 0.0381520424?) x!5)) 0.5)))           (a!49 (or (not (>= x!4 79.0))                     (<= (+ (* 0.0423911582? x!0) (* (- 0.0423911582?) x!5)) 0.5)))           (a!50 (or (not (>= x!4 80.0))                     (<= (+ (* 0.0471012869? x!0) (* (- 0.0471012869?) x!5)) 0.5)))           (a!51 (or (not (>= x!4 81.0))                     (<= (+ (* 0.0523347633? x!0) (* (- 0.0523347633?) x!5)) 0.5)))           (a!52 (or (not (>= x!4 82.0))                     (<= (+ (* 0.0581497370? x!0) (* (- 0.0581497370?) x!5)) 0.5)))           (a!53 (or (not (>= x!4 83.0))                     (<= (+ (* 0.0646108188? x!0) (* (- 0.0646108188?) x!5)) 0.5)))           (a!54 (or (not (>= x!4 84.0))                     (<= (+ (* 0.0717897987? x!0) (* (- 0.0717897987?) x!5)) 0.5)))           (a!55 (or (not (>= x!4 85.0))                     (<= (+ (* 0.0797664430? x!0) (* (- 0.0797664430?) x!5)) 0.5)))           (a!56 (or (not (>= x!4 86.0))                     (<= (+ (* 0.0886293811? x!0) (* (- 0.0886293811?) x!5)) 0.5)))           (a!57 (or (not (>= x!4 87.0))                     (<= (+ (* 0.0984770902? x!0) (* (- 0.0984770902?) x!5)) 0.5)))           (a!58 (or (not (>= x!4 88.0))                     (<= (+ (* 0.1094189891? x!0) (* (- 0.1094189891?) x!5)) 0.5)))           (a!59 (or (not (>= x!4 89.0))                     (<= (+ (* 0.1215766545? x!0) (* (- 0.1215766545?) x!5)) 0.5)))           (a!60 (or (not (>= x!4 90.0))                     (<= (+ (* 0.1350851717? x!0) (* (- 0.1350851717?) x!5)) 0.5)))           (a!61 (or (not (>= x!4 91.0))                     (<= (+ (* 0.1500946352? x!0) (* (- 0.1500946352?) x!5)) 0.5)))           (a!62 (or (not (>= x!4 92.0))                     (<= (+ (* 0.1667718169? x!0) (* (- 0.1667718169?) x!5)) 0.5)))           (a!63 (or (not (>= x!4 93.0))                     (<= (+ (* 0.1853020188? x!0) (* (- 0.1853020188?) x!5)) 0.5)))           (a!64 (or (not (>= x!4 94.0))                     (<= (+ (* 0.2058911320? x!0) (* (- 0.2058911320?) x!5)) 0.5)))           (a!65 (or (not (>= x!4 95.0))                     (<= (+ (* 0.2287679245? x!0) (* (- 0.2287679245?) x!5)) 0.5)))           (a!66 (or (not (>= x!4 96.0))                     (<= (+ (* 0.2541865828? x!0) (* (- 0.2541865828?) x!5)) 0.5)))           (a!67 (or (not (>= x!4 97.0))                     (<= (+ (* 0.2824295364? x!0) (* (- 0.2824295364?) x!5)) 0.5)))           (a!68 (or (not (>= x!4 98.0))                     (<= (+ (* 0.3138105960? x!0) (* (- 0.3138105960?) x!5)) 0.5)))           (a!69 (or (not (>= x!4 99.0))                     (<= (+ (* 0.3486784401 x!0) (* (- 0.3486784401) x!5)) 0.5)))           (a!70 (or (not (>= x!4 100.0))                     (<= (+ (* 0.387420489 x!0) (* (- 0.387420489) x!5)) 0.5)))           (a!71 (or (not (>= x!4 101.0))                     (<= (+ (* 0.43046721 x!0) (* (- 0.43046721) x!5)) 0.5)))           (a!72 (or (not (>= x!4 102.0))                     (<= (+ (* 0.4782969 x!0) (* (- 0.4782969) x!5)) 0.5)))           (a!73 (or (not (>= x!4 103.0))                     (<= (+ (* 0.531441 x!0) (* (- 0.531441) x!5)) 0.5)))           (a!74 (or (<= (+ (* 1.1111111111? x!0) (* (- 1.1111111111?) x!5))                         0.9408382115?)                     (not (>= x!4 104.0))))           (a!75 (or (<= (+ (* 1.1111111111? x!0) (* (- 1.1111111111?) x!5))                         0.8467543904?)                     (not (>= x!4 105.0))))           (a!76 (or (<= (+ (* 1.1111111111? x!0) (* (- 1.1111111111?) x!5))                         0.7620789513?)                     (not (>= x!4 106.0))))           (a!77 (or (<= (+ (* 1.1111111111? x!0) (* (- 1.1111111111?) x!5))                         0.6858710562?)                     (not (>= x!4 107.0))))           (a!78 (or (<= (+ (* 1.1111111111? x!0) (* (- 1.1111111111?) x!5))                         0.6172839506?)                     (not (>= x!4 108.0)))))       (and (>= (+ (* 0.9 x!0) (* (- 0.9) x!5)) (- 0.45))            (<= (+ x!0 (* (- 1.0) x!5)) 2000.0)            a!1            a!2            a!3            a!4            a!5            a!6            a!7            a!8            a!9            a!10            a!11            a!12            a!13            a!14            a!15            a!16            a!17            a!18            a!19            a!20            a!21            a!22            a!23            a!24            a!25            a!26            a!27            a!28            a!29            a!30            a!31            a!32            a!33            a!34            a!35            a!36            a!37            a!38            a!39            a!40            a!41            a!42            a!43            a!44            a!45            a!46            a!47            a!48            a!49            a!50            a!51            a!52            a!53            a!54            a!55            a!56            a!57            a!58            a!59            a!60            a!61            a!62            a!63            a!64            a!65            a!66            a!67            a!68            a!69            a!70            a!71            a!72            a!73            a!74            a!75            a!76            a!77            a!78))) ),11.0279
p_2000.00_2000.00_0.00_2000.00_0.1000_110.00_0.50_0.50.smt2,2000.00,2000.00,0.00,2000.00,0.1000,110.00,0.50,0.50,Golem,sat,2.9467
p_2000.00_2000.00_0.00_2000.00_0.1000_110.00_0.50_1.00.smt2,2000.00,2000.00,0.00,2000.00,0.1000,110.00,0.50,1.00,Spacer,sat (   (define-fun Inv ((x!0 Real)    (x!1 Real)    (x!2 Real)    (x!3 Real)    (x!4 Real)    (x!5 Real)) Bool     (let ((a!1 (or (<= x!4 0.0)                    (<= (+ (* 0.0002697216? x!0) (* (- 0.0002697216?) x!5))                        0.4854988900?)))           (a!2 (or (<= x!4 1.0)                    (<= (+ (* 1.1111111111? x!0) (* (- 1.1111111111?) x!5))                        1853.7632493516?)))           (a!3 (or (not (>= x!4 33.0))                    (<= (+ (* 1.1111111111? x!0) (* (- 1.1111111111?) x!5))                        1668.3869244165?)))           (a!4 (or (not (>= x!4 34.0))                    (<= (+ (* 0.0003699884? x!0) (* (- 0.0003699884?) x!5)) 0.5)))           (a!5 (or (not (>= x!4 35.0))                    (<= (+ (* 0.0004110983? x!0) (* (- 0.0004110983?) x!5)) 0.5)))           (a!6 (or (not (>= x!4 36.0))                    (<= (+ (* 0.0004567759? x!0) (* (- 0.0004567759?) x!5)) 0.5)))           (a!7 (or (not (>= x!4 37.0))                    (<= (+ (* 0.0005075287? x!0) (* (- 0.0005075287?) x!5)) 0.5)))           (a!8 (or (not (>= x!4 38.0))                    (<= (+ (* 0.0005639208? x!0) (* (- 0.0005639208?) x!5)) 0.5)))           (a!9 (or (not (>= x!4 39.0))                    (<= (+ (* 0.0006265787? x!0) (* (- 0.0006265787?) x!5)) 0.5)))           (a!10 (or (not (>= x!4 40.0))                     (<= (+ (* 0.0006961986? x!0) (* (- 0.0006961986?) x!5)) 0.5)))           (a!11 (or (not (>= x!4 41.0))                     (<= (+ (* 0.0007735540? x!0) (* (- 0.0007735540?) x!5)) 0.5)))           (a!12 (or (not (>= x!4 42.0))                     (<= (+ (* 0.0008595044? x!0) (* (- 0.0008595044?) x!5)) 0.5)))           (a!13 (or (not (>= x!4 43.0))                     (<= (+ (* 0.0009550049? x!0) (* (- 0.0009550049?) x!5)) 0.5)))           (a!14 (or (not (>= x!4 44.0))                     (<= (+ (* 0.0010611166? x!0) (* (- 0.0010611166?) x!5)) 0.5)))           (a!15 (or (not (>= x!4 45.0))                     (<= (+ (* 0.0011790184? x!0) (* (- 0.0011790184?) x!5)) 0.5)))           (a!16 (or (not (>= x!4 46.0))                     (<= (+ (* 0.0013100205? x!0) (* (- 0.0013100205?) x!5)) 0.5)))           (a!17 (or (not (>= x!4 47.0))                     (<= (+ (* 0.0014555783? x!0) (* (- 0.0014555783?) x!5)) 0.5)))           (a!18 (or (not (>= x!4 48.0))                     (<= (+ (* 0.0016173092? x!0) (* (- 0.0016173092?) x!5)) 0.5)))           (a!19 (or (not (>= x!4 49.0))                     (<= (+ (* 0.0017970102? x!0) (* (- 0.0017970102?) x!5)) 0.5)))           (a!20 (or (not (>= x!4 50.0))                     (<= (+ (* 0.0019966781? x!0) (* (- 0.0019966781?) x!5)) 0.5)))           (a!21 (or (not (>= x!4 51.0))                     (<= (+ (* 0.0022185312? x!0) (* (- 0.0022185312?) x!5)) 0.5)))           (a!22 (or (not (>= x!4 52.0))                     (<= (+ (* 0.0024650347? x!0) (* (- 0.0024650347?) x!5)) 0.5)))           (a!23 (or (not (>= x!4 53.0))                     (<= (+ (* 0.0027389274? x!0) (* (- 0.0027389274?) x!5)) 0.5)))           (a!24 (or (not (>= x!4 54.0))                     (<= (+ (* 0.0030432527? x!0) (* (- 0.0030432527?) x!5)) 0.5)))           (a!25 (or (not (>= x!4 55.0))                     (<= (+ (* 0.0033813919? x!0) (* (- 0.0033813919?) x!5)) 0.5)))           (a!26 (or (not (>= x!4 56.0))                     (<= (+ (* 0.0037571021? x!0) (* (- 0.0037571021?) x!5)) 0.5)))           (a!27 (or (not (>= x!4 57.0))                     (<= (+ (* 0.0041745579? x!0) (* (- 0.0041745579?) x!5)) 0.5)))           (a!28 (or (not (>= x!4 58.0))                     (<= (+ (* 0.0046383976? x!0) (* (- 0.0046383976?) x!5)) 0.5)))           (a!29 (or (not (>= x!4 59.0))                     (<= (+ (* 0.0051537752? x!0) (* (- 0.0051537752?) x!5)) 0.5)))           (a!30 (or (not (>= x!4 60.0))                     (<= (+ (* 0.0057264168? x!0) (* (- 0.0057264168?) x!5)) 0.5)))           (a!31 (or (not (>= x!4 61.0))                     (<= (+ (* 0.0063626854? x!0) (* (- 0.0063626854?) x!5)) 0.5)))           (a!32 (or (not (>= x!4 62.0))                     (<= (+ (* 0.0070696504? x!0) (* (- 0.0070696504?) x!5)) 0.5)))           (a!33 (or (not (>= x!4 63.0))                     (<= (+ (* 0.0078551672? x!0) (* (- 0.0078551672?) x!5)) 0.5)))           (a!34 (or (not (>= x!4 64.0))                     (<= (+ (* 0.0087279635? x!0) (* (- 0.0087279635?) x!5)) 0.5)))           (a!35 (or (not (>= x!4 65.0))                     (<= (+ (* 0.0096977372? x!0) (* (- 0.0096977372?) x!5)) 0.5)))           (a!36 (or (not (>= x!4 66.0))                     (<= (+ (* 0.0107752636? x!0) (* (- 0.0107752636?) x!5)) 0.5)))           (a!37 (or (not (>= x!4 67.0))                     (<= (+ (* 0.0119725151? x!0) (* (- 0.0119725151?) x!5)) 0.5)))           (a!38 (or (not (>= x!4 68.0))                     (<= (+ (* 0.0133027946? x!0) (* (- 0.0133027946?) x!5)) 0.5)))           (a!39 (or (not (>= x!4 69.0))                     (<= (+ (* 0.0147808829? x!0) (* (- 0.0147808829?) x!5)) 0.5)))           (a!40 (or (not (>= x!4 70.0))                     (<= (+ (* 0.0164232032? x!0) (* (- 0.0164232032?) x!5)) 0.5)))           (a!41 (or (not (>= x!4 71.0))                     (<= (+ (* 0.0182480036? x!0) (* (- 0.0182480036?) x!5)) 0.5)))           (a!42 (or (not (>= x!4 72.0))                     (<= (+ (* 0.0202755595? x!0) (* (- 0.0202755595?) x!5)) 0.5)))           (a!43 (or (not (>= x!4 73.0))                     (<= (+ (* 0.0225283995? x!0) (* (- 0.0225283995?) x!5)) 0.5)))           (a!44 (or (not (>= x!4 74.0))                     (<= (+ (* 0.0250315550? x!0) (* (- 0.0250315550?) x!5)) 0.5)))           (a!45 (or (not (>= x!4 75.0))                     (<= (+ (* 0.0278128389? x!0) (* (- 0.0278128389?) x!5)) 0.5)))           (a!46 (or (not (>= x!4 76.0))                     (<= (+ (* 1.1111111111? x!0) (* (- 1.1111111111?) x!5))                         17.9773090046?)))           (a!47 (or (not (>= x!4 77.0))                     (<= (+ (* 0.0343368382? x!0) (* (- 0.0343368382?) x!5)) 0.5)))           (a!48 (or (not (>= x!4 78.0))                     (<= (+ (* 0.0381520424? x!0) (* (- 0.0381520424?) x!5)) 0.5)))           (a!49 (or (not (>= x!4 79.0))                     (<= (+ (* 0.0423911582? x!0) (* (- 0.0423911582?) x!5)) 0.5)))           (a!50 (or (not (>= x!4 80.0))                     (<= (+ (* 0.0471012869? x!0) (* (- 0.0471012869?) x!5)) 0.5)))           (a!51 (or (not (>= x!4 81.0))                     (<= (+ (* 0.0523347633? x!0) (* (- 0.0523347633?) x!5)) 0.5)))           (a!52 (or (not (>= x!4 82.0))                     (<= (+ (* 0.0581497370? x!0) (* (- 0.0581497370?) x!5)) 0.5)))           (a!53 (or (not (>= x!4 83.0))                     (<= (+ (* 0.0646108188? x!0) (* (- 0.0646108188?) x!5)) 0.5)))           (a!54 (or (not (>= x!4 84.0))                     (<= (+ (* 0.0717897987? x!0) (* (- 0.0717897987?) x!5)) 0.5)))           (a!55 (or (not (>= x!4 85.0))                     (<= (+ (* 0.0797664430? x!0) (* (- 0.0797664430?) x!5)) 0.5)))           (a!56 (or (not (>= x!4 86.0))                     (<= (+ (* 0.0886293811? x!0) (* (- 0.0886293811?) x!5)) 0.5)))           (a!57 (or (not (>= x!4 87.0))                     (<= (+ (* 0.0984770902? x!0) (* (- 0.0984770902?) x!5)) 0.5)))           (a!58 (or (not (>= x!4 88.0))                     (<= (+ (* 0.1094189891? x!0) (* (- 0.1094189891?) x!5)) 0.5)))           (a!59 (or (not (>= x!4 89.0))                     (<= (+ (* 0.1215766545? x!0) (* (- 0.1215766545?) x!5)) 0.5)))           (a!60 (or (not (>= x!4 90.0))                     (<= (+ (* 0.1350851717? x!0) (* (- 0.1350851717?) x!5)) 0.5)))           (a!61 (or (not (>= x!4 91.0))                     (<= (+ (* 0.1500946352? x!0) (* (- 0.1500946352?) x!5)) 0.5)))           (a!62 (or (not (>= x!4 92.0))                     (<= (+ (* 0.1667718169? x!0) (* (- 0.1667718169?) x!5)) 0.5)))           (a!63 (or (not (>= x!4 93.0))                     (<= (+ (* 0.1853020188? x!0) (* (- 0.1853020188?) x!5)) 0.5)))           (a!64 (or (not (>= x!4 94.0))                     (<= (+ (* 0.2058911320? x!0) (* (- 0.2058911320?) x!5)) 0.5)))           (a!65 (or (not (>= x!4 95.0))                     (<= (+ (* 0.2287679245? x!0) (* (- 0.2287679245?) x!5)) 0.5)))           (a!66 (or (not (>= x!4 96.0))                     (<= (+ (* 0.2541865828? x!0) (* (- 0.2541865828?) x!5)) 0.5)))           (a!67 (or (not (>= x!4 97.0))                     (<= (+ (* 0.2824295364? x!0) (* (- 0.2824295364?) x!5)) 0.5)))           (a!68 (or (not (>= x!4 98.0))                     (<= (+ (* 0.3138105960? x!0) (* (- 0.3138105960?) x!5)) 0.5)))           (a!69 (or (not (>= x!4 99.0))                     (<= (+ (* 0.3486784401 x!0) (* (- 0.3486784401) x!5)) 0.5)))           (a!70 (or (not (>= x!4 100.0))                     (<= (+ (* 0.387420489 x!0) (* (- 0.387420489) x!5)) 0.5)))           (a!71 (or (not (>= x!4 101.0))                     (<= (+ (* 0.43046721 x!0) (* (- 0.43046721) x!5)) 0.5)))           (a!72 (or (not (>= x!4 102.0))                     (<= (+ (* 0.4782969 x!0) (* (- 0.4782969) x!5)) 0.5)))           (a!73 (or (not (>= x!4 103.0))                     (<= (+ (* 0.531441 x!0) (* (- 0.531441) x!5)) 0.5)))           (a!74 (or (<= (+ (* 1.1111111111? x!0) (* (- 1.1111111111?) x!5))                         0.9408382115?)                     (not (>= x!4 104.0))))           (a!75 (or (<= (+ (* 1.1111111111? x!0) (* (- 1.1111111111?) x!5))                         0.8467543904?)                     (not (>= x!4 105.0))))           (a!76 (or (<= (+ (* 1.1111111111? x!0) (* (- 1.1111111111?) x!5))                         0.7620789513?)                     (not (>= x!4 106.0))))           (a!77 (or (<= (+ (* 1.1111111111? x!0) (* (- 1.1111111111?) x!5))                         0.6858710562?)                     (not (>= x!4 107.0))))           (a!78 (or (<= (+ (* 1.1111111111? x!0) (* (- 1.1111111111?) x!5))                         0.6172839506?)                     (not (>= x!4 108.0)))))       (and (>= (+ (* 0.9 x!0) (* (- 0.9) x!5)) (- 0.9))            (<= (+ x!0 (* (- 1.0) x!5)) 2000.0)            a!1            a!2            a!3            a!4            a!5            a!6            a!7            a!8            a!9            a!10            a!11            a!12            a!13            a!14            a!15            a!16            a!17            a!18            a!19            a!20            a!21            a!22            a!23            a!24            a!25            a!26            a!27            a!28            a!29            a!30            a!31            a!32            a!33            a!34            a!35            a!36            a!37            a!38            a!39            a!40            a!41            a!42            a!43            a!44            a!45            a!46            a!47            a!48            a!49            a!50            a!51            a!52            a!53            a!54            a!55            a!56            a!57            a!58            a!59            a!60            a!61            a!62            a!63            a!64            a!65            a!66            a!67            a!68            a!69            a!70            a!71            a!72            a!73            a!74            a!75            a!76            a!77            a!78))) ),14.0938
p_2000.00_2000.00_0.00_2000.00_0.1000_110.00_0.50_1.00.smt2,2000.00,2000.00,0.00,2000.00,0.1000,110.00,0.50,1.00,Golem,sat,2.9590
p_2000.00_2000.00_0.00_2000.00_0.1000_110.00_1.00_0.50.smt2,2000.00,2000.00,0.00,2000.00,0.1000,110.00,1.00,0.50,Spacer,sat (   (define-fun Inv ((x!0 Real)    (x!1 Real)    (x!2 Real)    (x!3 Real)    (x!4 Real)    (x!5 Real)) Bool     (let ((a!1 (or (<= x!4 0.0)                    (<= (+ (* 0.0005075287? x!0) (* (- 0.0005075287?) x!5))                        0.9135518149?)))           (a!2 (or (<= x!4 1.0)                    (<= (+ (* 0.0005639208? x!0) (* (- 0.0005639208?) x!5)) 1.0)))           (a!3 (or (<= x!4 2.0)                    (<= (+ (* 1.1111111111? x!0) (* (- 1.1111111111?) x!5))                        1773.2984309976?)))           (a!4 (or (<= x!4 3.0)                    (<= (+ (* 1.1111111111? x!0) (* (- 1.1111111111?) x!5))                        1595.9685878979?)))           (a!5 (or (<= x!4 4.0)                    (<= (+ (* 0.0007735540? x!0) (* (- 0.0007735540?) x!5)) 1.0)))           (a!6 (or (<= x!4 5.0)                    (<= (+ (* 0.0008595044? x!0) (* (- 0.0008595044?) x!5)) 1.0)))           (a!7 (or (<= x!4 6.0)                    (<= (+ (* 0.0009550049? x!0) (* (- 0.0009550049?) x!5)) 1.0)))           (a!8 (or (<= x!4 7.0)                    (<= (+ (* 1.1111111111? x!0) (* (- 1.1111111111?) x!5))                        1047.1149905198?)))           (a!9 (or (<= x!4 8.0)                    (<= (+ (* 1.1111111111? x!0) (* (- 1.1111111111?) x!5))                        942.4034914678?)))           (a!10 (or (<= x!4 9.0)                     (<= (+ (* 0.0013100205? x!0) (* (- 0.0013100205?) x!5)) 1.0)))           (a!11 (or (<= x!4 10.0)                     (<= (+ (* 1.1111111111? x!0) (* (- 1.1111111111?) x!5))                         763.3468280889?)))           (a!12 (or (<= x!4 11.0)                     (<= (+ (* 0.0016173092? x!0) (* (- 0.0016173092?) x!5)) 1.0)))           (a!13 (or (<= x!4 12.0)                     (<= (+ (* 0.0017970102? x!0) (* (- 0.0017970102?) x!5)) 1.0)))           (a!14 (or (<= x!4 13.0)                     (<= (+ (* 0.0019966781? x!0) (* (- 0.0019966781?) x!5)) 1.0)))           (a!15 (or (<= x!4 14.0)                     (<= (+ (* 0.0022185312? x!0) (* (- 0.0022185312?) x!5)) 1.0)))           (a!16 (or (<= x!4 15.0)                     (<= (+ (* 0.0024650347? x!0) (* (- 0.0024650347?) x!5)) 1.0)))           (a!17 (or (<= x!4 16.0)                     (<= (+ (* 1.1111111111? x!0) (* (- 1.1111111111?) x!5))                         405.6738016664?)))           (a!18 (or (<= x!4 17.0)                     (<= (+ (* 1.1111111111? x!0) (* (- 1.1111111111?) x!5))                         365.1064214997?)))           (a!19 (or (<= x!4 18.0)                     (<= (+ (* 1.1111111111? x!0) (* (- 1.1111111111?) x!5))                         328.5957793497?)))           (a!20 (or (<= x!4 19.0)                     (<= (+ (* 1.1111111111? x!0) (* (- 1.1111111111?) x!5))                         295.7362014148?)))           (a!21 (or (<= x!4 20.0)                     (<= (+ (* 0.0041745579? x!0) (* (- 0.0041745579?) x!5)) 1.0)))           (a!22 (or (<= x!4 21.0)                     (<= (+ (* 0.0046383976? x!0) (* (- 0.0046383976?) x!5)) 1.0)))           (a!23 (or (<= x!4 22.0)                     (<= (+ (* 0.0051537752? x!0) (* (- 0.0051537752?) x!5)) 1.0)))           (a!24 (or (<= x!4 23.0)                     (<= (+ (* 0.0057264168? x!0) (* (- 0.0057264168?) x!5)) 1.0)))           (a!25 (or (<= x!4 24.0)                     (<= (+ (* 0.0063626854? x!0) (* (- 0.0063626854?) x!5)) 1.0)))           (a!26 (or (<= x!4 25.0)                     (<= (+ (* 1.1111111111? x!0) (* (- 1.1111111111?) x!5))                         157.1663426160?)))           (a!27 (or (<= x!4 26.0)                     (<= (+ (* 1.1111111111? x!0) (* (- 1.1111111111?) x!5))                         141.4497083544?)))           (a!28 (or (<= x!4 27.0)                     (<= (+ (* 1.1111111111? x!0) (* (- 1.1111111111?) x!5))                         127.3047375190?)))           (a!29 (or (<= x!4 28.0)                     (<= (+ (* 0.0096977372? x!0) (* (- 0.0096977372?) x!5)) 1.0)))           (a!30 (or (<= x!4 29.0)                     (<= (+ (* 1.1111111111? x!0) (* (- 1.1111111111?) x!5))                         103.1168373904?)))           (a!31 (or (<= x!4 30.0)                     (<= (+ (* 1.1111111111? x!0) (* (- 1.1111111111?) x!5))                         92.8051536513?)))           (a!32 (or (<= x!4 31.0)                     (<= (+ (* 1.1111111111? x!0) (* (- 1.1111111111?) x!5))                         83.5246382862?)))           (a!33 (or (<= x!4 32.0)                     (<= (+ (* 1.1111111111? x!0) (* (- 1.1111111111?) x!5))                         75.1721744576?)))           (a!34 (or (<= x!4 33.0)                     (<= (+ (* 1.1111111111? x!0) (* (- 1.1111111111?) x!5))                         67.6549570118?)))           (a!35 (or (<= x!4 34.0)                     (<= (+ (* 1.1111111111? x!0) (* (- 1.1111111111?) x!5))                         60.8894613106?)))           (a!36 (or (<= x!4 35.0)                     (<= (+ (* 1.1111111111? x!0) (* (- 1.1111111111?) x!5))                         54.8005151796?)))           (a!37 (or (<= x!4 36.0)                     (<= (+ (* 1.1111111111? x!0) (* (- 1.1111111111?) x!5))                         49.3204636616?)))           (a!38 (or (<= x!4 37.0)                     (<= (+ (* 1.1111111111? x!0) (* (- 1.1111111111?) x!5))                         44.3884172954?)))           (a!39 (or (<= x!4 38.0)                     (<= (+ (* 1.1111111111? x!0) (* (- 1.1111111111?) x!5))                         39.9495755659?)))           (a!40 (or (<= x!4 39.0)                     (<= (+ (* 1.1111111111? x!0) (* (- 1.1111111111?) x!5))                         35.9546180093?)))           (a!41 (or (<= x!4 40.0)                     (<= (+ (* 1.1111111111? x!0) (* (- 1.1111111111?) x!5))                         32.3591562084?)))           (a!42 (or (<= x!4 41.0)                     (<= (+ (* 1.1111111111? x!0) (* (- 1.1111111111?) x!5))                         29.1232405875?)))           (a!43 (or (<= x!4 42.0)                     (<= (+ (* 1.1111111111? x!0) (* (- 1.1111111111?) x!5))                         26.2109165288?)))           (a!44 (or (<= x!4 43.0)                     (<= (+ (* 1.1111111111? x!0) (* (- 1.1111111111?) x!5))                         23.5898248759?)))           (a!45 (or (<= x!4 44.0)                     (<= (+ (* 1.1111111111? x!0) (* (- 1.1111111111?) x!5))                         21.2308423883?)))           (a!46 (or (<= x!4 45.0)                     (<= (+ (* 1.1111111111? x!0) (* (- 1.1111111111?) x!5))                         19.1077581494?)))           (a!47 (or (<= x!4 46.0)                     (<= (+ (* 1.1111111111? x!0) (* (- 1.1111111111?) x!5))                         17.1969823345?)))           (a!48 (or (<= x!4 47.0)                     (<= (+ (* 1.1111111111? x!0) (* (- 1.1111111111?) x!5))                         15.4772841010?)))           (a!49 (or (<= x!4 48.0)                     (<= (+ (* 1.1111111111? x!0) (* (- 1.1111111111?) x!5))                         13.9295556909?)))           (a!50 (or (<= x!4 49.0)                     (<= (+ (* 1.1111111111? x!0) (* (- 1.1111111111?) x!5))                         12.5366001218?)))           (a!51 (or (<= x!4 50.0)                     (<= (+ (* 1.1111111111? x!0) (* (- 1.1111111111?) x!5))                         11.2829401096?)))           (a!52 (or (<= x!4 51.0)                     (<= (+ (* 1.1111111111? x!0) (* (- 1.1111111111?) x!5))                         10.1546460987?)))           (a!53 (or (<= x!4 52.0)                     (<= (+ (* 1.1111111111? x!0) (* (- 1.1111111111?) x!5))                         9.1391814888?)))           (a!54 (or (<= x!4 53.0)                     (<= (+ (* 1.1111111111? x!0) (* (- 1.1111111111?) x!5))                         8.2252633399?)))           (a!55 (or (<= x!4 54.0)                     (<= (+ (* 1.1111111111? x!0) (* (- 1.1111111111?) x!5))                         7.4027370059?)))           (a!56 (or (<= x!4 55.0)                     (<= (+ (* 1.1111111111? x!0) (* (- 1.1111111111?) x!5))                         6.6624633053?)))           (a!57 (or (<= x!4 56.0)                     (<= (+ (* 1.1111111111? x!0) (* (- 1.1111111111?) x!5))                         5.9962169748?)))           (a!58 (or (<= x!4 57.0)                     (<= (+ (* 1.1111111111? x!0) (* (- 1.1111111111?) x!5))                         5.3965952773?)))           (a!59 (or (<= x!4 58.0)                     (<= (+ (* 1.1111111111? x!0) (* (- 1.1111111111?) x!5))                         4.8569357496?)))           (a!60 (or (<= x!4 59.0)                     (<= (+ (* 1.1111111111? x!0) (* (- 1.1111111111?) x!5))                         4.3712421746?)))           (a!61 (or (<= x!4 60.0)                     (<= (+ (* 1.1111111111? x!0) (* (- 1.1111111111?) x!5))                         3.9341179571?)))           (a!62 (or (<= x!4 61.0)                     (<= (+ (* 1.1111111111? x!0) (* (- 1.1111111111?) x!5))                         3.5407061614?)))           (a!63 (or (<= x!4 62.0)                     (<= (+ (* 1.1111111111? x!0) (* (- 1.1111111111?) x!5))                         3.1866355453?)))           (a!64 (or (<= x!4 63.0)                     (<= (+ (* 1.1111111111? x!0) (* (- 1.1111111111?) x!5))                         2.8679719907?)))           (a!65 (or (<= x!4 64.0)                     (<= (+ (* 1.1111111111? x!0) (* (- 1.1111111111?) x!5))                         2.5811747917?)))           (a!66 (or (<= x!4 65.0)                     (<= (+ (* 1.1111111111? x!0) (* (- 1.1111111111?) x!5))                         2.3230573125?)))           (a!67 (or (<= x!4 66.0)                     (<= (+ (* 1.1111111111? x!0) (* (- 1.1111111111?) x!5))                         2.0907515812?)))           (a!68 (or (<= x!4 67.0)                     (<= (+ (* 0.59049 x!0) (* (- 0.59049) x!5)) 1.0)))           (a!69 (or (<= x!4 68.0)                     (<= (+ (* 0.6561 x!0) (* (- 0.6561) x!5)) 1.0)))           (a!70 (or (<= x!4 69.0)                     (<= (+ (* 1.1111111111? x!0) (* (- 1.1111111111?) x!5))                         1.5241579027?)))           (a!71 (or (<= x!4 70.0)                     (<= (+ (* 1.1111111111? x!0) (* (- 1.1111111111?) x!5))                         1.3717421124?)))           (a!72 (or (not (>= x!4 108.0))                     (<= (+ (* 1.1111111111? x!0) (* (- 1.1111111111?) x!5))                         1.2345679012?))))       (and (>= (+ (* 0.9 x!0) (* (- 0.9) x!5)) (- 0.45))            (<= (+ x!0 (* (- 1.0) x!5)) 2000.0)            a!1            a!2            a!3            a!4            a!5            a!6            a!7            a!8            a!9            a!10            a!11            a!12            a!13            a!14            a!15            a!16            a!17            a!18            a!19            a!20            a!21            a!22            a!23            a!24            a!25            a!26            a!27            a!28            a!29            a!30            a!31            a!32            a!33            a!34            a!35            a!36            a!37            a!38            a!39            a!40            a!41            a!42            a!43            a!44            a!45            a!46            a!47            a!48            a!49            a!50            a!51            a!52            a!53            a!54            a!55            a!56            a!57            a!58            a!59            a!60            a!61            a!62            a!63            a!64            a!65            a!66            a!67            a!68            a!69            a!70            a!71            a!72))) ),47.2061
p_2000.00_2000.00_0.00_2000.00_0.1000_110.00_1.00_0.50.smt2,2000.00,2000.00,0.00,2000.00,0.1000,110.00,1.00,0.50,Golem,sat,2.9539
p_2000.00_2000.00_0.00_2000.00_0.1000_110.00_1.00_1.00.smt2,2000.00,2000.00,0.00,2000.00,0.1000,110.00,1.00,1.00,Spacer,sat (   (define-fun Inv ((x!0 Real)    (x!1 Real)    (x!2 Real)    (x!3 Real)    (x!4 Real)    (x!5 Real)) Bool     (let ((a!1 (or (<= x!4 0.0)                    (<= (+ (* 0.0005075287? x!0) (* (- 0.0005075287?) x!5))                        0.9135518149?)))           (a!2 (or (<= x!4 1.0)                    (<= (+ (* 0.0005639208? x!0) (* (- 0.0005639208?) x!5)) 1.0)))           (a!3 (or (<= x!4 2.0)                    (<= (+ (* 1.1111111111? x!0) (* (- 1.1111111111?) x!5))                        1773.2984309976?)))           (a!4 (or (<= x!4 3.0)                    (<= (+ (* 1.1111111111? x!0) (* (- 1.1111111111?) x!5))                        1595.9685878979?)))           (a!5 (or (<= x!4 4.0)                    (<= (+ (* 0.0007735540? x!0) (* (- 0.0007735540?) x!5)) 1.0)))           (a!6 (or (<= x!4 5.0)                    (<= (+ (* 0.0008595044? x!0) (* (- 0.0008595044?) x!5)) 1.0)))           (a!7 (or (<= x!4 6.0)                    (<= (+ (* 0.0009550049? x!0) (* (- 0.0009550049?) x!5)) 1.0)))           (a!8 (or (<= x!4 7.0)                    (<= (+ (* 1.1111111111? x!0) (* (- 1.1111111111?) x!5))                        1047.1149905198?)))           (a!9 (or (<= x!4 8.0)                    (<= (+ (* 1.1111111111? x!0) (* (- 1.1111111111?) x!5))                        942.4034914678?)))           (a!10 (or (<= x!4 9.0)                     (<= (+ (* 0.0013100205? x!0) (* (- 0.0013100205?) x!5)) 1.0)))           (a!11 (or (<= x!4 10.0)                     (<= (+ (* 1.1111111111? x!0) (* (- 1.1111111111?) x!5))                         763.3468280889?)))           (a!12 (or (<= x!4 11.0)                     (<= (+ (* 0.0016173092? x!0) (* (- 0.0016173092?) x!5)) 1.0)))           (a!13 (or (<= x!4 12.0)                     (<= (+ (* 0.0017970102? x!0) (* (- 0.0017970102?) x!5)) 1.0)))           (a!14 (or (<= x!4 13.0)                     (<= (+ (* 0.0019966781? x!0) (* (- 0.0019966781?) x!5)) 1.0)))           (a!15 (or (<= x!4 14.0)                     (<= (+ (* 0.0022185312? x!0) (* (- 0.0022185312?) x!5)) 1.0)))           (a!16 (or (<= x!4 15.0)                     (<= (+ (* 0.0024650347? x!0) (* (- 0.0024650347?) x!5)) 1.0)))           (a!17 (or (<= x!4 16.0)                     (<= (+ (* 1.1111111111? x!0) (* (- 1.1111111111?) x!5))                         405.6738016664?)))           (a!18 (or (<= x!4 17.0)                     (<= (+ (* 1.1111111111? x!0) (* (- 1.1111111111?) x!5))                         365.1064214997?)))           (a!19 (or (<= x!4 18.0)                     (<= (+ (* 1.1111111111? x!0) (* (- 1.1111111111?) x!5))                         328.5957793497?)))           (a!20 (or (<= x!4 19.0)                     (<= (+ (* 1.1111111111? x!0) (* (- 1.1111111111?) x!5))                         295.7362014148?)))           (a!21 (or (<= x!4 20.0)                     (<= (+ (* 0.0041745579? x!0) (* (- 0.0041745579?) x!5)) 1.0)))           (a!22 (or (<= x!4 21.0)                     (<= (+ (* 0.0046383976? x!0) (* (- 0.0046383976?) x!5)) 1.0)))           (a!23 (or (<= x!4 22.0)                     (<= (+ (* 0.0051537752? x!0) (* (- 0.0051537752?) x!5)) 1.0)))           (a!24 (or (<= x!4 23.0)                     (<= (+ (* 0.0057264168? x!0) (* (- 0.0057264168?) x!5)) 1.0)))           (a!25 (or (<= x!4 24.0)                     (<= (+ (* 0.0063626854? x!0) (* (- 0.0063626854?) x!5)) 1.0)))           (a!26 (or (<= x!4 25.0)                     (<= (+ (* 1.1111111111? x!0) (* (- 1.1111111111?) x!5))                         157.1663426160?)))           (a!27 (or (<= x!4 26.0)                     (<= (+ (* 1.1111111111? x!0) (* (- 1.1111111111?) x!5))                         141.4497083544?)))           (a!28 (or (<= x!4 27.0)                     (<= (+ (* 1.1111111111? x!0) (* (- 1.1111111111?) x!5))                         127.3047375190?)))           (a!29 (or (<= x!4 28.0)                     (<= (+ (* 0.0096977372? x!0) (* (- 0.0096977372?) x!5)) 1.0)))           (a!30 (or (<= x!4 29.0)                     (<= (+ (* 1.1111111111? x!0) (* (- 1.1111111111?) x!5))                         103.1168373904?)))           (a!31 (or (<= x!4 30.0)                     (<= (+ (* 1.1111111111? x!0) (* (- 1.1111111111?) x!5))                         92.8051536513?)))           (a!32 (or (<= x!4 31.0)                     (<= (+ (* 1.1111111111? x!0) (* (- 1.1111111111?) x!5))                         83.5246382862?)))           (a!33 (or (<= x!4 32.0)                     (<= (+ (* 1.1111111111? x!0) (* (- 1.1111111111?) x!5))                         75.1721744576?)))           (a!34 (or (<= x!4 33.0)                     (<= (+ (* 1.1111111111? x!0) (* (- 1.1111111111?) x!5))                         67.6549570118?)))           (a!35 (or (<= x!4 34.0)                     (<= (+ (* 1.1111111111? x!0) (* (- 1.1111111111?) x!5))                         60.8894613106?)))           (a!36 (or (<= x!4 35.0)                     (<= (+ (* 1.1111111111? x!0) (* (- 1.1111111111?) x!5))                         54.8005151796?)))           (a!37 (or (<= x!4 36.0)                     (<= (+ (* 1.1111111111? x!0) (* (- 1.1111111111?) x!5))                         49.3204636616?)))           (a!38 (or (<= x!4 37.0)                     (<= (+ (* 1.1111111111? x!0) (* (- 1.1111111111?) x!5))                         44.3884172954?)))           (a!39 (or (<= x!4 38.0)                     (<= (+ (* 1.1111111111? x!0) (* (- 1.1111111111?) x!5))                         39.9495755659?)))           (a!40 (or (<= x!4 39.0)                     (<= (+ (* 1.1111111111? x!0) (* (- 1.1111111111?) x!5))                         35.9546180093?)))           (a!41 (or (<= x!4 40.0)                     (<= (+ (* 1.1111111111? x!0) (* (- 1.1111111111?) x!5))                         32.3591562084?)))           (a!42 (or (<= x!4 41.0)                     (<= (+ (* 1.1111111111? x!0) (* (- 1.1111111111?) x!5))                         29.1232405875?)))           (a!43 (or (<= x!4 42.0)                     (<= (+ (* 1.1111111111? x!0) (* (- 1.1111111111?) x!5))                         26.2109165288?)))           (a!44 (or (<= x!4 43.0)                     (<= (+ (* 1.1111111111? x!0) (* (- 1.1111111111?) x!5))                         23.5898248759?)))           (a!45 (or (<= x!4 44.0)                     (<= (+ (* 1.1111111111? x!0) (* (- 1.1111111111?) x!5))                         21.2308423883?)))           (a!46 (or (<= x!4 45.0)                     (<= (+ (* 1.1111111111? x!0) (* (- 1.1111111111?) x!5))                         19.1077581494?)))           (a!47 (or (<= x!4 46.0)                     (<= (+ (* 1.1111111111? x!0) (* (- 1.1111111111?) x!5))                         17.1969823345?)))           (a!48 (or (<= x!4 47.0)                     (<= (+ (* 1.1111111111? x!0) (* (- 1.1111111111?) x!5))                         15.4772841010?)))           (a!49 (or (<= x!4 48.0)                     (<= (+ (* 1.1111111111? x!0) (* (- 1.1111111111?) x!5))                         13.9295556909?)))           (a!50 (or (<= x!4 49.0)                     (<= (+ (* 1.1111111111? x!0) (* (- 1.1111111111?) x!5))                         12.5366001218?)))           (a!51 (or (<= x!4 50.0)                     (<= (+ (* 1.1111111111? x!0) (* (- 1.1111111111?) x!5))                         11.2829401096?)))           (a!52 (or (<= x!4 51.0)                     (<= (+ (* 1.1111111111? x!0) (* (- 1.1111111111?) x!5))                         10.1546460987?)))           (a!53 (or (<= x!4 52.0)                     (<= (+ (* 1.1111111111? x!0) (* (- 1.1111111111?) x!5))                         9.1391814888?)))           (a!54 (or (<= x!4 53.0)                     (<= (+ (* 1.1111111111? x!0) (* (- 1.1111111111?) x!5))                         8.2252633399?)))           (a!55 (or (<= x!4 54.0)                     (<= (+ (* 1.1111111111? x!0) (* (- 1.1111111111?) x!5))                         7.4027370059?)))           (a!56 (or (<= x!4 55.0)                     (<= (+ (* 1.1111111111? x!0) (* (- 1.1111111111?) x!5))                         6.6624633053?)))           (a!57 (or (<= x!4 56.0)                     (<= (+ (* 1.1111111111? x!0) (* (- 1.1111111111?) x!5))                         5.9962169748?)))           (a!58 (or (<= x!4 57.0)                     (<= (+ (* 1.1111111111? x!0) (* (- 1.1111111111?) x!5))                         5.3965952773?)))           (a!59 (or (<= x!4 58.0)                     (<= (+ (* 1.1111111111? x!0) (* (- 1.1111111111?) x!5))                         4.8569357496?)))           (a!60 (or (<= x!4 59.0)                     (<= (+ (* 1.1111111111? x!0) (* (- 1.1111111111?) x!5))                         4.3712421746?)))           (a!61 (or (<= x!4 60.0)                     (<= (+ (* 1.1111111111? x!0) (* (- 1.1111111111?) x!5))                         3.9341179571?)))           (a!62 (or (<= x!4 61.0)                     (<= (+ (* 1.1111111111? x!0) (* (- 1.1111111111?) x!5))                         3.5407061614?)))           (a!63 (or (<= x!4 62.0)                     (<= (+ (* 1.1111111111? x!0) (* (- 1.1111111111?) x!5))                         3.1866355453?)))           (a!64 (or (<= x!4 63.0)                     (<= (+ (* 1.1111111111? x!0) (* (- 1.1111111111?) x!5))                         2.8679719907?)))           (a!65 (or (<= x!4 64.0)                     (<= (+ (* 1.1111111111? x!0) (* (- 1.1111111111?) x!5))                         2.5811747917?)))           (a!66 (or (<= x!4 65.0)                     (<= (+ (* 1.1111111111? x!0) (* (- 1.1111111111?) x!5))                         2.3230573125?)))           (a!67 (or (<= x!4 66.0)                     (<= (+ (* 1.1111111111? x!0) (* (- 1.1111111111?) x!5))                         2.0907515812?)))           (a!68 (or (<= x!4 67.0)                     (<= (+ (* 0.59049 x!0) (* (- 0.59049) x!5)) 1.0)))           (a!69 (or (<= x!4 68.0)                     (<= (+ (* 0.6561 x!0) (* (- 0.6561) x!5)) 1.0)))           (a!70 (or (<= x!4 69.0)                     (<= (+ (* 1.1111111111? x!0) (* (- 1.1111111111?) x!5))                         1.5241579027?)))           (a!71 (or (<= x!4 70.0)                     (<= (+ (* 1.1111111111? x!0) (* (- 1.1111111111?) x!5))                         1.3717421124?)))           (a!72 (or (not (>= x!4 108.0))                     (<= (+ (* 1.1111111111? x!0) (* (- 1.1111111111?) x!5))                         1.2345679012?))))       (and (>= (+ (* 0.9 x!0) (* (- 0.9) x!5)) (- 0.9))            (<= (+ x!0 (* (- 1.0) x!5)) 2000.0)            a!1            a!2            a!3            a!4            a!5            a!6            a!7            a!8            a!9            a!10            a!11            a!12            a!13            a!14            a!15            a!16            a!17            a!18            a!19            a!20            a!21            a!22            a!23            a!24            a!25            a!26            a!27            a!28            a!29            a!30            a!31            a!32            a!33            a!34            a!35            a!36            a!37            a!38            a!39            a!40            a!41            a!42            a!43            a!44            a!45            a!46            a!47            a!48            a!49            a!50            a!51            a!52            a!53            a!54            a!55            a!56            a!57            a!58            a!59            a!60            a!61            a!62            a!63            a!64            a!65            a!66            a!67            a!68            a!69            a!70            a!71            a!72))) ),52.3850
p_2000.00_2000.00_0.00_2000.00_0.1000_110.00_1.00_1.00.smt2,2000.00,2000.00,0.00,2000.00,0.1000,110.00,1.00,1.00,Golem,sat,2.9583
p_2000.00_2000.00_0.00_2000.00_0.1000_2582.50_0.50_0.50.smt2,2000.00,2000.00,0.00,2000.00,0.1000,2582.50,0.50,0.50,Spacer,TIMEOUT,329.0438
p_2000.00_2000.00_0.00_2000.00_0.1000_2582.50_0.50_0.50.smt2,2000.00,2000.00,0.00,2000.00,0.1000,2582.50,0.50,0.50,Golem,TIMEOUT,329.5494
p_2000.00_2000.00_0.00_2000.00_0.1000_2582.50_0.50_1.00.smt2,2000.00,2000.00,0.00,2000.00,0.1000,2582.50,0.50,1.00,Spacer,TIMEOUT,331.9418
p_2000.00_2000.00_0.00_2000.00_0.1000_2582.50_0.50_1.00.smt2,2000.00,2000.00,0.00,2000.00,0.1000,2582.50,0.50,1.00,Golem,TIMEOUT,329.0296
p_2000.00_2000.00_0.00_2000.00_0.1000_2582.50_1.00_0.50.smt2,2000.00,2000.00,0.00,2000.00,0.1000,2582.50,1.00,0.50,Spacer,TIMEOUT,330.1336
p_2000.00_2000.00_0.00_2000.00_0.1000_2582.50_1.00_0.50.smt2,2000.00,2000.00,0.00,2000.00,0.1000,2582.50,1.00,0.50,Golem,TIMEOUT,332.5928
p_2000.00_2000.00_0.00_2000.00_0.1000_2582.50_1.00_1.00.smt2,2000.00,2000.00,0.00,2000.00,0.1000,2582.50,1.00,1.00,Spacer,TIMEOUT,327.8181
p_2000.00_2000.00_0.00_2000.00_0.1000_2582.50_1.00_1.00.smt2,2000.00,2000.00,0.00,2000.00,0.1000,2582.50,1.00,1.00,Golem,TIMEOUT,328.7606
p_2000.00_2000.00_0.00_2000.00_0.1000_5055.00_0.50_0.50.smt2,2000.00,2000.00,0.00,2000.00,0.1000,5055.00,0.50,0.50,Spacer,TIMEOUT,330.0922
p_2000.00_2000.00_0.00_2000.00_0.1000_5055.00_0.50_0.50.smt2,2000.00,2000.00,0.00,2000.00,0.1000,5055.00,0.50,0.50,Golem,TIMEOUT,332.5652
p_2000.00_2000.00_0.00_2000.00_0.1000_5055.00_0.50_1.00.smt2,2000.00,2000.00,0.00,2000.00,0.1000,5055.00,0.50,1.00,Spacer,TIMEOUT,329.2112
p_2000.00_2000.00_0.00_2000.00_0.1000_5055.00_0.50_1.00.smt2,2000.00,2000.00,0.00,2000.00,0.1000,5055.00,0.50,1.00,Golem,TIMEOUT,328.8342
p_2000.00_2000.00_0.00_2000.00_0.1000_5055.00_1.00_0.50.smt2,2000.00,2000.00,0.00,2000.00,0.1000,5055.00,1.00,0.50,Spacer,TIMEOUT,333.5071
p_2000.00_2000.00_0.00_2000.00_0.1000_5055.00_1.00_0.50.smt2,2000.00,2000.00,0.00,2000.00,0.1000,5055.00,1.00,0.50,Golem,TIMEOUT,329.9900
p_2000.00_2000.00_0.00_2000.00_0.1000_5055.00_1.00_1.00.smt2,2000.00,2000.00,0.00,2000.00,0.1000,5055.00,1.00,1.00,Spacer,TIMEOUT,327.3377
p_2000.00_2000.00_0.00_2000.00_0.1000_5055.00_1.00_1.00.smt2,2000.00,2000.00,0.00,2000.00,0.1000,5055.00,1.00,1.00,Golem,TIMEOUT,332.3933
p_2000.00_2000.00_0.00_2000.00_0.1000_7527.50_0.50_0.50.smt2,2000.00,2000.00,0.00,2000.00,0.1000,7527.50,0.50,0.50,Spacer,TIMEOUT,330.5254
p_2000.00_2000.00_0.00_2000.00_0.1000_7527.50_0.50_0.50.smt2,2000.00,2000.00,0.00,2000.00,0.1000,7527.50,0.50,0.50,Golem,TIMEOUT,329.6316
p_2000.00_2000.00_0.00_2000.00_0.1000_7527.50_0.50_1.00.smt2,2000.00,2000.00,0.00,2000.00,0.1000,7527.50,0.50,1.00,Spacer,TIMEOUT,332.0988
p_2000.00_2000.00_0.00_2000.00_0.1000_7527.50_0.50_1.00.smt2,2000.00,2000.00,0.00,2000.00,0.1000,7527.50,0.50,1.00,Golem,TIMEOUT,329.4236
p_2000.00_2000.00_0.00_2000.00_0.1000_7527.50_1.00_0.50.smt2,2000.00,2000.00,0.00,2000.00,0.1000,7527.50,1.00,0.50,Spacer,TIMEOUT,330.6178
p_2000.00_2000.00_0.00_2000.00_0.1000_7527.50_1.00_0.50.smt2,2000.00,2000.00,0.00,2000.00,0.1000,7527.50,1.00,0.50,Golem,TIMEOUT,330.4559
p_2000.00_2000.00_0.00_2000.00_0.1000_7527.50_1.00_1.00.smt2,2000.00,2000.00,0.00,2000.00,0.1000,7527.50,1.00,1.00,Spacer,TIMEOUT,333.7286
p_2000.00_2000.00_0.00_2000.00_0.1000_7527.50_1.00_1.00.smt2,2000.00,2000.00,0.00,2000.00,0.1000,7527.50,1.00,1.00,Golem,TIMEOUT,329.8675
p_2000.00_2000.00_0.00_2000.00_0.1200_10000.00_0.50_0.50.smt2,2000.00,2000.00,0.00,2000.00,0.1200,10000.00,0.50,0.50,Spacer,TIMEOUT,330.8631
p_2000.00_2000.00_0.00_2000.00_0.1200_10000.00_0.50_0.50.smt2,2000.00,2000.00,0.00,2000.00,0.1200,10000.00,0.50,0.50,Golem,TIMEOUT,333.9715
p_2000.00_2000.00_0.00_2000.00_0.1200_10000.00_0.50_1.00.smt2,2000.00,2000.00,0.00,2000.00,0.1200,10000.00,0.50,1.00,Spacer,TIMEOUT,329.9271
p_2000.00_2000.00_0.00_2000.00_0.1200_10000.00_0.50_1.00.smt2,2000.00,2000.00,0.00,2000.00,0.1200,10000.00,0.50,1.00,Golem,TIMEOUT,329.9986
p_2000.00_2000.00_0.00_2000.00_0.1200_10000.00_1.00_0.50.smt2,2000.00,2000.00,0.00,2000.00,0.1200,10000.00,1.00,0.50,Spacer,TIMEOUT,335.0450
p_2000.00_2000.00_0.00_2000.00_0.1200_10000.00_1.00_0.50.smt2,2000.00,2000.00,0.00,2000.00,0.1200,10000.00,1.00,0.50,Golem,TIMEOUT,330.6204
p_2000.00_2000.00_0.00_2000.00_0.1200_10000.00_1.00_1.00.smt2,2000.00,2000.00,0.00,2000.00,0.1200,10000.00,1.00,1.00,Spacer,TIMEOUT,330.0350
p_2000.00_2000.00_0.00_2000.00_0.1200_10000.00_1.00_1.00.smt2,2000.00,2000.00,0.00,2000.00,0.1200,10000.00,1.00,1.00,Golem,TIMEOUT,330.0379
p_2000.00_2000.00_0.00_2000.00_0.1200_110.00_0.50_0.50.smt2,2000.00,2000.00,0.00,2000.00,0.1200,110.00,0.50,0.50,Spacer,sat (   (define-fun Inv ((x!0 Real)    (x!1 Real)    (x!2 Real)    (x!3 Real)    (x!4 Real)    (x!5 Real)) Bool     (let ((a!1 (or (<= x!4 0.0)                    (<= (+ (* 0.0002798279? x!0) (* (- 0.0002798279?) x!5))                        0.4924971089?)))           (a!2 (or (<= x!4 1.0)                    (<= (+ (* 0.0003179862? x!0) (* (- 0.0003179862?) x!5)) 0.5)))           (a!3 (or (not (>= x!4 47.0))                    (<= (+ (* 0.0003613480? x!0) (* (- 0.0003613480?) x!5)) 0.5)))           (a!4 (or (not (>= x!4 48.0))                    (<= (+ (* 1.1363636363? x!0) (* (- 1.1363636363?) x!5))                        1383.7076150445?)))           (a!5 (or (not (>= x!4 49.0))                    (<= (+ (* 1.1363636363? x!0) (* (- 1.1363636363?) x!5))                        1217.6627012391?)))           (a!6 (or (not (>= x!4 50.0))                    (<= (+ (* 0.0005302463? x!0) (* (- 0.0005302463?) x!5)) 0.5)))           (a!7 (or (<= (+ (* 1.1363636363? x!0) (* (- 1.1363636363?) x!5))                        942.9579958396?)                    (not (>= x!4 51.0))))           (a!8 (or (<= (+ (* 1.1363636363? x!0) (* (- 1.1363636363?) x!5))                        829.8030363388?)                    (not (>= x!4 52.0))))           (a!9 (or (not (>= x!4 53.0))                    (<= (+ (* 0.0007780896? x!0) (* (- 0.0007780896?) x!5)) 0.5)))           (a!10 (or (not (>= x!4 54.0))                     (<= (+ (* 0.0008841927? x!0) (* (- 0.0008841927?) x!5)) 0.5)))           (a!11 (or (not (>= x!4 55.0))                     (<= (+ (* 0.0010047645? x!0) (* (- 0.0010047645?) x!5)) 0.5)))           (a!12 (or (not (>= x!4 56.0))                     (<= (+ (* 0.0011417778? x!0) (* (- 0.0011417778?) x!5)) 0.5)))           (a!13 (or (<= (+ (* 1.1363636363? x!0) (* (- 1.1363636363?) x!5))                         385.3639213015?)                     (not (>= x!4 58.0))))           (a!14 (or (not (>= x!4 57.0))                     (<= (+ (* 0.0012974748? x!0) (* (- 0.0012974748?) x!5)) 0.5)))           (a!15 (or (not (>= x!4 59.0))                     (<= (+ (* 1.1363636363? x!0) (* (- 1.1363636363?) x!5))                         339.1202507453?)))           (a!16 (or (not (>= x!4 60.0))                     (<= (+ (* 1.1363636363? x!0) (* (- 1.1363636363?) x!5))                         298.4258206559?)))           (a!17 (or (not (>= x!4 61.0))                     (<= (+ (* 1.1363636363? x!0) (* (- 1.1363636363?) x!5))                         262.6147221772?)))           (a!18 (or (not (>= x!4 62.0))                     (<= (+ (* 1.1363636363? x!0) (* (- 1.1363636363?) x!5))                         231.1009555159?)))           (a!19 (or (not (>= x!4 63.0))                     (<= (+ (* 0.0027938489? x!0) (* (- 0.0027938489?) x!5)) 0.5)))           (a!20 (or (<= (+ (* 1.1363636363? x!0) (* (- 1.1363636363?) x!5))                         178.9645799515?)                     (not (>= x!4 64.0))))           (a!21 (or (<= (+ (* 1.1363636363? x!0) (* (- 1.1363636363?) x!5))                         157.4888303573?)                     (not (>= x!4 65.0))))           (a!22 (or (<= (+ (* 1.1363636363? x!0) (* (- 1.1363636363?) x!5))                         138.5901707144?)                     (not (>= x!4 66.0))))           (a!23 (or (not (>= x!4 67.0))                     (<= (+ (* 0.0046587802? x!0) (* (- 0.0046587802?) x!5)) 0.5)))           (a!24 (or (<= (+ (* 1.1363636363? x!0) (* (- 1.1363636363?) x!5))                         107.3242282012?)                     (not (>= x!4 68.0))))           (a!25 (or (<= (+ (* 1.1363636363? x!0) (* (- 1.1363636363?) x!5))                         94.4453208171?)                     (not (>= x!4 69.0))))           (a!26 (or (<= (+ (* 1.1363636363? x!0) (* (- 1.1363636363?) x!5))                         83.1118823190?)                     (not (>= x!4 70.0))))           (a!27 (or (<= (+ (* 1.1363636363? x!0) (* (- 1.1363636363?) x!5))                         73.1384564407?)                     (not (>= x!4 71.0))))           (a!28 (or (not (>= x!4 72.0))                     (<= (+ (* 0.0088279297? x!0) (* (- 0.0088279297?) x!5)) 0.5)))           (a!29 (or (<= (+ (* 1.1363636363? x!0) (* (- 1.1363636363?) x!5))                         56.6384206677?)                     (not (>= x!4 73.0))))           (a!30 (or (<= (+ (* 1.1363636363? x!0) (* (- 1.1363636363?) x!5))                         49.8418101876?)                     (not (>= x!4 74.0))))           (a!31 (or (<= (+ (* 1.1363636363? x!0) (* (- 1.1363636363?) x!5))                         43.8607929651?)                     (not (>= x!4 75.0))))           (a!32 (or (<= (+ (* 1.1363636363? x!0) (* (- 1.1363636363?) x!5))                         38.5974978092?)                     (not (>= x!4 76.0))))           (a!33 (or (<= (+ (* 1.1363636363? x!0) (* (- 1.1363636363?) x!5))                         33.9657980721?)                     (not (>= x!4 77.0))))           (a!34 (or (<= (+ (* 1.1363636363? x!0) (* (- 1.1363636363?) x!5))                         29.8899023035?)                     (not (>= x!4 78.0))))           (a!35 (or (<= (+ (* 1.1363636363? x!0) (* (- 1.1363636363?) x!5))                         26.3031140270?)                     (not (>= x!4 79.0))))           (a!36 (or (<= (+ (* 1.1363636363? x!0) (* (- 1.1363636363?) x!5))                         23.1467403438?)                     (not (>= x!4 80.0))))           (a!37 (or (<= (+ (* 1.1363636363? x!0) (* (- 1.1363636363?) x!5))                         20.3691315025?)                     (not (>= x!4 81.0))))           (a!38 (or (<= (+ (* 1.1363636363? x!0) (* (- 1.1363636363?) x!5))                         17.9248357222?)                     (not (>= x!4 82.0))))           (a!39 (or (<= (+ (* 1.1363636363? x!0) (* (- 1.1363636363?) x!5))                         15.7738554355?)                     (not (>= x!4 83.0))))           (a!40 (or (<= (+ (* 1.1363636363? x!0) (* (- 1.1363636363?) x!5))                         13.8809927833?)                     (not (>= x!4 84.0))))           (a!41 (or (<= (+ (* 1.1363636363? x!0) (* (- 1.1363636363?) x!5))                         12.2152736493?)                     (not (>= x!4 85.0))))           (a!42 (or (<= (+ (* 1.1363636363? x!0) (* (- 1.1363636363?) x!5))                         10.7494408114?)                     (not (>= x!4 86.0))))           (a!43 (or (<= (+ (* 1.1363636363? x!0) (* (- 1.1363636363?) x!5))                         9.4595079140?)                     (not (>= x!4 87.0))))           (a!44 (or (<= (+ (* 1.1363636363? x!0) (* (- 1.1363636363?) x!5))                         8.3243669643?)                     (not (>= x!4 88.0))))           (a!45 (or (<= (+ (* 1.1363636363? x!0) (* (- 1.1363636363?) x!5))                         7.3254429286?)                     (not (>= x!4 89.0))))           (a!46 (or (<= (+ (* 1.1363636363? x!0) (* (- 1.1363636363?) x!5))                         6.4463897771?)                     (not (>= x!4 90.0))))           (a!47 (or (<= (+ (* 1.1363636363? x!0) (* (- 1.1363636363?) x!5))                         5.6728230039?)                     (not (>= x!4 91.0))))           (a!48 (or (<= (+ (* 1.1363636363? x!0) (* (- 1.1363636363?) x!5))                         4.9920842434?)                     (not (>= x!4 92.0))))           (a!49 (or (<= (+ (* 1.1363636363? x!0) (* (- 1.1363636363?) x!5))                         4.3930341342?)                     (not (>= x!4 93.0))))           (a!50 (or (<= (+ (* 1.1363636363? x!0) (* (- 1.1363636363?) x!5))                         3.8658700381?)                     (not (>= x!4 94.0))))           (a!51 (or (<= (+ (* 1.1363636363? x!0) (* (- 1.1363636363?) x!5))                         3.4019656335?)                     (not (>= x!4 95.0))))           (a!52 (or (<= (+ (* 1.1363636363? x!0) (* (- 1.1363636363?) x!5))                         2.9937297575?)                     (not (>= x!4 96.0))))           (a!53 (or (<= (+ (* 1.1363636363? x!0) (* (- 1.1363636363?) x!5))                         2.6344821866?)                     (not (>= x!4 97.0))))           (a!54 (or (<= (+ (* 1.1363636363? x!0) (* (- 1.1363636363?) x!5))                         2.0401430053?)                     (not (>= x!4 99.0))))           (a!55 (or (<= (+ (* 1.1363636363? x!0) (* (- 1.1363636363?) x!5))                         2.3183443242?)                     (not (>= x!4 98.0))))           (a!56 (or (<= (+ (* 1.1363636363? x!0) (* (- 1.1363636363?) x!5))                         1.5798867433?)                     (not (>= x!4 101.0))))           (a!57 (or (<= (+ (* 1.1363636363? x!0) (* (- 1.1363636363?) x!5))                         1.7953258446?)                     (not (>= x!4 100.0))))           (a!58 (or (<= (+ (* 1.1363636363? x!0) (* (- 1.1363636363?) x!5))                         1.3903003341?)                     (not (>= x!4 102.0))))           (a!59 (or (<= (+ (* 1.1363636363? x!0) (* (- 1.1363636363?) x!5))                         1.2234642940?)                     (not (>= x!4 103.0))))           (a!60 (or (<= (+ (* 1.1363636363? x!0) (* (- 1.1363636363?) x!5))                         1.0766485787?)                     (not (>= x!4 104.0))))           (a!61 (or (<= (+ (* 1.1363636363? x!0) (* (- 1.1363636363?) x!5))                         0.9474507492?)                     (not (>= x!4 105.0))))           (a!62 (or (<= (+ (* 1.1363636363? x!0) (* (- 1.1363636363?) x!5))                         0.8337566593?)                     (not (>= x!4 106.0))))           (a!63 (or (<= (+ (* 1.1363636363? x!0) (* (- 1.1363636363?) x!5))                         0.7337058602?)                     (not (>= x!4 107.0))))           (a!64 (or (<= (+ (* 1.1363636363? x!0) (* (- 1.1363636363?) x!5))                         0.6456611570?)                     (not (>= x!4 108.0)))))       (and (>= (+ (* 0.88 x!0) (* (- 0.88) x!5)) (- 0.44))            (<= (+ x!0 (* (- 1.0) x!5)) 2000.0)            a!1            a!2            a!3            a!4            a!5            a!6            a!7            a!8            a!9            a!10            a!11            a!12            a!13            a!14            a!15            a!16            a!17            a!18            a!19            a!20            a!21            a!22            a!23            a!24            a!25            a!26            a!27            a!28            a!29            a!30            a!31            a!32            a!33            a!34            a!35            a!36            a!37            a!38            a!39            a!40            a!41            a!42            a!43            a!44            a!45            a!46            a!47            a!48            a!49            a!50            a!51            a!52            a!53            a!54            a!55            a!56            a!57            a!58            a!59            a!60            a!61            a!62            a!63            a!64))) ),15.4191
p_2000.00_2000.00_0.00_2000.00_0.1200_110.00_0.50_0.50.smt2,2000.00,2000.00,0.00,2000.00,0.1200,110.00,0.50,0.50,Golem,sat,2.9486
p_2000.00_2000.00_0.00_2000.00_0.1200_110.00_0.50_1.00.smt2,2000.00,2000.00,0.00,2000.00,0.1200,110.00,0.50,1.00,Spacer,sat (   (define-fun Inv ((x!0 Real)    (x!1 Real)    (x!2 Real)    (x!3 Real)    (x!4 Real)    (x!5 Real)) Bool     (let ((a!1 (or (<= x!4 0.0)                    (<= (+ (* 0.0002798279? x!0) (* (- 0.0002798279?) x!5))                        0.4924971089?)))           (a!2 (or (<= x!4 1.0)                    (<= (+ (* 0.0003179862? x!0) (* (- 0.0003179862?) x!5)) 0.5)))           (a!3 (or (not (>= x!4 47.0))                    (<= (+ (* 0.0003613480? x!0) (* (- 0.0003613480?) x!5)) 0.5)))           (a!4 (or (not (>= x!4 48.0))                    (<= (+ (* 1.1363636363? x!0) (* (- 1.1363636363?) x!5))                        1383.7076150445?)))           (a!5 (or (not (>= x!4 49.0))                    (<= (+ (* 1.1363636363? x!0) (* (- 1.1363636363?) x!5))                        1217.6627012391?)))           (a!6 (or (not (>= x!4 50.0))                    (<= (+ (* 0.0005302463? x!0) (* (- 0.0005302463?) x!5)) 0.5)))           (a!7 (or (<= (+ (* 1.1363636363? x!0) (* (- 1.1363636363?) x!5))                        942.9579958396?)                    (not (>= x!4 51.0))))           (a!8 (or (<= (+ (* 1.1363636363? x!0) (* (- 1.1363636363?) x!5))                        829.8030363388?)                    (not (>= x!4 52.0))))           (a!9 (or (not (>= x!4 53.0))                    (<= (+ (* 0.0007780896? x!0) (* (- 0.0007780896?) x!5)) 0.5)))           (a!10 (or (not (>= x!4 54.0))                     (<= (+ (* 0.0008841927? x!0) (* (- 0.0008841927?) x!5)) 0.5)))           (a!11 (or (not (>= x!4 55.0))                     (<= (+ (* 0.0010047645? x!0) (* (- 0.0010047645?) x!5)) 0.5)))           (a!12 (or (not (>= x!4 56.0))                     (<= (+ (* 0.0011417778? x!0) (* (- 0.0011417778?) x!5)) 0.5)))           (a!13 (or (<= (+ (* 1.1363636363? x!0) (* (- 1.1363636363?) x!5))                         385.3639213015?)                     (not (>= x!4 58.0))))           (a!14 (or (not (>= x!4 57.0))                     (<= (+ (* 0.0012974748? x!0) (* (- 0.0012974748?) x!5)) 0.5)))           (a!15 (or (not (>= x!4 59.0))                     (<= (+ (* 1.1363636363? x!0) (* (- 1.1363636363?) x!5))                         339.1202507453?)))           (a!16 (or (not (>= x!4 60.0))                     (<= (+ (* 1.1363636363? x!0) (* (- 1.1363636363?) x!5))                         298.4258206559?)))           (a!17 (or (not (>= x!4 61.0))                     (<= (+ (* 1.1363636363? x!0) (* (- 1.1363636363?) x!5))                         262.6147221772?)))           (a!18 (or (not (>= x!4 62.0))                     (<= (+ (* 1.1363636363? x!0) (* (- 1.1363636363?) x!5))                         231.1009555159?)))           (a!19 (or (not (>= x!4 63.0))                     (<= (+ (* 0.0027938489? x!0) (* (- 0.0027938489?) x!5)) 0.5)))           (a!20 (or (<= (+ (* 1.1363636363? x!0) (* (- 1.1363636363?) x!5))                         178.9645799515?)                     (not (>= x!4 64.0))))           (a!21 (or (<= (+ (* 1.1363636363? x!0) (* (- 1.1363636363?) x!5))                         157.4888303573?)                     (not (>= x!4 65.0))))           (a!22 (or (<= (+ (* 1.1363636363? x!0) (* (- 1.1363636363?) x!5))                         138.5901707144?)                     (not (>= x!4 66.0))))           (a!23 (or (not (>= x!4 67.0))                     (<= (+ (* 0.0046587802? x!0) (* (- 0.0046587802?) x!5)) 0.5)))           (a!24 (or (<= (+ (* 1.1363636363? x!0) (* (- 1.1363636363?) x!5))                         107.3242282012?)                     (not (>= x!4 68.0))))           (a!25 (or (<= (+ (* 1.1363636363? x!0) (* (- 1.1363636363?) x!5))                         94.4453208171?)                     (not (>= x!4 69.0))))           (a!26 (or (<= (+ (* 1.1363636363? x!0) (* (- 1.1363636363?) x!5))                         83.1118823190?)                     (not (>= x!4 70.0))))           (a!27 (or (<= (+ (* 1.1363636363? x!0) (* (- 1.1363636363?) x!5))                         73.1384564407?)                     (not (>= x!4 71.0))))           (a!28 (or (not (>= x!4 72.0))                     (<= (+ (* 0.0088279297? x!0) (* (- 0.0088279297?) x!5)) 0.5)))           (a!29 (or (<= (+ (* 1.1363636363? x!0) (* (- 1.1363636363?) x!5))                         56.6384206677?)                     (not (>= x!4 73.0))))           (a!30 (or (<= (+ (* 1.1363636363? x!0) (* (- 1.1363636363?) x!5))                         49.8418101876?)                     (not (>= x!4 74.0))))           (a!31 (or (<= (+ (* 1.1363636363? x!0) (* (- 1.1363636363?) x!5))                         43.8607929651?)                     (not (>= x!4 75.0))))           (a!32 (or (<= (+ (* 1.1363636363? x!0) (* (- 1.1363636363?) x!5))                         38.5974978092?)                     (not (>= x!4 76.0))))           (a!33 (or (<= (+ (* 1.1363636363? x!0) (* (- 1.1363636363?) x!5))                         33.9657980721?)                     (not (>= x!4 77.0))))           (a!34 (or (<= (+ (* 1.1363636363? x!0) (* (- 1.1363636363?) x!5))                         29.8899023035?)                     (not (>= x!4 78.0))))           (a!35 (or (<= (+ (* 1.1363636363? x!0) (* (- 1.1363636363?) x!5))                         26.3031140270?)                     (not (>= x!4 79.0))))           (a!36 (or (<= (+ (* 1.1363636363? x!0) (* (- 1.1363636363?) x!5))                         23.1467403438?)                     (not (>= x!4 80.0))))           (a!37 (or (<= (+ (* 1.1363636363? x!0) (* (- 1.1363636363?) x!5))                         20.3691315025?)                     (not (>= x!4 81.0))))           (a!38 (or (<= (+ (* 1.1363636363? x!0) (* (- 1.1363636363?) x!5))                         17.9248357222?)                     (not (>= x!4 82.0))))           (a!39 (or (<= (+ (* 1.1363636363? x!0) (* (- 1.1363636363?) x!5))                         15.7738554355?)                     (not (>= x!4 83.0))))           (a!40 (or (<= (+ (* 1.1363636363? x!0) (* (- 1.1363636363?) x!5))                         13.8809927833?)                     (not (>= x!4 84.0))))           (a!41 (or (<= (+ (* 1.1363636363? x!0) (* (- 1.1363636363?) x!5))                         12.2152736493?)                     (not (>= x!4 85.0))))           (a!42 (or (<= (+ (* 1.1363636363? x!0) (* (- 1.1363636363?) x!5))                         10.7494408114?)                     (not (>= x!4 86.0))))           (a!43 (or (<= (+ (* 1.1363636363? x!0) (* (- 1.1363636363?) x!5))                         9.4595079140?)                     (not (>= x!4 87.0))))           (a!44 (or (<= (+ (* 1.1363636363? x!0) (* (- 1.1363636363?) x!5))                         8.3243669643?)                     (not (>= x!4 88.0))))           (a!45 (or (<= (+ (* 1.1363636363? x!0) (* (- 1.1363636363?) x!5))                         7.3254429286?)                     (not (>= x!4 89.0))))           (a!46 (or (<= (+ (* 1.1363636363? x!0) (* (- 1.1363636363?) x!5))                         6.4463897771?)                     (not (>= x!4 90.0))))           (a!47 (or (<= (+ (* 1.1363636363? x!0) (* (- 1.1363636363?) x!5))                         5.6728230039?)                     (not (>= x!4 91.0))))           (a!48 (or (<= (+ (* 1.1363636363? x!0) (* (- 1.1363636363?) x!5))                         4.9920842434?)                     (not (>= x!4 92.0))))           (a!49 (or (<= (+ (* 1.1363636363? x!0) (* (- 1.1363636363?) x!5))                         4.3930341342?)                     (not (>= x!4 93.0))))           (a!50 (or (<= (+ (* 1.1363636363? x!0) (* (- 1.1363636363?) x!5))                         3.8658700381?)                     (not (>= x!4 94.0))))           (a!51 (or (<= (+ (* 1.1363636363? x!0) (* (- 1.1363636363?) x!5))                         3.4019656335?)                     (not (>= x!4 95.0))))           (a!52 (or (<= (+ (* 1.1363636363? x!0) (* (- 1.1363636363?) x!5))                         2.9937297575?)                     (not (>= x!4 96.0))))           (a!53 (or (<= (+ (* 1.1363636363? x!0) (* (- 1.1363636363?) x!5))                         2.6344821866?)                     (not (>= x!4 97.0))))           (a!54 (or (<= (+ (* 1.1363636363? x!0) (* (- 1.1363636363?) x!5))                         2.0401430053?)                     (not (>= x!4 99.0))))           (a!55 (or (<= (+ (* 1.1363636363? x!0) (* (- 1.1363636363?) x!5))                         2.3183443242?)                     (not (>= x!4 98.0))))           (a!56 (or (<= (+ (* 1.1363636363? x!0) (* (- 1.1363636363?) x!5))                         1.5798867433?)                     (not (>= x!4 101.0))))           (a!57 (or (<= (+ (* 1.1363636363? x!0) (* (- 1.1363636363?) x!5))                         1.7953258446?)                     (not (>= x!4 100.0))))           (a!58 (or (<= (+ (* 1.1363636363? x!0) (* (- 1.1363636363?) x!5))                         1.3903003341?)                     (not (>= x!4 102.0))))           (a!59 (or (<= (+ (* 1.1363636363? x!0) (* (- 1.1363636363?) x!5))                         1.2234642940?)                     (not (>= x!4 103.0))))           (a!60 (or (<= (+ (* 1.1363636363? x!0) (* (- 1.1363636363?) x!5))                         1.0766485787?)                     (not (>= x!4 104.0))))           (a!61 (or (<= (+ (* 1.1363636363? x!0) (* (- 1.1363636363?) x!5))                         0.9474507492?)                     (not (>= x!4 105.0))))           (a!62 (or (<= (+ (* 1.1363636363? x!0) (* (- 1.1363636363?) x!5))                         0.8337566593?)                     (not (>= x!4 106.0))))           (a!63 (or (<= (+ (* 1.1363636363? x!0) (* (- 1.1363636363?) x!5))                         0.7337058602?)                     (not (>= x!4 107.0))))           (a!64 (or (<= (+ (* 1.1363636363? x!0) (* (- 1.1363636363?) x!5))                         0.6456611570?)                     (not (>= x!4 108.0)))))       (and (>= (+ (* 0.88 x!0) (* (- 0.88) x!5)) (- 0.88))            (<= (+ x!0 (* (- 1.0) x!5)) 2000.0)            a!1            a!2            a!3            a!4            a!5            a!6            a!7            a!8            a!9            a!10            a!11            a!12            a!13            a!14            a!15            a!16            a!17            a!18            a!19            a!20            a!21            a!22            a!23            a!24            a!25            a!26            a!27            a!28            a!29            a!30            a!31            a!32            a!33            a!34            a!35            a!36            a!37            a!38            a!39            a!40            a!41            a!42            a!43            a!44            a!45            a!46            a!47            a!48            a!49            a!50            a!51            a!52            a!53            a!54            a!55            a!56            a!57            a!58            a!59            a!60            a!61            a!62            a!63            a!64))) ),11.7652
p_2000.00_2000.00_0.00_2000.00_0.1200_110.00_0.50_1.00.smt2,2000.00,2000.00,0.00,2000.00,0.1200,110.00,0.50,1.00,Golem,sat,2.9494
p_2000.00_2000.00_0.00_2000.00_0.1200_110.00_1.00_0.50.smt2,2000.00,2000.00,0.00,2000.00,0.1200,110.00,1.00,0.50,Spacer,sat (   (define-fun Inv ((x!0 Real)    (x!1 Real)    (x!2 Real)    (x!3 Real)    (x!4 Real)    (x!5 Real)) Bool     (let ((a!1 (or (<= x!4 0.0)                    (<= (+ (* 0.0005302463? x!0) (* (- 0.0005302463?) x!5))                        0.9332335097?)))           (a!2 (or (<= x!4 1.0)                    (<= (+ (* 1.1363636363? x!0) (* (- 1.1363636363?) x!5))                        1885.9159916792?)))           (a!3 (or (not (>= x!4 52.0))                    (<= (+ (* 1.1363636363? x!0) (* (- 1.1363636363?) x!5))                        1659.6060726777?)))           (a!4 (or (not (>= x!4 53.0))                    (<= (+ (* 0.0007780896? x!0) (* (- 0.0007780896?) x!5)) 1.0)))           (a!5 (or (not (>= x!4 54.0))                    (<= (+ (* 0.0008841927? x!0) (* (- 0.0008841927?) x!5)) 1.0)))           (a!6 (or (not (>= x!4 55.0))                    (<= (+ (* 0.0010047645? x!0) (* (- 0.0010047645?) x!5)) 1.0)))           (a!7 (or (not (>= x!4 56.0))                    (<= (+ (* 0.0011417778? x!0) (* (- 0.0011417778?) x!5)) 1.0)))           (a!8 (or (not (>= x!4 57.0))                    (<= (+ (* 0.0012974748? x!0) (* (- 0.0012974748?) x!5)) 1.0)))           (a!9 (or (not (>= x!4 58.0))                    (<= (+ (* 0.0014744032? x!0) (* (- 0.0014744032?) x!5)) 1.0)))           (a!10 (or (not (>= x!4 59.0))                     (<= (+ (* 0.0016754582? x!0) (* (- 0.0016754582?) x!5)) 1.0)))           (a!11 (or (not (>= x!4 60.0))                     (<= (+ (* 0.0019039298? x!0) (* (- 0.0019039298?) x!5)) 1.0)))           (a!12 (or (not (>= x!4 61.0))                     (<= (+ (* 0.0021635566? x!0) (* (- 0.0021635566?) x!5)) 1.0)))           (a!13 (or (not (>= x!4 62.0))                     (<= (+ (* 0.0024585870? x!0) (* (- 0.0024585870?) x!5)) 1.0)))           (a!14 (or (not (>= x!4 63.0))                     (<= (+ (* 0.0027938489? x!0) (* (- 0.0027938489?) x!5)) 1.0)))           (a!15 (or (not (>= x!4 64.0))                     (<= (+ (* 0.0031748283? x!0) (* (- 0.0031748283?) x!5)) 1.0)))           (a!16 (or (not (>= x!4 65.0))                     (<= (+ (* 0.0036077594? x!0) (* (- 0.0036077594?) x!5)) 1.0)))           (a!17 (or (not (>= x!4 66.0))                     (<= (+ (* 0.0040997266? x!0) (* (- 0.0040997266?) x!5)) 1.0)))           (a!18 (or (not (>= x!4 67.0))                     (<= (+ (* 0.0046587802? x!0) (* (- 0.0046587802?) x!5)) 1.0)))           (a!19 (or (not (>= x!4 68.0))                     (<= (+ (* 0.0052940685? x!0) (* (- 0.0052940685?) x!5)) 1.0)))           (a!20 (or (not (>= x!4 69.0))                     (<= (+ (* 0.0060159869? x!0) (* (- 0.0060159869?) x!5)) 1.0)))           (a!21 (or (not (>= x!4 70.0))                     (<= (+ (* 0.0068363488? x!0) (* (- 0.0068363488?) x!5)) 1.0)))           (a!22 (or (not (>= x!4 71.0))                     (<= (+ (* 0.0077685781? x!0) (* (- 0.0077685781?) x!5)) 1.0)))           (a!23 (or (not (>= x!4 72.0))                     (<= (+ (* 0.0088279297? x!0) (* (- 0.0088279297?) x!5)) 1.0)))           (a!24 (or (not (>= x!4 73.0))                     (<= (+ (* 0.0100317383? x!0) (* (- 0.0100317383?) x!5)) 1.0)))           (a!25 (or (not (>= x!4 74.0))                     (<= (+ (* 0.0113997027? x!0) (* (- 0.0113997027?) x!5)) 1.0)))           (a!26 (or (not (>= x!4 75.0))                     (<= (+ (* 0.0129542076? x!0) (* (- 0.0129542076?) x!5)) 1.0)))           (a!27 (or (not (>= x!4 76.0))                     (<= (+ (* 0.0147206904? x!0) (* (- 0.0147206904?) x!5)) 1.0)))           (a!28 (or (not (>= x!4 77.0))                     (<= (+ (* 0.0167280573? x!0) (* (- 0.0167280573?) x!5)) 1.0)))           (a!29 (or (not (>= x!4 78.0))                     (<= (+ (* 0.0190091560? x!0) (* (- 0.0190091560?) x!5)) 1.0)))           (a!30 (or (not (>= x!4 79.0))                     (<= (+ (* 0.0216013137? x!0) (* (- 0.0216013137?) x!5)) 1.0)))           (a!31 (or (not (>= x!4 80.0))                     (<= (+ (* 0.0245469474? x!0) (* (- 0.0245469474?) x!5)) 1.0)))           (a!32 (or (not (>= x!4 81.0))                     (<= (+ (* 0.0278942584? x!0) (* (- 0.0278942584?) x!5)) 1.0)))           (a!33 (or (not (>= x!4 82.0))                     (<= (+ (* 0.0316980209? x!0) (* (- 0.0316980209?) x!5)) 1.0)))           (a!34 (or (not (>= x!4 83.0))                     (<= (+ (* 0.0360204783? x!0) (* (- 0.0360204783?) x!5)) 1.0)))           (a!35 (or (not (>= x!4 84.0))                     (<= (+ (* 0.0409323617? x!0) (* (- 0.0409323617?) x!5)) 1.0)))           (a!36 (or (not (>= x!4 85.0))                     (<= (+ (* 0.0465140474? x!0) (* (- 0.0465140474?) x!5)) 1.0)))           (a!37 (or (not (>= x!4 86.0))                     (<= (+ (* 0.0528568721? x!0) (* (- 0.0528568721?) x!5)) 1.0)))           (a!38 (or (not (>= x!4 87.0))                     (<= (+ (* 0.0600646273? x!0) (* (- 0.0600646273?) x!5)) 1.0)))           (a!39 (or (not (>= x!4 88.0))                     (<= (+ (* 0.0682552584? x!0) (* (- 0.0682552584?) x!5)) 1.0)))           (a!40 (or (not (>= x!4 89.0))                     (<= (+ (* 0.0775627936? x!0) (* (- 0.0775627936?) x!5)) 1.0)))           (a!41 (or (not (>= x!4 90.0))                     (<= (+ (* 0.0881395382? x!0) (* (- 0.0881395382?) x!5)) 1.0)))           (a!42 (or (not (>= x!4 91.0))                     (<= (+ (* 0.1001585661? x!0) (* (- 0.1001585661?) x!5)) 1.0)))           (a!43 (or (not (>= x!4 92.0))                     (<= (+ (* 0.1138165524? x!0) (* (- 0.1138165524?) x!5)) 1.0)))           (a!44 (or (not (>= x!4 93.0))                     (<= (+ (* 0.1293369914? x!0) (* (- 0.1293369914?) x!5)) 1.0)))           (a!45 (or (not (>= x!4 94.0))                     (<= (+ (* 0.1469738539? x!0) (* (- 0.1469738539?) x!5)) 1.0)))           (a!46 (or (not (>= x!4 95.0))                     (<= (+ (* 0.1670157430? x!0) (* (- 0.1670157430?) x!5)) 1.0)))           (a!47 (or (not (>= x!4 96.0))                     (<= (+ (* 0.1897906171? x!0) (* (- 0.1897906171?) x!5)) 1.0)))           (a!48 (or (not (>= x!4 97.0))                     (<= (+ (* 0.2156711558? x!0) (* (- 0.2156711558?) x!5)) 1.0)))           (a!49 (or (not (>= x!4 98.0))                     (<= (+ (* 0.2450808588? x!0) (* (- 0.2450808588?) x!5)) 1.0)))           (a!50 (or (not (>= x!4 99.0))                     (<= (+ (* 0.2785009760? x!0) (* (- 0.2785009760?) x!5)) 1.0)))           (a!51 (or (not (>= x!4 100.0))                     (<= (+ (* 0.3164783818? x!0) (* (- 0.3164783818?) x!5)) 1.0)))           (a!52 (or (not (>= x!4 101.0))                     (<= (+ (* 0.3596345248? x!0) (* (- 0.3596345248?) x!5)) 1.0)))           (a!53 (or (not (>= x!4 102.0))                     (<= (+ (* 0.4086755963? x!0) (* (- 0.4086755963?) x!5)) 1.0)))           (a!54 (or (not (>= x!4 103.0))                     (<= (+ (* 0.4644040867? x!0) (* (- 0.4644040867?) x!5)) 1.0)))           (a!55 (or (not (>= x!4 104.0))                     (<= (+ (* 0.5277319168 x!0) (* (- 0.5277319168) x!5)) 1.0)))           (a!56 (or (not (>= x!4 105.0))                     (<= (+ (* 0.59969536 x!0) (* (- 0.59969536) x!5)) 1.0)))           (a!57 (or (not (>= x!4 106.0))                     (<= (+ (* 0.681472 x!0) (* (- 0.681472) x!5)) 1.0)))           (a!58 (or (not (>= x!4 107.0))                     (<= (+ (* 0.7744 x!0) (* (- 0.7744) x!5)) 1.0)))           (a!59 (or (not (>= x!4 108.0))                     (<= (+ (* 0.88 x!0) (* (- 0.88) x!5)) 1.0))))       (and (>= (+ (* 0.88 x!0) (* (- 0.88) x!5)) (- 0.44))            (<= (+ x!0 (* (- 1.0) x!5)) 2000.0)            a!1            a!2            a!3            a!4            a!5            a!6            a!7            a!8            a!9            a!10            a!11            a!12            a!13            a!14            a!15            a!16            a!17            a!18            a!19            a!20            a!21            a!22            a!23            a!24            a!25            a!26            a!27            a!28            a!29            a!30            a!31            a!32            a!33            a!34            a!35            a!36            a!37            a!38            a!39            a!40            a!41            a!42            a!43            a!44            a!45            a!46            a!47            a!48            a!49            a!50            a!51            a!52            a!53            a!54            a!55            a!56            a!57            a!58            a!59))) ),15.7869
p_2000.00_2000.00_0.00_2000.00_0.1200_110.00_1.00_0.50.smt2,2000.00,2000.00,0.00,2000.00,0.1200,110.00,1.00,0.50,Golem,sat,2.9159
p_2000.00_2000.00_0.00_2000.00_0.1200_110.00_1.00_1.00.smt2,2000.00,2000.00,0.00,2000.00,0.1200,110.00,1.00,1.00,Spacer,sat (   (define-fun Inv ((x!0 Real)    (x!1 Real)    (x!2 Real)    (x!3 Real)    (x!4 Real)    (x!5 Real)) Bool     (let ((a!1 (or (<= x!4 0.0)                    (<= (+ (* 0.0005302463? x!0) (* (- 0.0005302463?) x!5))                        0.9332335097?)))           (a!2 (or (<= x!4 1.0)                    (<= (+ (* 1.1363636363? x!0) (* (- 1.1363636363?) x!5))                        1885.9159916792?)))           (a!3 (or (not (>= x!4 52.0))                    (<= (+ (* 1.1363636363? x!0) (* (- 1.1363636363?) x!5))                        1659.6060726777?)))           (a!4 (or (not (>= x!4 53.0))                    (<= (+ (* 0.0007780896? x!0) (* (- 0.0007780896?) x!5)) 1.0)))           (a!5 (or (not (>= x!4 54.0))                    (<= (+ (* 0.0008841927? x!0) (* (- 0.0008841927?) x!5)) 1.0)))           (a!6 (or (not (>= x!4 55.0))                    (<= (+ (* 0.0010047645? x!0) (* (- 0.0010047645?) x!5)) 1.0)))           (a!7 (or (not (>= x!4 56.0))                    (<= (+ (* 0.0011417778? x!0) (* (- 0.0011417778?) x!5)) 1.0)))           (a!8 (or (not (>= x!4 57.0))                    (<= (+ (* 0.0012974748? x!0) (* (- 0.0012974748?) x!5)) 1.0)))           (a!9 (or (not (>= x!4 58.0))                    (<= (+ (* 0.0014744032? x!0) (* (- 0.0014744032?) x!5)) 1.0)))           (a!10 (or (not (>= x!4 59.0))                     (<= (+ (* 0.0016754582? x!0) (* (- 0.0016754582?) x!5)) 1.0)))           (a!11 (or (not (>= x!4 60.0))                     (<= (+ (* 0.0019039298? x!0) (* (- 0.0019039298?) x!5)) 1.0)))           (a!12 (or (not (>= x!4 61.0))                     (<= (+ (* 0.0021635566? x!0) (* (- 0.0021635566?) x!5)) 1.0)))           (a!13 (or (not (>= x!4 62.0))                     (<= (+ (* 0.0024585870? x!0) (* (- 0.0024585870?) x!5)) 1.0)))           (a!14 (or (not (>= x!4 63.0))                     (<= (+ (* 0.0027938489? x!0) (* (- 0.0027938489?) x!5)) 1.0)))           (a!15 (or (not (>= x!4 64.0))                     (<= (+ (* 0.0031748283? x!0) (* (- 0.0031748283?) x!5)) 1.0)))           (a!16 (or (not (>= x!4 65.0))                     (<= (+ (* 0.0036077594? x!0) (* (- 0.0036077594?) x!5)) 1.0)))           (a!17 (or (not (>= x!4 66.0))                     (<= (+ (* 0.0040997266? x!0) (* (- 0.0040997266?) x!5)) 1.0)))           (a!18 (or (not (>= x!4 67.0))                     (<= (+ (* 0.0046587802? x!0) (* (- 0.0046587802?) x!5)) 1.0)))           (a!19 (or (not (>= x!4 68.0))                     (<= (+ (* 0.0052940685? x!0) (* (- 0.0052940685?) x!5)) 1.0)))           (a!20 (or (not (>= x!4 69.0))                     (<= (+ (* 0.0060159869? x!0) (* (- 0.0060159869?) x!5)) 1.0)))           (a!21 (or (not (>= x!4 70.0))                     (<= (+ (* 0.0068363488? x!0) (* (- 0.0068363488?) x!5)) 1.0)))           (a!22 (or (not (>= x!4 71.0))                     (<= (+ (* 0.0077685781? x!0) (* (- 0.0077685781?) x!5)) 1.0)))           (a!23 (or (not (>= x!4 72.0))                     (<= (+ (* 0.0088279297? x!0) (* (- 0.0088279297?) x!5)) 1.0)))           (a!24 (or (not (>= x!4 73.0))                     (<= (+ (* 0.0100317383? x!0) (* (- 0.0100317383?) x!5)) 1.0)))           (a!25 (or (not (>= x!4 74.0))                     (<= (+ (* 0.0113997027? x!0) (* (- 0.0113997027?) x!5)) 1.0)))           (a!26 (or (not (>= x!4 75.0))                     (<= (+ (* 0.0129542076? x!0) (* (- 0.0129542076?) x!5)) 1.0)))           (a!27 (or (not (>= x!4 76.0))                     (<= (+ (* 0.0147206904? x!0) (* (- 0.0147206904?) x!5)) 1.0)))           (a!28 (or (not (>= x!4 77.0))                     (<= (+ (* 0.0167280573? x!0) (* (- 0.0167280573?) x!5)) 1.0)))           (a!29 (or (not (>= x!4 78.0))                     (<= (+ (* 0.0190091560? x!0) (* (- 0.0190091560?) x!5)) 1.0)))           (a!30 (or (not (>= x!4 79.0))                     (<= (+ (* 0.0216013137? x!0) (* (- 0.0216013137?) x!5)) 1.0)))           (a!31 (or (not (>= x!4 80.0))                     (<= (+ (* 0.0245469474? x!0) (* (- 0.0245469474?) x!5)) 1.0)))           (a!32 (or (not (>= x!4 81.0))                     (<= (+ (* 0.0278942584? x!0) (* (- 0.0278942584?) x!5)) 1.0)))           (a!33 (or (not (>= x!4 82.0))                     (<= (+ (* 0.0316980209? x!0) (* (- 0.0316980209?) x!5)) 1.0)))           (a!34 (or (not (>= x!4 83.0))                     (<= (+ (* 0.0360204783? x!0) (* (- 0.0360204783?) x!5)) 1.0)))           (a!35 (or (not (>= x!4 84.0))                     (<= (+ (* 0.0409323617? x!0) (* (- 0.0409323617?) x!5)) 1.0)))           (a!36 (or (not (>= x!4 85.0))                     (<= (+ (* 0.0465140474? x!0) (* (- 0.0465140474?) x!5)) 1.0)))           (a!37 (or (not (>= x!4 86.0))                     (<= (+ (* 0.0528568721? x!0) (* (- 0.0528568721?) x!5)) 1.0)))           (a!38 (or (not (>= x!4 87.0))                     (<= (+ (* 0.0600646273? x!0) (* (- 0.0600646273?) x!5)) 1.0)))           (a!39 (or (not (>= x!4 88.0))                     (<= (+ (* 0.0682552584? x!0) (* (- 0.0682552584?) x!5)) 1.0)))           (a!40 (or (not (>= x!4 89.0))                     (<= (+ (* 0.0775627936? x!0) (* (- 0.0775627936?) x!5)) 1.0)))           (a!41 (or (not (>= x!4 90.0))                     (<= (+ (* 0.0881395382? x!0) (* (- 0.0881395382?) x!5)) 1.0)))           (a!42 (or (not (>= x!4 91.0))                     (<= (+ (* 0.1001585661? x!0) (* (- 0.1001585661?) x!5)) 1.0)))           (a!43 (or (not (>= x!4 92.0))                     (<= (+ (* 0.1138165524? x!0) (* (- 0.1138165524?) x!5)) 1.0)))           (a!44 (or (not (>= x!4 93.0))                     (<= (+ (* 0.1293369914? x!0) (* (- 0.1293369914?) x!5)) 1.0)))           (a!45 (or (not (>= x!4 94.0))                     (<= (+ (* 0.1469738539? x!0) (* (- 0.1469738539?) x!5)) 1.0)))           (a!46 (or (not (>= x!4 95.0))                     (<= (+ (* 0.1670157430? x!0) (* (- 0.1670157430?) x!5)) 1.0)))           (a!47 (or (not (>= x!4 96.0))                     (<= (+ (* 0.1897906171? x!0) (* (- 0.1897906171?) x!5)) 1.0)))           (a!48 (or (not (>= x!4 97.0))                     (<= (+ (* 0.2156711558? x!0) (* (- 0.2156711558?) x!5)) 1.0)))           (a!49 (or (not (>= x!4 98.0))                     (<= (+ (* 0.2450808588? x!0) (* (- 0.2450808588?) x!5)) 1.0)))           (a!50 (or (not (>= x!4 99.0))                     (<= (+ (* 0.2785009760? x!0) (* (- 0.2785009760?) x!5)) 1.0)))           (a!51 (or (not (>= x!4 100.0))                     (<= (+ (* 0.3164783818? x!0) (* (- 0.3164783818?) x!5)) 1.0)))           (a!52 (or (not (>= x!4 101.0))                     (<= (+ (* 0.3596345248? x!0) (* (- 0.3596345248?) x!5)) 1.0)))           (a!53 (or (not (>= x!4 102.0))                     (<= (+ (* 0.4086755963? x!0) (* (- 0.4086755963?) x!5)) 1.0)))           (a!54 (or (not (>= x!4 103.0))                     (<= (+ (* 0.4644040867? x!0) (* (- 0.4644040867?) x!5)) 1.0)))           (a!55 (or (not (>= x!4 104.0))                     (<= (+ (* 0.5277319168 x!0) (* (- 0.5277319168) x!5)) 1.0)))           (a!56 (or (not (>= x!4 105.0))                     (<= (+ (* 0.59969536 x!0) (* (- 0.59969536) x!5)) 1.0)))           (a!57 (or (not (>= x!4 106.0))                     (<= (+ (* 0.681472 x!0) (* (- 0.681472) x!5)) 1.0)))           (a!58 (or (not (>= x!4 107.0))                     (<= (+ (* 0.7744 x!0) (* (- 0.7744) x!5)) 1.0)))           (a!59 (or (not (>= x!4 108.0))                     (<= (+ (* 0.88 x!0) (* (- 0.88) x!5)) 1.0))))       (and (>= (+ (* 0.88 x!0) (* (- 0.88) x!5)) (- 0.88))            (<= (+ x!0 (* (- 1.0) x!5)) 2000.0)            a!1            a!2            a!3            a!4            a!5            a!6            a!7            a!8            a!9            a!10            a!11            a!12            a!13            a!14            a!15            a!16            a!17            a!18            a!19            a!20            a!21            a!22            a!23            a!24            a!25            a!26            a!27            a!28            a!29            a!30            a!31            a!32            a!33            a!34            a!35            a!36            a!37            a!38            a!39            a!40            a!41            a!42            a!43            a!44            a!45            a!46            a!47            a!48            a!49            a!50            a!51            a!52            a!53            a!54            a!55            a!56            a!57            a!58            a!59))) ),12.2116
p_2000.00_2000.00_0.00_2000.00_0.1200_110.00_1.00_1.00.smt2,2000.00,2000.00,0.00,2000.00,0.1200,110.00,1.00,1.00,Golem,sat,2.9604
p_2000.00_2000.00_0.00_2000.00_0.1200_2582.50_0.50_0.50.smt2,2000.00,2000.00,0.00,2000.00,0.1200,2582.50,0.50,0.50,Spacer,TIMEOUT,334.9718
p_2000.00_2000.00_0.00_2000.00_0.1200_2582.50_0.50_0.50.smt2,2000.00,2000.00,0.00,2000.00,0.1200,2582.50,0.50,0.50,Golem,TIMEOUT,331.5988
p_2000.00_2000.00_0.00_2000.00_0.1200_2582.50_0.50_1.00.smt2,2000.00,2000.00,0.00,2000.00,0.1200,2582.50,0.50,1.00,Spacer,TIMEOUT,331.1169
p_2000.00_2000.00_0.00_2000.00_0.1200_2582.50_0.50_1.00.smt2,2000.00,2000.00,0.00,2000.00,0.1200,2582.50,0.50,1.00,Golem,TIMEOUT,334.7081
p_2000.00_2000.00_0.00_2000.00_0.1200_2582.50_1.00_0.50.smt2,2000.00,2000.00,0.00,2000.00,0.1200,2582.50,1.00,0.50,Spacer,TIMEOUT,331.7332
p_2000.00_2000.00_0.00_2000.00_0.1200_2582.50_1.00_0.50.smt2,2000.00,2000.00,0.00,2000.00,0.1200,2582.50,1.00,0.50,Golem,TIMEOUT,331.5658
p_2000.00_2000.00_0.00_2000.00_0.1200_2582.50_1.00_1.00.smt2,2000.00,2000.00,0.00,2000.00,0.1200,2582.50,1.00,1.00,Spacer,TIMEOUT,332.3348
p_2000.00_2000.00_0.00_2000.00_0.1200_2582.50_1.00_1.00.smt2,2000.00,2000.00,0.00,2000.00,0.1200,2582.50,1.00,1.00,Golem,TIMEOUT,331.0337
p_2000.00_2000.00_0.00_2000.00_0.1200_5055.00_0.50_0.50.smt2,2000.00,2000.00,0.00,2000.00,0.1200,5055.00,0.50,0.50,Spacer,TIMEOUT,336.0147
p_2000.00_2000.00_0.00_2000.00_0.1200_5055.00_0.50_0.50.smt2,2000.00,2000.00,0.00,2000.00,0.1200,5055.00,0.50,0.50,Golem,TIMEOUT,331.8271
p_2000.00_2000.00_0.00_2000.00_0.1200_5055.00_0.50_1.00.smt2,2000.00,2000.00,0.00,2000.00,0.1200,5055.00,0.50,1.00,Spacer,TIMEOUT,331.6367
p_2000.00_2000.00_0.00_2000.00_0.1200_5055.00_0.50_1.00.smt2,2000.00,2000.00,0.00,2000.00,0.1200,5055.00,0.50,1.00,Golem,TIMEOUT,334.2484
p_2000.00_2000.00_0.00_2000.00_0.1200_5055.00_1.00_0.50.smt2,2000.00,2000.00,0.00,2000.00,0.1200,5055.00,1.00,0.50,Spacer,TIMEOUT,332.0904
p_2000.00_2000.00_0.00_2000.00_0.1200_5055.00_1.00_0.50.smt2,2000.00,2000.00,0.00,2000.00,0.1200,5055.00,1.00,0.50,Golem,TIMEOUT,332.3426
p_2000.00_2000.00_0.00_2000.00_0.1200_5055.00_1.00_1.00.smt2,2000.00,2000.00,0.00,2000.00,0.1200,5055.00,1.00,1.00,Spacer,TIMEOUT,331.3225
p_2000.00_2000.00_0.00_2000.00_0.1200_5055.00_1.00_1.00.smt2,2000.00,2000.00,0.00,2000.00,0.1200,5055.00,1.00,1.00,Golem,TIMEOUT,334.2306
p_2000.00_2000.00_0.00_2000.00_0.1200_7527.50_0.50_0.50.smt2,2000.00,2000.00,0.00,2000.00,0.1200,7527.50,0.50,0.50,Spacer,TIMEOUT,332.0601
p_2000.00_2000.00_0.00_2000.00_0.1200_7527.50_0.50_0.50.smt2,2000.00,2000.00,0.00,2000.00,0.1200,7527.50,0.50,0.50,Golem,TIMEOUT,332.3153
p_2000.00_2000.00_0.00_2000.00_0.1200_7527.50_0.50_1.00.smt2,2000.00,2000.00,0.00,2000.00,0.1200,7527.50,0.50,1.00,Spacer,TIMEOUT,333.9161
p_2000.00_2000.00_0.00_2000.00_0.1200_7527.50_0.50_1.00.smt2,2000.00,2000.00,0.00,2000.00,0.1200,7527.50,0.50,1.00,Golem,TIMEOUT,331.2041
p_2000.00_2000.00_0.00_2000.00_0.1200_7527.50_1.00_0.50.smt2,2000.00,2000.00,0.00,2000.00,0.1200,7527.50,1.00,0.50,Spacer,TIMEOUT,332.3394
p_2000.00_2000.00_0.00_2000.00_0.1200_7527.50_1.00_0.50.smt2,2000.00,2000.00,0.00,2000.00,0.1200,7527.50,1.00,0.50,Golem,TIMEOUT,335.8527
p_2000.00_2000.00_0.00_2000.00_0.1200_7527.50_1.00_1.00.smt2,2000.00,2000.00,0.00,2000.00,0.1200,7527.50,1.00,1.00,Spacer,TIMEOUT,331.1282
p_2000.00_2000.00_0.00_2000.00_0.1200_7527.50_1.00_1.00.smt2,2000.00,2000.00,0.00,2000.00,0.1200,7527.50,1.00,1.00,Golem,TIMEOUT,331.5089
p_2000.00_4000.00_0.00_2000.00_0.0800_10000.00_0.50_0.50.smt2,2000.00,4000.00,0.00,2000.00,0.0800,10000.00,0.50,0.50,Spacer,TIMEOUT,335.9578
p_2000.00_4000.00_0.00_2000.00_0.0800_10000.00_0.50_0.50.smt2,2000.00,4000.00,0.00,2000.00,0.0800,10000.00,0.50,0.50,Golem,TIMEOUT,332.1605
p_2000.00_4000.00_0.00_2000.00_0.0800_10000.00_0.50_1.00.smt2,2000.00,4000.00,0.00,2000.00,0.0800,10000.00,0.50,1.00,Spacer,TIMEOUT,331.7771
p_2000.00_4000.00_0.00_2000.00_0.0800_10000.00_0.50_1.00.smt2,2000.00,4000.00,0.00,2000.00,0.0800,10000.00,0.50,1.00,Golem,TIMEOUT,331.4019
p_2000.00_4000.00_0.00_2000.00_0.0800_10000.00_1.00_0.50.smt2,2000.00,4000.00,0.00,2000.00,0.0800,10000.00,1.00,0.50,Spacer,TIMEOUT,335.9967
p_2000.00_4000.00_0.00_2000.00_0.0800_10000.00_1.00_0.50.smt2,2000.00,4000.00,0.00,2000.00,0.0800,10000.00,1.00,0.50,Golem,TIMEOUT,332.3063
p_2000.00_4000.00_0.00_2000.00_0.0800_10000.00_1.00_1.00.smt2,2000.00,4000.00,0.00,2000.00,0.0800,10000.00,1.00,1.00,Spacer,TIMEOUT,331.8084
p_2000.00_4000.00_0.00_2000.00_0.0800_10000.00_1.00_1.00.smt2,2000.00,4000.00,0.00,2000.00,0.0800,10000.00,1.00,1.00,Golem,TIMEOUT,334.7383
p_2000.00_4000.00_0.00_2000.00_0.0800_110.00_0.50_0.50.smt2,2000.00,4000.00,0.00,2000.00,0.0800,110.00,0.50,0.50,Spacer,sat (   (define-fun Inv ((x!0 Real)    (x!1 Real)    (x!2 Real)    (x!3 Real)    (x!4 Real)    (x!5 Real)) Bool     (let ((a!1 (or (<= x!4 0.0)                    (<= (+ (* 0.0001334435? x!0) (* (- 0.0001334435?) x!5))                        0.4910721950?)))           (a!2 (or (<= x!4 1.0)                    (<= (+ (* 1.0869565217? x!0) (* (- 1.0869565217?) x!5))                        3746.9032429360?)))           (a!3 (or (not (>= x!4 4.0))                    (<= (+ (* 0.0001576601? x!0) (* (- 0.0001576601?) x!5)) 0.5)))           (a!4 (or (not (>= x!4 5.0))                    (<= (+ (* 0.0001713697? x!0) (* (- 0.0001713697?) x!5)) 0.5)))           (a!5 (or (not (>= x!4 6.0))                    (<= (+ (* 1.0869565217? x!0) (* (- 1.0869565217?) x!5))                        2917.6685924353?)))           (a!6 (or (not (>= x!4 7.0))                    (<= (+ (* 1.0869565217? x!0) (* (- 1.0869565217?) x!5))                        2684.2551050405?)))           (a!7 (or (not (>= x!4 8.0))                    (<= (+ (* 0.0002200749? x!0) (* (- 0.0002200749?) x!5)) 0.5)))           (a!8 (or (not (>= x!4 9.0))                    (<= (+ (* 0.0002392118? x!0) (* (- 0.0002392118?) x!5)) 0.5)))           (a!9 (or (not (>= x!4 10.0))                    (<= (+ (* 0.0002600129? x!0) (* (- 0.0002600129?) x!5)) 0.5)))           (a!10 (or (not (>= x!4 11.0))                     (<= (+ (* 0.0002826227? x!0) (* (- 0.0002826227?) x!5)) 0.5)))           (a!11 (or (<= (+ (* 1.0869565217? x!0) (* (- 1.0869565217?) x!5))                         1769.1429432874?)                     (not (>= x!4 12.0))))           (a!12 (or (not (>= x!4 13.0))                     (<= (+ (* 0.0003339115? x!0) (* (- 0.0003339115?) x!5)) 0.5)))           (a!13 (or (not (>= x!4 14.0))                     (<= (+ (* 0.0003629473? x!0) (* (- 0.0003629473?) x!5)) 0.5)))           (a!14 (or (not (>= x!4 15.0))                     (<= (+ (* 0.0003945079? x!0) (* (- 0.0003945079?) x!5)) 0.5)))           (a!15 (or (<= (+ (* 1.0869565217? x!0) (* (- 1.0869565217?) x!5))                         1267.4015498048?)                     (not (>= x!4 16.0))))           (a!16 (or (not (>= x!4 17.0))                     (<= (+ (* 0.0004661010? x!0) (* (- 0.0004661010?) x!5)) 0.5)))           (a!17 (or (<= (+ (* 1.0869565217? x!0) (* (- 1.0869565217?) x!5))                         986.9103780144?)                     (not (>= x!4 19.0))))           (a!18 (or (not (>= x!4 18.0))                     (<= (+ (* 0.0005066316? x!0) (* (- 0.0005066316?) x!5)) 0.5)))           (a!19 (or (not (>= x!4 20.0))                     (<= (+ (* 1.0869565217? x!0) (* (- 1.0869565217?) x!5))                         907.9575477732?)))           (a!20 (or (not (>= x!4 21.0))                     (<= (+ (* 0.0006506220? x!0) (* (- 0.0006506220?) x!5)) 0.5)))           (a!21 (or (not (>= x!4 23.0))                     (<= (+ (* 1.0869565217? x!0) (* (- 1.0869565217?) x!5))                         707.0156469604?)))           (a!22 (or (not (>= x!4 22.0))                     (<= (+ (* 0.0007071979? x!0) (* (- 0.0007071979?) x!5)) 0.5)))           (a!23 (or (not (>= x!4 24.0))                     (<= (+ (* 1.0869565217? x!0) (* (- 1.0869565217?) x!5))                         650.4543952036?)))           (a!24 (or (not (>= x!4 25.0))                     (<= (+ (* 0.0009081916? x!0) (* (- 0.0009081916?) x!5)) 0.5)))           (a!25 (or (not (>= x!4 27.0))                     (<= (+ (* 1.0869565217? x!0) (* (- 1.0869565217?) x!5))                         506.5010320923?)))           (a!26 (or (not (>= x!4 26.0))                     (<= (+ (* 0.0009871648? x!0) (* (- 0.0009871648?) x!5)) 0.5)))           (a!27 (or (<= (+ (* 1.0869565217? x!0) (* (- 1.0869565217?) x!5))                         465.9809495249?)                     (not (>= x!4 28.0))))           (a!28 (or (not (>= x!4 29.0))                     (<= (+ (* 0.0012677283? x!0) (* (- 0.0012677283?) x!5)) 0.5)))           (a!29 (or (not (>= x!4 30.0))                     (<= (+ (* 0.0013779655? x!0) (* (- 0.0013779655?) x!5)) 0.5)))           (a!30 (or (not (>= x!4 31.0))                     (<= (+ (* 0.0014977886? x!0) (* (- 0.0014977886?) x!5)) 0.5)))           (a!31 (or (not (>= x!4 32.0))                     (<= (+ (* 1.0869565217? x!0) (* (- 1.0869565217?) x!5))                         333.8254717337?)))           (a!32 (or (not (>= x!4 33.0))                     (<= (+ (* 0.0017695990? x!0) (* (- 0.0017695990?) x!5)) 0.5)))           (a!33 (or (<= (+ (* 1.0869565217? x!0) (* (- 1.0869565217?) x!5))                         259.9458889334?)                     (not (>= x!4 35.0))))           (a!34 (or (not (>= x!4 34.0))                     (<= (+ (* 0.0019234772? x!0) (* (- 0.0019234772?) x!5)) 0.5)))           (a!35 (or (not (>= x!4 36.0))                     (<= (+ (* 0.0022725392? x!0) (* (- 0.0022725392?) x!5)) 0.5)))           (a!36 (or (<= (+ (* 1.0869565217? x!0) (* (- 1.0869565217?) x!5))                         202.4167443618?)                     (not (>= x!4 38.0))))           (a!37 (or (not (>= x!4 37.0))                     (<= (+ (* 0.0024701513? x!0) (* (- 0.0024701513?) x!5)) 0.5)))           (a!38 (or (not (>= x!4 39.0))                     (<= (+ (* 1.0869565217? x!0) (* (- 1.0869565217?) x!5))                         186.2234048128?)))           (a!39 (or (not (>= x!4 41.0))                     (<= (+ (* 0.0034480397? x!0) (* (- 0.0034480397?) x!5)) 0.5)))           (a!40 (or (not (>= x!4 40.0))                     (<= (+ (* 0.0031721965? x!0) (* (- 0.0031721965?) x!5)) 0.5)))           (a!41 (or (not (>= x!4 42.0))                     (<= (+ (* 0.0037478692? x!0) (* (- 0.0037478692?) x!5)) 0.5)))           (a!42 (or (not (>= x!4 43.0))                     (<= (+ (* 0.0040737709? x!0) (* (- 0.0040737709?) x!5)) 0.5)))           (a!43 (or (not (>= x!4 44.0))                     (<= (+ (* 0.0044280118? x!0) (* (- 0.0044280118?) x!5)) 0.5)))           (a!44 (or (not (>= x!4 45.0))                     (<= (+ (* 0.0048130563? x!0) (* (- 0.0048130563?) x!5)) 0.5)))           (a!45 (or (not (>= x!4 46.0))                     (<= (+ (* 0.0052315830? x!0) (* (- 0.0052315830?) x!5)) 0.5)))           (a!46 (or (not (>= x!4 47.0))                     (<= (+ (* 0.0056865032? x!0) (* (- 0.0056865032?) x!5)) 0.5)))           (a!47 (or (not (>= x!4 48.0))                     (<= (+ (* 0.0061809818? x!0) (* (- 0.0061809818?) x!5)) 0.5)))           (a!48 (or (not (>= x!4 49.0))                     (<= (+ (* 0.0067184585? x!0) (* (- 0.0067184585?) x!5)) 0.5)))           (a!49 (or (not (>= x!4 50.0))                     (<= (+ (* 0.0073026723? x!0) (* (- 0.0073026723?) x!5)) 0.5)))           (a!50 (or (not (>= x!4 51.0))                     (<= (+ (* 0.0079376872? x!0) (* (- 0.0079376872?) x!5)) 0.5)))           (a!51 (or (not (>= x!4 52.0))                     (<= (+ (* 0.0086279209? x!0) (* (- 0.0086279209?) x!5)) 0.5)))           (a!52 (or (not (>= x!4 53.0))                     (<= (+ (* 0.0093781749? x!0) (* (- 0.0093781749?) x!5)) 0.5)))           (a!53 (or (not (>= x!4 54.0))                     (<= (+ (* 0.0101936684? x!0) (* (- 0.0101936684?) x!5)) 0.5)))           (a!54 (or (not (>= x!4 55.0))                     (<= (+ (* 0.0110800744? x!0) (* (- 0.0110800744?) x!5)) 0.5)))           (a!55 (or (not (>= x!4 56.0))                     (<= (+ (* 0.0120435591? x!0) (* (- 0.0120435591?) x!5)) 0.5)))           (a!56 (or (<= (+ (* 1.0869565217? x!0) (* (- 1.0869565217?) x!5))                         41.5159667086?)                     (not (>= x!4 57.0))))           (a!57 (or (<= (+ (* 1.1814744801? x!0) (* (- 1.1814744801?) x!5))                         41.5159667086?)                     (not (>= x!4 58.0))))           (a!58 (or (<= (+ (* 1.2842113914? x!0) (* (- 1.2842113914?) x!5))                         41.5159667086?)                     (not (>= x!4 59.0))))           (a!59 (or (<= (+ (* 1.3958819472? x!0) (* (- 1.3958819472?) x!5))                         41.5159667086?)                     (not (>= x!4 60.0))))           (a!60 (or (<= (+ (* 1.5172629861? x!0) (* (- 1.5172629861?) x!5))                         41.5159667086?)                     (not (>= x!4 61.0))))           (a!61 (or (<= (+ (* 1.7926074978? x!0) (* (- 1.7926074978?) x!5))                         41.5159667086?)                     (not (>= x!4 63.0))))           (a!62 (or (<= (+ (* 1.6491988979? x!0) (* (- 1.6491988979?) x!5))                         41.5159667086?)                     (not (>= x!4 62.0))))           (a!63 (or (<= (+ (* 1.9484864106? x!0) (* (- 1.9484864106?) x!5))                         41.5159667086?)                     (not (>= x!4 64.0))))           (a!64 (or (<= (+ (* 2.1179200115? x!0) (* (- 2.1179200115?) x!5))                         41.5159667086?)                     (not (>= x!4 65.0))))           (a!65 (or (<= (+ (* 2.3020869691? x!0) (* (- 2.3020869691?) x!5))                         41.5159667086?)                     (not (>= x!4 66.0))))           (a!66 (or (not (>= x!4 67.0))                     (<= (+ (* 1.0869565217? x!0) (* (- 1.0869565217?) x!5))                         18.0340566041?)))           (a!67 (or (not (>= x!4 68.0))                     (<= (+ (* 1.0869565217? x!0) (* (- 1.0869565217?) x!5))                         16.5913320758?)))           (a!68 (or (not (>= x!4 69.0))                     (<= (+ (* 1.0869565217? x!0) (* (- 1.0869565217?) x!5))                         15.2640255097?)))           (a!69 (or (not (>= x!4 70.0))                     (<= (+ (* 1.0869565217? x!0) (* (- 1.0869565217?) x!5))                         14.0429034689?)))           (a!70 (or (not (>= x!4 71.0))                     (<= (+ (* 1.0869565217? x!0) (* (- 1.0869565217?) x!5))                         12.9194711914?)))           (a!71 (or (not (>= x!4 72.0))                     (<= (+ (* 1.0869565217? x!0) (* (- 1.0869565217?) x!5))                         11.8859134961?)))           (a!72 (or (not (>= x!4 73.0))                     (<= (+ (* 1.0869565217? x!0) (* (- 1.0869565217?) x!5))                         10.9350404164?)))           (a!73 (or (not (>= x!4 74.0))                     (<= (+ (* 1.0869565217? x!0) (* (- 1.0869565217?) x!5))                         10.0602371831?)))           (a!74 (or (not (>= x!4 75.0))                     (<= (+ (* 1.0869565217? x!0) (* (- 1.0869565217?) x!5))                         9.2554182084?)))           (a!75 (or (not (>= x!4 76.0))                     (<= (+ (* 1.0869565217? x!0) (* (- 1.0869565217?) x!5))                         8.5149847518?)))           (a!76 (or (not (>= x!4 77.0))                     (<= (+ (* 1.0869565217? x!0) (* (- 1.0869565217?) x!5))                         7.8337859716?)))           (a!77 (or (not (>= x!4 78.0))                     (<= (+ (* 1.0869565217? x!0) (* (- 1.0869565217?) x!5))                         7.2070830939?)))           (a!78 (or (not (>= x!4 79.0))                     (<= (+ (* 1.0869565217? x!0) (* (- 1.0869565217?) x!5))                         6.6305164464?)))           (a!79 (or (not (>= x!4 80.0))                     (<= (+ (* 1.0869565217? x!0) (* (- 1.0869565217?) x!5))                         6.1000751306?)))           (a!80 (or (not (>= x!4 81.0))                     (<= (+ (* 1.0869565217? x!0) (* (- 1.0869565217?) x!5))                         5.6120691202?)))           (a!81 (or (not (>= x!4 82.0))                     (<= (+ (* 1.0869565217? x!0) (* (- 1.0869565217?) x!5))                         5.1631035906?)))           (a!82 (or (<= (+ (* 1.0869565217? x!0) (* (- 1.0869565217?) x!5))                         4.7500553033?)                     (not (>= x!4 83.0))))           (a!83 (or (<= (+ (* 1.1814744801? x!0) (* (- 1.1814744801?) x!5))                         4.7500553033?)                     (not (>= x!4 84.0))))           (a!84 (or (<= (+ (* 1.2842113914? x!0) (* (- 1.2842113914?) x!5))                         4.7500553033?)                     (not (>= x!4 85.0))))           (a!85 (or (<= (+ (* 1.3958819472? x!0) (* (- 1.3958819472?) x!5))                         4.7500553033?)                     (not (>= x!4 86.0))))           (a!86 (or (<= (+ (* 1.5172629861? x!0) (* (- 1.5172629861?) x!5))                         4.7500553033?)                     (not (>= x!4 87.0))))           (a!87 (or (<= (+ (* 1.7926074978? x!0) (* (- 1.7926074978?) x!5))                         4.7500553033?)                     (not (>= x!4 89.0))))           (a!88 (or (<= (+ (* 1.6491988979? x!0) (* (- 1.6491988979?) x!5))                         4.7500553033?)                     (not (>= x!4 88.0))))           (a!89 (or (<= (+ (* 1.9484864106? x!0) (* (- 1.9484864106?) x!5))                         4.7500553033?)                     (not (>= x!4 90.0))))           (a!90 (or (<= (+ (* 2.1179200115? x!0) (* (- 2.1179200115?) x!5))                         4.7500553033?)                     (not (>= x!4 91.0))))           (a!91 (or (<= (+ (* 1.0869565217? x!0) (* (- 1.0869565217?) x!5))                         2.2427925877?)                     (not (>= x!4 92.0))))           (a!92 (or (<= (+ (* 1.0869565217? x!0) (* (- 1.0869565217?) x!5))                         2.0633691807?)                     (not (>= x!4 93.0))))           (a!93 (or (<= (+ (* 1.0869565217? x!0) (* (- 1.0869565217?) x!5))                         1.8982996462?)                     (not (>= x!4 94.0))))           (a!94 (or (<= (+ (* 1.0869565217? x!0) (* (- 1.0869565217?) x!5))                         1.7464356745?)                     (not (>= x!4 95.0))))           (a!95 (or (<= (+ (* 1.0869565217? x!0) (* (- 1.0869565217?) x!5))                         1.6067208205?)                     (not (>= x!4 96.0))))           (a!96 (or (<= (+ (* 1.0869565217? x!0) (* (- 1.0869565217?) x!5))                         1.4781831549?)                     (not (>= x!4 97.0))))           (a!97 (or (<= (+ (* 1.0869565217? x!0) (* (- 1.0869565217?) x!5))                         1.3599285025?)                     (not (>= x!4 98.0))))           (a!98 (or (<= (+ (* 1.0869565217? x!0) (* (- 1.0869565217?) x!5))                         1.2511342223?)                     (not (>= x!4 99.0))))           (a!99 (or (<= (+ (* 1.0869565217? x!0) (* (- 1.0869565217?) x!5))                         1.1510434845?)                     (not (>= x!4 100.0))))           (a!100 (or (<= (+ (* 1.0869565217? x!0) (* (- 1.0869565217?) x!5))                          1.0589600057?)                      (not (>= x!4 101.0))))           (a!101 (or (<= (+ (* 1.0869565217? x!0) (* (- 1.0869565217?) x!5))                          0.9742432053?)                      (not (>= x!4 102.0))))           (a!102 (or (<= (+ (* 1.0869565217? x!0) (* (- 1.0869565217?) x!5))                          0.8963037489?)                      (not (>= x!4 103.0))))           (a!103 (or (<= (+ (* 1.0869565217? x!0) (* (- 1.0869565217?) x!5))                          0.8245994489?)                      (not (>= x!4 104.0))))           (a!104 (or (<= (+ (* 1.0869565217? x!0) (* (- 1.0869565217?) x!5))                          0.7586314930?)                      (not (>= x!4 105.0))))           (a!105 (or (<= (+ (* 1.0869565217? x!0) (* (- 1.0869565217?) x!5))                          0.6979409736?)                      (not (>= x!4 106.0))))           (a!106 (or (<= (+ (* 1.0869565217? x!0) (* (- 1.0869565217?) x!5))                          0.6421056957?)                      (not (>= x!4 107.0))))           (a!107 (or (<= (+ (* 1.0869565217? x!0) (* (- 1.0869565217?) x!5))                          0.5907372400?)                      (not (>= x!4 108.0)))))       (and (>= (+ (* 0.92 x!0) (* (- 0.92) x!5)) (- 0.46))            (<= (+ x!0 (* (- 1.0) x!5)) 4000.0)            a!1            a!2            a!3            a!4            a!5            a!6            a!7            a!8            a!9            a!10            a!11            a!12            a!13            a!14            a!15            a!16            a!17            a!18            a!19            a!20            a!21            a!22            a!23            a!24            a!25            a!26            a!27            a!28            a!29            a!30            a!31            a!32            a!33            a!34            a!35            a!36            a!37            a!38            a!39            a!40            a!41            a!42            a!43            a!44            a!45            a!46            a!47            a!48            a!49            a!50            a!51            a!52            a!53            a!54            a!55            a!56            a!57            a!58            a!59            a!60            a!61            a!62            a!63            a!64            a!65            a!66            a!67            a!68            a!69            a!70            a!71            a!72            a!73            a!74            a!75            a!76            a!77            a!78            a!79            a!80            a!81            a!82            a!83            a!84            a!85            a!86            a!87            a!88            a!89            a!90            a!91            a!92            a!93            a!94            a!95            a!96            a!97            a!98            a!99            a!100            a!101            a!102            a!103            a!104            a!105            a!106            a!107))) ),33.9450
p_2000.00_4000.00_0.00_2000.00_0.0800_110.00_0.50_0.50.smt2,2000.00,4000.00,0.00,2000.00,0.0800,110.00,0.50,0.50,Golem,sat,3.1028
p_2000.00_4000.00_0.00_2000.00_0.0800_110.00_0.50_1.00.smt2,2000.00,4000.00,0.00,2000.00,0.0800,110.00,0.50,1.00,Spacer,sat (   (define-fun Inv ((x!0 Real)    (x!1 Real)    (x!2 Real)    (x!3 Real)    (x!4 Real)    (x!5 Real)) Bool     (let ((a!1 (or (<= x!4 0.0)                    (<= (+ (* 0.0001334435? x!0) (* (- 0.0001334435?) x!5))                        0.4910721950?)))           (a!2 (or (<= x!4 1.0)                    (<= (+ (* 1.0869565217? x!0) (* (- 1.0869565217?) x!5))                        3746.9032429360?)))           (a!3 (or (not (>= x!4 4.0))                    (<= (+ (* 0.0001576601? x!0) (* (- 0.0001576601?) x!5)) 0.5)))           (a!4 (or (not (>= x!4 5.0))                    (<= (+ (* 0.0001713697? x!0) (* (- 0.0001713697?) x!5)) 0.5)))           (a!5 (or (not (>= x!4 6.0))                    (<= (+ (* 1.0869565217? x!0) (* (- 1.0869565217?) x!5))                        2917.6685924353?)))           (a!6 (or (not (>= x!4 7.0))                    (<= (+ (* 1.0869565217? x!0) (* (- 1.0869565217?) x!5))                        2684.2551050405?)))           (a!7 (or (not (>= x!4 8.0))                    (<= (+ (* 0.0002200749? x!0) (* (- 0.0002200749?) x!5)) 0.5)))           (a!8 (or (not (>= x!4 9.0))                    (<= (+ (* 0.0002392118? x!0) (* (- 0.0002392118?) x!5)) 0.5)))           (a!9 (or (not (>= x!4 10.0))                    (<= (+ (* 0.0002600129? x!0) (* (- 0.0002600129?) x!5)) 0.5)))           (a!10 (or (not (>= x!4 11.0))                     (<= (+ (* 0.0002826227? x!0) (* (- 0.0002826227?) x!5)) 0.5)))           (a!11 (or (<= (+ (* 1.0869565217? x!0) (* (- 1.0869565217?) x!5))                         1769.1429432874?)                     (not (>= x!4 12.0))))           (a!12 (or (not (>= x!4 13.0))                     (<= (+ (* 0.0003339115? x!0) (* (- 0.0003339115?) x!5)) 0.5)))           (a!13 (or (not (>= x!4 14.0))                     (<= (+ (* 0.0003629473? x!0) (* (- 0.0003629473?) x!5)) 0.5)))           (a!14 (or (not (>= x!4 15.0))                     (<= (+ (* 0.0003945079? x!0) (* (- 0.0003945079?) x!5)) 0.5)))           (a!15 (or (<= (+ (* 1.0869565217? x!0) (* (- 1.0869565217?) x!5))                         1267.4015498048?)                     (not (>= x!4 16.0))))           (a!16 (or (not (>= x!4 17.0))                     (<= (+ (* 0.0004661010? x!0) (* (- 0.0004661010?) x!5)) 0.5)))           (a!17 (or (<= (+ (* 1.0869565217? x!0) (* (- 1.0869565217?) x!5))                         986.9103780144?)                     (not (>= x!4 19.0))))           (a!18 (or (not (>= x!4 18.0))                     (<= (+ (* 0.0005066316? x!0) (* (- 0.0005066316?) x!5)) 0.5)))           (a!19 (or (not (>= x!4 20.0))                     (<= (+ (* 1.0869565217? x!0) (* (- 1.0869565217?) x!5))                         907.9575477732?)))           (a!20 (or (not (>= x!4 21.0))                     (<= (+ (* 0.0006506220? x!0) (* (- 0.0006506220?) x!5)) 0.5)))           (a!21 (or (not (>= x!4 23.0))                     (<= (+ (* 1.0869565217? x!0) (* (- 1.0869565217?) x!5))                         707.0156469604?)))           (a!22 (or (not (>= x!4 22.0))                     (<= (+ (* 0.0007071979? x!0) (* (- 0.0007071979?) x!5)) 0.5)))           (a!23 (or (not (>= x!4 24.0))                     (<= (+ (* 1.0869565217? x!0) (* (- 1.0869565217?) x!5))                         650.4543952036?)))           (a!24 (or (not (>= x!4 25.0))                     (<= (+ (* 0.0009081916? x!0) (* (- 0.0009081916?) x!5)) 0.5)))           (a!25 (or (not (>= x!4 27.0))                     (<= (+ (* 1.0869565217? x!0) (* (- 1.0869565217?) x!5))                         506.5010320923?)))           (a!26 (or (not (>= x!4 26.0))                     (<= (+ (* 0.0009871648? x!0) (* (- 0.0009871648?) x!5)) 0.5)))           (a!27 (or (<= (+ (* 1.0869565217? x!0) (* (- 1.0869565217?) x!5))                         465.9809495249?)                     (not (>= x!4 28.0))))           (a!28 (or (not (>= x!4 29.0))                     (<= (+ (* 0.0012677283? x!0) (* (- 0.0012677283?) x!5)) 0.5)))           (a!29 (or (not (>= x!4 30.0))                     (<= (+ (* 0.0013779655? x!0) (* (- 0.0013779655?) x!5)) 0.5)))           (a!30 (or (not (>= x!4 31.0))                     (<= (+ (* 0.0014977886? x!0) (* (- 0.0014977886?) x!5)) 0.5)))           (a!31 (or (not (>= x!4 32.0))                     (<= (+ (* 1.0869565217? x!0) (* (- 1.0869565217?) x!5))                         333.8254717337?)))           (a!32 (or (not (>= x!4 33.0))                     (<= (+ (* 0.0017695990? x!0) (* (- 0.0017695990?) x!5)) 0.5)))           (a!33 (or (<= (+ (* 1.0869565217? x!0) (* (- 1.0869565217?) x!5))                         259.9458889334?)                     (not (>= x!4 35.0))))           (a!34 (or (not (>= x!4 34.0))                     (<= (+ (* 0.0019234772? x!0) (* (- 0.0019234772?) x!5)) 0.5)))           (a!35 (or (not (>= x!4 36.0))                     (<= (+ (* 0.0022725392? x!0) (* (- 0.0022725392?) x!5)) 0.5)))           (a!36 (or (<= (+ (* 1.0869565217? x!0) (* (- 1.0869565217?) x!5))                         202.4167443618?)                     (not (>= x!4 38.0))))           (a!37 (or (not (>= x!4 37.0))                     (<= (+ (* 0.0024701513? x!0) (* (- 0.0024701513?) x!5)) 0.5)))           (a!38 (or (not (>= x!4 39.0))                     (<= (+ (* 1.0869565217? x!0) (* (- 1.0869565217?) x!5))                         186.2234048128?)))           (a!39 (or (not (>= x!4 41.0))                     (<= (+ (* 0.0034480397? x!0) (* (- 0.0034480397?) x!5)) 0.5)))           (a!40 (or (not (>= x!4 40.0))                     (<= (+ (* 0.0031721965? x!0) (* (- 0.0031721965?) x!5)) 0.5)))           (a!41 (or (not (>= x!4 42.0))                     (<= (+ (* 0.0037478692? x!0) (* (- 0.0037478692?) x!5)) 0.5)))           (a!42 (or (not (>= x!4 43.0))                     (<= (+ (* 0.0040737709? x!0) (* (- 0.0040737709?) x!5)) 0.5)))           (a!43 (or (not (>= x!4 44.0))                     (<= (+ (* 0.0044280118? x!0) (* (- 0.0044280118?) x!5)) 0.5)))           (a!44 (or (not (>= x!4 45.0))                     (<= (+ (* 0.0048130563? x!0) (* (- 0.0048130563?) x!5)) 0.5)))           (a!45 (or (not (>= x!4 46.0))                     (<= (+ (* 0.0052315830? x!0) (* (- 0.0052315830?) x!5)) 0.5)))           (a!46 (or (not (>= x!4 47.0))                     (<= (+ (* 0.0056865032? x!0) (* (- 0.0056865032?) x!5)) 0.5)))           (a!47 (or (not (>= x!4 48.0))                     (<= (+ (* 0.0061809818? x!0) (* (- 0.0061809818?) x!5)) 0.5)))           (a!48 (or (not (>= x!4 49.0))                     (<= (+ (* 0.0067184585? x!0) (* (- 0.0067184585?) x!5)) 0.5)))           (a!49 (or (not (>= x!4 50.0))                     (<= (+ (* 0.0073026723? x!0) (* (- 0.0073026723?) x!5)) 0.5)))           (a!50 (or (not (>= x!4 51.0))                     (<= (+ (* 0.0079376872? x!0) (* (- 0.0079376872?) x!5)) 0.5)))           (a!51 (or (not (>= x!4 52.0))                     (<= (+ (* 0.0086279209? x!0) (* (- 0.0086279209?) x!5)) 0.5)))           (a!52 (or (not (>= x!4 53.0))                     (<= (+ (* 0.0093781749? x!0) (* (- 0.0093781749?) x!5)) 0.5)))           (a!53 (or (not (>= x!4 54.0))                     (<= (+ (* 0.0101936684? x!0) (* (- 0.0101936684?) x!5)) 0.5)))           (a!54 (or (not (>= x!4 55.0))                     (<= (+ (* 0.0110800744? x!0) (* (- 0.0110800744?) x!5)) 0.5)))           (a!55 (or (not (>= x!4 56.0))                     (<= (+ (* 0.0120435591? x!0) (* (- 0.0120435591?) x!5)) 0.5)))           (a!56 (or (<= (+ (* 1.0869565217? x!0) (* (- 1.0869565217?) x!5))                         41.5159667086?)                     (not (>= x!4 57.0))))           (a!57 (or (<= (+ (* 1.1814744801? x!0) (* (- 1.1814744801?) x!5))                         41.5159667086?)                     (not (>= x!4 58.0))))           (a!58 (or (<= (+ (* 1.2842113914? x!0) (* (- 1.2842113914?) x!5))                         41.5159667086?)                     (not (>= x!4 59.0))))           (a!59 (or (<= (+ (* 1.3958819472? x!0) (* (- 1.3958819472?) x!5))                         41.5159667086?)                     (not (>= x!4 60.0))))           (a!60 (or (<= (+ (* 1.5172629861? x!0) (* (- 1.5172629861?) x!5))                         41.5159667086?)                     (not (>= x!4 61.0))))           (a!61 (or (<= (+ (* 1.7926074978? x!0) (* (- 1.7926074978?) x!5))                         41.5159667086?)                     (not (>= x!4 63.0))))           (a!62 (or (<= (+ (* 1.6491988979? x!0) (* (- 1.6491988979?) x!5))                         41.5159667086?)                     (not (>= x!4 62.0))))           (a!63 (or (<= (+ (* 1.9484864106? x!0) (* (- 1.9484864106?) x!5))                         41.5159667086?)                     (not (>= x!4 64.0))))           (a!64 (or (<= (+ (* 2.1179200115? x!0) (* (- 2.1179200115?) x!5))                         41.5159667086?)                     (not (>= x!4 65.0))))           (a!65 (or (<= (+ (* 2.3020869691? x!0) (* (- 2.3020869691?) x!5))                         41.5159667086?)                     (not (>= x!4 66.0))))           (a!66 (or (not (>= x!4 67.0))                     (<= (+ (* 1.0869565217? x!0) (* (- 1.0869565217?) x!5))                         18.0340566041?)))           (a!67 (or (not (>= x!4 68.0))                     (<= (+ (* 1.0869565217? x!0) (* (- 1.0869565217?) x!5))                         16.5913320758?)))           (a!68 (or (not (>= x!4 69.0))                     (<= (+ (* 1.0869565217? x!0) (* (- 1.0869565217?) x!5))                         15.2640255097?)))           (a!69 (or (not (>= x!4 70.0))                     (<= (+ (* 1.0869565217? x!0) (* (- 1.0869565217?) x!5))                         14.0429034689?)))           (a!70 (or (not (>= x!4 71.0))                     (<= (+ (* 1.0869565217? x!0) (* (- 1.0869565217?) x!5))                         12.9194711914?)))           (a!71 (or (not (>= x!4 72.0))                     (<= (+ (* 1.0869565217? x!0) (* (- 1.0869565217?) x!5))                         11.8859134961?)))           (a!72 (or (not (>= x!4 73.0))                     (<= (+ (* 1.0869565217? x!0) (* (- 1.0869565217?) x!5))                         10.9350404164?)))           (a!73 (or (not (>= x!4 74.0))                     (<= (+ (* 1.0869565217? x!0) (* (- 1.0869565217?) x!5))                         10.0602371831?)))           (a!74 (or (not (>= x!4 75.0))                     (<= (+ (* 1.0869565217? x!0) (* (- 1.0869565217?) x!5))                         9.2554182084?)))           (a!75 (or (not (>= x!4 76.0))                     (<= (+ (* 1.0869565217? x!0) (* (- 1.0869565217?) x!5))                         8.5149847518?)))           (a!76 (or (not (>= x!4 77.0))                     (<= (+ (* 1.0869565217? x!0) (* (- 1.0869565217?) x!5))                         7.8337859716?)))           (a!77 (or (not (>= x!4 78.0))                     (<= (+ (* 1.0869565217? x!0) (* (- 1.0869565217?) x!5))                         7.2070830939?)))           (a!78 (or (not (>= x!4 79.0))                     (<= (+ (* 1.0869565217? x!0) (* (- 1.0869565217?) x!5))                         6.6305164464?)))           (a!79 (or (not (>= x!4 80.0))                     (<= (+ (* 1.0869565217? x!0) (* (- 1.0869565217?) x!5))                         6.1000751306?)))           (a!80 (or (not (>= x!4 81.0))                     (<= (+ (* 1.0869565217? x!0) (* (- 1.0869565217?) x!5))                         5.6120691202?)))           (a!81 (or (not (>= x!4 82.0))                     (<= (+ (* 1.0869565217? x!0) (* (- 1.0869565217?) x!5))                         5.1631035906?)))           (a!82 (or (<= (+ (* 1.0869565217? x!0) (* (- 1.0869565217?) x!5))                         4.7500553033?)                     (not (>= x!4 83.0))))           (a!83 (or (<= (+ (* 1.1814744801? x!0) (* (- 1.1814744801?) x!5))                         4.7500553033?)                     (not (>= x!4 84.0))))           (a!84 (or (<= (+ (* 1.2842113914? x!0) (* (- 1.2842113914?) x!5))                         4.7500553033?)                     (not (>= x!4 85.0))))           (a!85 (or (<= (+ (* 1.3958819472? x!0) (* (- 1.3958819472?) x!5))                         4.7500553033?)                     (not (>= x!4 86.0))))           (a!86 (or (<= (+ (* 1.5172629861? x!0) (* (- 1.5172629861?) x!5))                         4.7500553033?)                     (not (>= x!4 87.0))))           (a!87 (or (<= (+ (* 1.7926074978? x!0) (* (- 1.7926074978?) x!5))                         4.7500553033?)                     (not (>= x!4 89.0))))           (a!88 (or (<= (+ (* 1.6491988979? x!0) (* (- 1.6491988979?) x!5))                         4.7500553033?)                     (not (>= x!4 88.0))))           (a!89 (or (<= (+ (* 1.9484864106? x!0) (* (- 1.9484864106?) x!5))                         4.7500553033?)                     (not (>= x!4 90.0))))           (a!90 (or (<= (+ (* 2.1179200115? x!0) (* (- 2.1179200115?) x!5))                         4.7500553033?)                     (not (>= x!4 91.0))))           (a!91 (or (<= (+ (* 1.0869565217? x!0) (* (- 1.0869565217?) x!5))                         2.2427925877?)                     (not (>= x!4 92.0))))           (a!92 (or (<= (+ (* 1.0869565217? x!0) (* (- 1.0869565217?) x!5))                         2.0633691807?)                     (not (>= x!4 93.0))))           (a!93 (or (<= (+ (* 1.0869565217? x!0) (* (- 1.0869565217?) x!5))                         1.8982996462?)                     (not (>= x!4 94.0))))           (a!94 (or (<= (+ (* 1.0869565217? x!0) (* (- 1.0869565217?) x!5))                         1.7464356745?)                     (not (>= x!4 95.0))))           (a!95 (or (<= (+ (* 1.0869565217? x!0) (* (- 1.0869565217?) x!5))                         1.6067208205?)                     (not (>= x!4 96.0))))           (a!96 (or (<= (+ (* 1.0869565217? x!0) (* (- 1.0869565217?) x!5))                         1.4781831549?)                     (not (>= x!4 97.0))))           (a!97 (or (<= (+ (* 1.0869565217? x!0) (* (- 1.0869565217?) x!5))                         1.3599285025?)                     (not (>= x!4 98.0))))           (a!98 (or (<= (+ (* 1.0869565217? x!0) (* (- 1.0869565217?) x!5))                         1.2511342223?)                     (not (>= x!4 99.0))))           (a!99 (or (<= (+ (* 1.0869565217? x!0) (* (- 1.0869565217?) x!5))                         1.1510434845?)                     (not (>= x!4 100.0))))           (a!100 (or (<= (+ (* 1.0869565217? x!0) (* (- 1.0869565217?) x!5))                          1.0589600057?)                      (not (>= x!4 101.0))))           (a!101 (or (<= (+ (* 1.0869565217? x!0) (* (- 1.0869565217?) x!5))                          0.9742432053?)                      (not (>= x!4 102.0))))           (a!102 (or (<= (+ (* 1.0869565217? x!0) (* (- 1.0869565217?) x!5))                          0.8963037489?)                      (not (>= x!4 103.0))))           (a!103 (or (<= (+ (* 1.0869565217? x!0) (* (- 1.0869565217?) x!5))                          0.8245994489?)                      (not (>= x!4 104.0))))           (a!104 (or (<= (+ (* 1.0869565217? x!0) (* (- 1.0869565217?) x!5))                          0.7586314930?)                      (not (>= x!4 105.0))))           (a!105 (or (<= (+ (* 1.0869565217? x!0) (* (- 1.0869565217?) x!5))                          0.6979409736?)                      (not (>= x!4 106.0))))           (a!106 (or (<= (+ (* 1.0869565217? x!0) (* (- 1.0869565217?) x!5))                          0.6421056957?)                      (not (>= x!4 107.0))))           (a!107 (or (<= (+ (* 1.0869565217? x!0) (* (- 1.0869565217?) x!5))                          0.5907372400?)                      (not (>= x!4 108.0)))))       (and (>= (+ (* 0.92 x!0) (* (- 0.92) x!5)) (- 0.92))            (<= (+ x!0 (* (- 1.0) x!5)) 4000.0)            a!1            a!2            a!3            a!4            a!5            a!6            a!7            a!8            a!9            a!10            a!11            a!12            a!13            a!14            a!15            a!16            a!17            a!18            a!19            a!20            a!21            a!22            a!23            a!24            a!25            a!26            a!27            a!28            a!29            a!30            a!31            a!32            a!33            a!34            a!35            a!36            a!37            a!38            a!39            a!40            a!41            a!42            a!43            a!44            a!45            a!46            a!47            a!48            a!49            a!50            a!51            a!52            a!53            a!54            a!55            a!56            a!57            a!58            a!59            a!60            a!61            a!62            a!63            a!64            a!65            a!66            a!67            a!68            a!69            a!70            a!71            a!72            a!73            a!74            a!75            a!76            a!77            a!78            a!79            a!80            a!81            a!82            a!83            a!84            a!85            a!86            a!87            a!88            a!89            a!90            a!91            a!92            a!93            a!94            a!95            a!96            a!97            a!98            a!99            a!100            a!101            a!102            a!103            a!104            a!105            a!106            a!107))) ),33.7637
p_2000.00_4000.00_0.00_2000.00_0.0800_110.00_0.50_1.00.smt2,2000.00,4000.00,0.00,2000.00,0.0800,110.00,0.50,1.00,Golem,sat,2.9391
p_2000.00_4000.00_0.00_2000.00_0.0800_110.00_1.00_0.50.smt2,2000.00,4000.00,0.00,2000.00,0.0800,110.00,1.00,0.50,Spacer,sat (   (define-fun Inv ((x!0 Real)    (x!1 Real)    (x!2 Real)    (x!3 Real)    (x!4 Real)    (x!5 Real)) Bool     (let ((a!1 (or (<= x!4 0.0)                    (<= (+ (* 0.0002600129? x!0) (* (- 0.0002600129?) x!5))                        0.9568474986?)))           (a!2 (or (<= x!4 1.0)                    (<= (+ (* 0.0002826227? x!0) (* (- 0.0002826227?) x!5)) 1.0)))           (a!3 (or (not (>= x!4 12.0))                    (<= (+ (* 1.0869565217? x!0) (* (- 1.0869565217?) x!5))                        3538.2858865749?)))           (a!4 (or (<= (+ (* 1.0869565217? x!0) (* (- 1.0869565217?) x!5))                        3255.2230156489?)                    (not (>= x!4 13.0))))           (a!5 (or (not (>= x!4 14.0))                    (<= (+ (* 1.0869565217? x!0) (* (- 1.0869565217?) x!5))                        2994.8051743970?)))           (a!6 (or (not (>= x!4 15.0))                    (<= (+ (* 0.0003945079? x!0) (* (- 0.0003945079?) x!5)) 1.0)))           (a!7 (or (not (>= x!4 16.0))                    (<= (+ (* 0.0004288130? x!0) (* (- 0.0004288130?) x!5)) 1.0)))           (a!8 (or (not (>= x!4 17.0))                    (<= (+ (* 1.0869565217? x!0) (* (- 1.0869565217?) x!5))                        2332.0188516409?)))           (a!9 (or (not (>= x!4 18.0))                    (<= (+ (* 0.0005066316? x!0) (* (- 0.0005066316?) x!5)) 1.0)))           (a!10 (or (<= (+ (* 1.0869565217? x!0) (* (- 1.0869565217?) x!5))                         1973.8207560288?)                     (not (>= x!4 19.0))))           (a!11 (or (not (>= x!4 20.0))                     (<= (+ (* 1.0869565217? x!0) (* (- 1.0869565217?) x!5))                         1815.9150955465?)))           (a!12 (or (not (>= x!4 21.0))                     (<= (+ (* 0.0006506220? x!0) (* (- 0.0006506220?) x!5)) 1.0)))           (a!13 (or (not (>= x!4 22.0))                     (<= (+ (* 1.0869565217? x!0) (* (- 1.0869565217?) x!5))                         1536.9905368705?)))           (a!14 (or (not (>= x!4 23.0))                     (<= (+ (* 0.0007686933? x!0) (* (- 0.0007686933?) x!5)) 1.0)))           (a!15 (or (not (>= x!4 24.0))                     (<= (+ (* 0.0008355363? x!0) (* (- 0.0008355363?) x!5)) 1.0)))           (a!16 (or (not (>= x!4 25.0))                     (<= (+ (* 1.0869565217? x!0) (* (- 1.0869565217?) x!5))                         1196.8360871746?)))           (a!17 (or (not (>= x!4 27.0))                     (<= (+ (* 1.0869565217? x!0) (* (- 1.0869565217?) x!5))                         1013.0020641846?)))           (a!18 (or (not (>= x!4 26.0))                     (<= (+ (* 0.0009871648? x!0) (* (- 0.0009871648?) x!5)) 1.0)))           (a!19 (or (not (>= x!4 28.0))                     (<= (+ (* 0.0011663100? x!0) (* (- 0.0011663100?) x!5)) 1.0)))           (a!20 (or (not (>= x!4 29.0))                     (<= (+ (* 0.0012677283? x!0) (* (- 0.0012677283?) x!5)) 1.0)))           (a!21 (or (not (>= x!4 30.0))                     (<= (+ (* 0.0013779655? x!0) (* (- 0.0013779655?) x!5)) 1.0)))           (a!22 (or (not (>= x!4 31.0))                     (<= (+ (* 0.0014977886? x!0) (* (- 0.0014977886?) x!5)) 1.0)))           (a!23 (or (not (>= x!4 33.0))                     (<= (+ (* 1.0869565217? x!0) (* (- 1.0869565217?) x!5))                         614.2388679901?)))           (a!24 (or (not (>= x!4 32.0))                     (<= (+ (* 0.0016280311? x!0) (* (- 0.0016280311?) x!5)) 1.0)))           (a!25 (or (not (>= x!4 34.0))                     (<= (+ (* 1.0869565217? x!0) (* (- 1.0869565217?) x!5))                         565.0997585509?)))           (a!26 (or (not (>= x!4 35.0))                     (<= (+ (* 0.0020907361? x!0) (* (- 0.0020907361?) x!5)) 1.0)))           (a!27 (or (not (>= x!4 36.0))                     (<= (+ (* 0.0022725392? x!0) (* (- 0.0022725392?) x!5)) 1.0)))           (a!28 (or (not (>= x!4 37.0))                     (<= (+ (* 0.0024701513? x!0) (* (- 0.0024701513?) x!5)) 1.0)))           (a!29 (or (not (>= x!4 38.0))                     (<= (+ (* 0.0026849471? x!0) (* (- 0.0026849471?) x!5)) 1.0)))           (a!30 (or (<= (+ (* 1.0869565217? x!0) (* (- 1.0869565217?) x!5))                         372.4468096257?)                     (not (>= x!4 39.0))))           (a!31 (or (not (>= x!4 41.0))                     (<= (+ (* 1.0869565217? x!0) (* (- 1.0869565217?) x!5))                         315.2389796672?)))           (a!32 (or (not (>= x!4 40.0))                     (<= (+ (* 0.0031721965? x!0) (* (- 0.0031721965?) x!5)) 1.0)))           (a!33 (or (not (>= x!4 42.0))                     (<= (+ (* 0.0037478692? x!0) (* (- 0.0037478692?) x!5)) 1.0)))           (a!34 (or (not (>= x!4 44.0))                     (<= (+ (* 1.0869565217? x!0) (* (- 1.0869565217?) x!5))                         245.4728105990?)))           (a!35 (or (not (>= x!4 43.0))                     (<= (+ (* 0.0040737709? x!0) (* (- 0.0040737709?) x!5)) 1.0)))           (a!36 (or (not (>= x!4 45.0))                     (<= (+ (* 0.0048130563? x!0) (* (- 0.0048130563?) x!5)) 1.0)))           (a!37 (or (not (>= x!4 46.0))                     (<= (+ (* 1.0869565217? x!0) (* (- 1.0869565217?) x!5))                         207.7681868910?)))           (a!38 (or (not (>= x!4 47.0))                     (<= (+ (* 1.0869565217? x!0) (* (- 1.0869565217?) x!5))                         191.1467319397?)))           (a!39 (or (not (>= x!4 48.0))                     (<= (+ (* 0.0061809818? x!0) (* (- 0.0061809818?) x!5)) 1.0)))           (a!40 (or (<= (+ (* 1.0869565217? x!0) (* (- 1.0869565217?) x!5))                         148.8436664007?)                     (not (>= x!4 50.0))))           (a!41 (or (not (>= x!4 49.0))                     (<= (+ (* 0.0067184585? x!0) (* (- 0.0067184585?) x!5)) 1.0)))           (a!42 (or (<= (+ (* 1.0869565217? x!0) (* (- 1.0869565217?) x!5))                         136.9361730886?)                     (not (>= x!4 51.0))))           (a!43 (or (not (>= x!4 52.0))                     (<= (+ (* 0.0086279209? x!0) (* (- 0.0086279209?) x!5)) 1.0)))           (a!44 (or (not (>= x!4 53.0))                     (<= (+ (* 0.0093781749? x!0) (* (- 0.0093781749?) x!5)) 1.0)))           (a!45 (or (<= (+ (* 1.0869565217? x!0) (* (- 1.0869565217?) x!5))                         106.6305547500?)                     (not (>= x!4 54.0))))           (a!46 (or (<= (+ (* 1.0869565217? x!0) (* (- 1.0869565217?) x!5))                         98.1001103700?)                     (not (>= x!4 55.0))))           (a!47 (or (not (>= x!4 56.0))                     (<= (+ (* 0.0120435591? x!0) (* (- 0.0120435591?) x!5)) 1.0)))           (a!48 (or (not (>= x!4 57.0))                     (<= (+ (* 0.0130908251? x!0) (* (- 0.0130908251?) x!5)) 1.0)))           (a!49 (or (<= (+ (* 1.0869565217? x!0) (* (- 1.0869565217?) x!5))                         76.3893787438?)                     (not (>= x!4 58.0))))           (a!50 (or (<= (+ (* 1.0869565217? x!0) (* (- 1.0869565217?) x!5))                         70.2782284443?)                     (not (>= x!4 59.0))))           (a!51 (or (not (>= x!4 60.0))                     (<= (+ (* 0.0168113867? x!0) (* (- 0.0168113867?) x!5)) 1.0)))           (a!52 (or (not (>= x!4 61.0))                     (<= (+ (* 0.0182732464? x!0) (* (- 0.0182732464?) x!5)) 1.0)))           (a!53 (or (<= (+ (* 1.0869565217? x!0) (* (- 1.0869565217?) x!5))                         54.7248131508?)                     (not (>= x!4 62.0))))           (a!54 (or (<= (+ (* 1.0869565217? x!0) (* (- 1.0869565217?) x!5))                         50.3468280987?)                     (not (>= x!4 63.0))))           (a!55 (or (not (>= x!4 64.0))                     (<= (+ (* 0.0234667113? x!0) (* (- 0.0234667113?) x!5)) 1.0)))           (a!56 (or (not (>= x!4 65.0))                     (<= (+ (* 0.0255072948? x!0) (* (- 0.0255072948?) x!5)) 1.0)))           (a!57 (or (<= (+ (* 1.0869565217? x!0) (* (- 1.0869565217?) x!5))                         39.2044708785?)                     (not (>= x!4 66.0))))           (a!58 (or (<= (+ (* 1.0869565217? x!0) (* (- 1.0869565217?) x!5))                         36.0681132083?)                     (not (>= x!4 67.0))))           (a!59 (or (not (>= x!4 68.0))                     (<= (+ (* 0.0327567586? x!0) (* (- 0.0327567586?) x!5)) 1.0)))           (a!60 (or (not (>= x!4 69.0))                     (<= (+ (* 0.0356051724? x!0) (* (- 0.0356051724?) x!5)) 1.0)))           (a!61 (or (<= (+ (* 1.0869565217? x!0) (* (- 1.0869565217?) x!5))                         28.0858069379?)                     (not (>= x!4 70.0))))           (a!62 (or (<= (+ (* 1.0869565217? x!0) (* (- 1.0869565217?) x!5))                         25.8389423829?)                     (not (>= x!4 71.0))))           (a!63 (or (not (>= x!4 72.0))                     (<= (+ (* 0.0457245680? x!0) (* (- 0.0457245680?) x!5)) 1.0)))           (a!64 (or (not (>= x!4 73.0))                     (<= (+ (* 0.0497006174? x!0) (* (- 0.0497006174?) x!5)) 1.0)))           (a!65 (or (<= (+ (* 1.0869565217? x!0) (* (- 1.0869565217?) x!5))                         18.5108364169?)                     (not (>= x!4 75.0))))           (a!66 (or (<= (+ (* 1.0869565217? x!0) (* (- 1.0869565217?) x!5))                         20.1204743662?)                     (not (>= x!4 74.0))))           (a!67 (or (not (>= x!4 76.0))                     (<= (+ (* 0.0638260991? x!0) (* (- 0.0638260991?) x!5)) 1.0)))           (a!68 (or (not (>= x!4 78.0))                     (<= (+ (* 1.0869565217? x!0) (* (- 1.0869565217?) x!5))                         14.4141661878?)))           (a!69 (or (not (>= x!4 77.0))                     (<= (+ (* 0.0693761947? x!0) (* (- 0.0693761947?) x!5)) 1.0)))           (a!70 (or (<= (+ (* 1.0869565217? x!0) (* (- 1.0869565217?) x!5))                         13.2610328928?)                     (not (>= x!4 79.0))))           (a!71 (or (not (>= x!4 80.0))                     (<= (+ (* 0.0890936995? x!0) (* (- 0.0890936995?) x!5)) 1.0)))           (a!72 (or (not (>= x!4 82.0))                     (<= (+ (* 1.0869565217? x!0) (* (- 1.0869565217?) x!5))                         10.3262071812?)))           (a!73 (or (not (>= x!4 81.0))                     (<= (+ (* 0.0968409777? x!0) (* (- 0.0968409777?) x!5)) 1.0)))           (a!74 (or (<= (+ (* 1.0869565217? x!0) (* (- 1.0869565217?) x!5))                         9.5001106067?)                     (not (>= x!4 83.0))))           (a!75 (or (not (>= x!4 84.0))                     (<= (+ (* 0.1243642868? x!0) (* (- 0.1243642868?) x!5)) 1.0)))           (a!76 (or (not (>= x!4 85.0))                     (<= (+ (* 0.1351785726? x!0) (* (- 0.1351785726?) x!5)) 1.0)))           (a!77 (or (<= (+ (* 1.0869565217? x!0) (* (- 1.0869565217?) x!5))                         7.3976221281?)                     (not (>= x!4 86.0))))           (a!78 (or (<= (+ (* 1.0869565217? x!0) (* (- 1.0869565217?) x!5))                         6.8058123578?)                     (not (>= x!4 87.0))))           (a!79 (or (not (>= x!4 88.0))                     (<= (+ (* 0.1735978628? x!0) (* (- 0.1735978628?) x!5)) 1.0)))           (a!80 (or (<= (+ (* 1.0869565217? x!0) (* (- 1.0869565217?) x!5))                         5.2996044133?)                     (not (>= x!4 90.0))))           (a!81 (or (not (>= x!4 89.0))                     (<= (+ (* 0.1886933291? x!0) (* (- 0.1886933291?) x!5)) 1.0)))           (a!82 (or (<= (+ (* 1.0869565217? x!0) (* (- 1.0869565217?) x!5))                         4.8756360602?)                     (not (>= x!4 91.0))))           (a!83 (or (not (>= x!4 92.0))                     (<= (+ (* 0.2423221228? x!0) (* (- 0.2423221228?) x!5)) 1.0)))           (a!84 (or (<= (+ (* 1.0869565217? x!0) (* (- 1.0869565217?) x!5))                         3.7965992925?)                     (not (>= x!4 94.0))))           (a!85 (or (not (>= x!4 93.0))                     (<= (+ (* 0.2633936117? x!0) (* (- 0.2633936117?) x!5)) 1.0)))           (a!86 (or (<= (+ (* 1.0869565217? x!0) (* (- 1.0869565217?) x!5))                         3.4928713491?)                     (not (>= x!4 95.0))))           (a!87 (or (not (>= x!4 96.0))                     (<= (+ (* 0.3382530766? x!0) (* (- 0.3382530766?) x!5)) 1.0)))           (a!88 (or (not (>= x!4 97.0))                     (<= (+ (* 0.3676663876? x!0) (* (- 0.3676663876?) x!5)) 1.0)))           (a!89 (or (<= (+ (* 1.0869565217? x!0) (* (- 1.0869565217?) x!5))                         2.7198570050?)                     (not (>= x!4 98.0))))           (a!90 (or (<= (+ (* 1.0869565217? x!0) (* (- 1.0869565217?) x!5))                         2.5022684446?)                     (not (>= x!4 99.0))))           (a!91 (or (not (>= x!4 100.0))                     (<= (+ (* 0.4721613632? x!0) (* (- 0.4721613632?) x!5)) 1.0)))           (a!92 (or (not (>= x!4 101.0))                     (<= (+ (* 0.5132188731? x!0) (* (- 0.5132188731?) x!5)) 1.0)))           (a!93 (or (<= (+ (* 1.0869565217? x!0) (* (- 1.0869565217?) x!5))                         1.9484864106?)                     (not (>= x!4 102.0))))           (a!94 (or (<= (+ (* 1.0869565217? x!0) (* (- 1.0869565217?) x!5))                         1.7926074978?)                     (not (>= x!4 103.0))))           (a!95 (or (not (>= x!4 104.0))                     (<= (+ (* 0.6590815232 x!0) (* (- 0.6590815232) x!5)) 1.0)))           (a!96 (or (not (>= x!4 105.0))                     (<= (+ (* 0.71639296 x!0) (* (- 0.71639296) x!5)) 1.0)))           (a!97 (or (<= (+ (* 1.0869565217? x!0) (* (- 1.0869565217?) x!5))                         1.3958819472?)                     (not (>= x!4 106.0))))           (a!98 (or (<= (+ (* 1.0869565217? x!0) (* (- 1.0869565217?) x!5))                         1.2842113914?)                     (not (>= x!4 107.0))))           (a!99 (or (not (>= x!4 108.0))                     (<= (+ (* 0.92 x!0) (* (- 0.92) x!5)) 1.0))))       (and (>= (+ (* 0.92 x!0) (* (- 0.92) x!5)) (- 0.46))            (<= (+ x!0 (* (- 1.0) x!5)) 4000.0)            a!1            a!2            a!3            a!4            a!5            a!6            a!7            a!8            a!9            a!10            a!11            a!12            a!13            a!14            a!15            a!16            a!17            a!18            a!19            a!20            a!21            a!22            a!23            a!24            a!25            a!26            a!27            a!28            a!29            a!30            a!31            a!32            a!33            a!34            a!35            a!36            a!37            a!38            a!39            a!40            a!41            a!42            a!43            a!44            a!45            a!46            a!47            a!48            a!49            a!50            a!51            a!52            a!53            a!54            a!55            a!56            a!57            a!58            a!59            a!60            a!61            a!62            a!63            a!64            a!65            a!66            a!67            a!68            a!69            a!70            a!71            a!72            a!73            a!74            a!75            a!76            a!77            a!78            a!79            a!80            a!81            a!82            a!83            a!84            a!85            a!86            a!87            a!88            a!89            a!90            a!91            a!92            a!93            a!94            a!95            a!96            a!97            a!98            a!99))) ),19.3608
p_2000.00_4000.00_0.00_2000.00_0.0800_110.00_1.00_0.50.smt2,2000.00,4000.00,0.00,2000.00,0.0800,110.00,1.00,0.50,Golem,sat,2.9450
p_2000.00_4000.00_0.00_2000.00_0.0800_110.00_1.00_1.00.smt2,2000.00,4000.00,0.00,2000.00,0.0800,110.00,1.00,1.00,Spacer,sat (   (define-fun Inv ((x!0 Real)    (x!1 Real)    (x!2 Real)    (x!3 Real)    (x!4 Real)    (x!5 Real)) Bool     (let ((a!1 (or (<= x!4 0.0)                    (<= (+ (* 0.0002600129? x!0) (* (- 0.0002600129?) x!5))                        0.9568474986?)))           (a!2 (or (<= x!4 1.0)                    (<= (+ (* 0.0002826227? x!0) (* (- 0.0002826227?) x!5)) 1.0)))           (a!3 (or (not (>= x!4 12.0))                    (<= (+ (* 1.0869565217? x!0) (* (- 1.0869565217?) x!5))                        3538.2858865749?)))           (a!4 (or (<= (+ (* 1.0869565217? x!0) (* (- 1.0869565217?) x!5))                        3255.2230156489?)                    (not (>= x!4 13.0))))           (a!5 (or (not (>= x!4 14.0))                    (<= (+ (* 1.0869565217? x!0) (* (- 1.0869565217?) x!5))                        2994.8051743970?)))           (a!6 (or (not (>= x!4 15.0))                    (<= (+ (* 0.0003945079? x!0) (* (- 0.0003945079?) x!5)) 1.0)))           (a!7 (or (not (>= x!4 16.0))                    (<= (+ (* 0.0004288130? x!0) (* (- 0.0004288130?) x!5)) 1.0)))           (a!8 (or (not (>= x!4 17.0))                    (<= (+ (* 1.0869565217? x!0) (* (- 1.0869565217?) x!5))                        2332.0188516409?)))           (a!9 (or (not (>= x!4 18.0))                    (<= (+ (* 0.0005066316? x!0) (* (- 0.0005066316?) x!5)) 1.0)))           (a!10 (or (<= (+ (* 1.0869565217? x!0) (* (- 1.0869565217?) x!5))                         1973.8207560288?)                     (not (>= x!4 19.0))))           (a!11 (or (not (>= x!4 20.0))                     (<= (+ (* 1.0869565217? x!0) (* (- 1.0869565217?) x!5))                         1815.9150955465?)))           (a!12 (or (not (>= x!4 21.0))                     (<= (+ (* 0.0006506220? x!0) (* (- 0.0006506220?) x!5)) 1.0)))           (a!13 (or (not (>= x!4 22.0))                     (<= (+ (* 1.0869565217? x!0) (* (- 1.0869565217?) x!5))                         1536.9905368705?)))           (a!14 (or (not (>= x!4 23.0))                     (<= (+ (* 0.0007686933? x!0) (* (- 0.0007686933?) x!5)) 1.0)))           (a!15 (or (not (>= x!4 24.0))                     (<= (+ (* 0.0008355363? x!0) (* (- 0.0008355363?) x!5)) 1.0)))           (a!16 (or (not (>= x!4 25.0))                     (<= (+ (* 1.0869565217? x!0) (* (- 1.0869565217?) x!5))                         1196.8360871746?)))           (a!17 (or (not (>= x!4 27.0))                     (<= (+ (* 1.0869565217? x!0) (* (- 1.0869565217?) x!5))                         1013.0020641846?)))           (a!18 (or (not (>= x!4 26.0))                     (<= (+ (* 0.0009871648? x!0) (* (- 0.0009871648?) x!5)) 1.0)))           (a!19 (or (not (>= x!4 28.0))                     (<= (+ (* 0.0011663100? x!0) (* (- 0.0011663100?) x!5)) 1.0)))           (a!20 (or (not (>= x!4 29.0))                     (<= (+ (* 0.0012677283? x!0) (* (- 0.0012677283?) x!5)) 1.0)))           (a!21 (or (not (>= x!4 30.0))                     (<= (+ (* 0.0013779655? x!0) (* (- 0.0013779655?) x!5)) 1.0)))           (a!22 (or (not (>= x!4 31.0))                     (<= (+ (* 0.0014977886? x!0) (* (- 0.0014977886?) x!5)) 1.0)))           (a!23 (or (not (>= x!4 33.0))                     (<= (+ (* 1.0869565217? x!0) (* (- 1.0869565217?) x!5))                         614.2388679901?)))           (a!24 (or (not (>= x!4 32.0))                     (<= (+ (* 0.0016280311? x!0) (* (- 0.0016280311?) x!5)) 1.0)))           (a!25 (or (not (>= x!4 34.0))                     (<= (+ (* 1.0869565217? x!0) (* (- 1.0869565217?) x!5))                         565.0997585509?)))           (a!26 (or (not (>= x!4 35.0))                     (<= (+ (* 0.0020907361? x!0) (* (- 0.0020907361?) x!5)) 1.0)))           (a!27 (or (not (>= x!4 36.0))                     (<= (+ (* 0.0022725392? x!0) (* (- 0.0022725392?) x!5)) 1.0)))           (a!28 (or (not (>= x!4 37.0))                     (<= (+ (* 0.0024701513? x!0) (* (- 0.0024701513?) x!5)) 1.0)))           (a!29 (or (not (>= x!4 38.0))                     (<= (+ (* 0.0026849471? x!0) (* (- 0.0026849471?) x!5)) 1.0)))           (a!30 (or (<= (+ (* 1.0869565217? x!0) (* (- 1.0869565217?) x!5))                         372.4468096257?)                     (not (>= x!4 39.0))))           (a!31 (or (not (>= x!4 41.0))                     (<= (+ (* 1.0869565217? x!0) (* (- 1.0869565217?) x!5))                         315.2389796672?)))           (a!32 (or (not (>= x!4 40.0))                     (<= (+ (* 0.0031721965? x!0) (* (- 0.0031721965?) x!5)) 1.0)))           (a!33 (or (not (>= x!4 42.0))                     (<= (+ (* 0.0037478692? x!0) (* (- 0.0037478692?) x!5)) 1.0)))           (a!34 (or (not (>= x!4 44.0))                     (<= (+ (* 1.0869565217? x!0) (* (- 1.0869565217?) x!5))                         245.4728105990?)))           (a!35 (or (not (>= x!4 43.0))                     (<= (+ (* 0.0040737709? x!0) (* (- 0.0040737709?) x!5)) 1.0)))           (a!36 (or (not (>= x!4 45.0))                     (<= (+ (* 0.0048130563? x!0) (* (- 0.0048130563?) x!5)) 1.0)))           (a!37 (or (not (>= x!4 46.0))                     (<= (+ (* 1.0869565217? x!0) (* (- 1.0869565217?) x!5))                         207.7681868910?)))           (a!38 (or (not (>= x!4 47.0))                     (<= (+ (* 1.0869565217? x!0) (* (- 1.0869565217?) x!5))                         191.1467319397?)))           (a!39 (or (not (>= x!4 48.0))                     (<= (+ (* 0.0061809818? x!0) (* (- 0.0061809818?) x!5)) 1.0)))           (a!40 (or (<= (+ (* 1.0869565217? x!0) (* (- 1.0869565217?) x!5))                         148.8436664007?)                     (not (>= x!4 50.0))))           (a!41 (or (not (>= x!4 49.0))                     (<= (+ (* 0.0067184585? x!0) (* (- 0.0067184585?) x!5)) 1.0)))           (a!42 (or (<= (+ (* 1.0869565217? x!0) (* (- 1.0869565217?) x!5))                         136.9361730886?)                     (not (>= x!4 51.0))))           (a!43 (or (not (>= x!4 52.0))                     (<= (+ (* 0.0086279209? x!0) (* (- 0.0086279209?) x!5)) 1.0)))           (a!44 (or (not (>= x!4 53.0))                     (<= (+ (* 0.0093781749? x!0) (* (- 0.0093781749?) x!5)) 1.0)))           (a!45 (or (<= (+ (* 1.0869565217? x!0) (* (- 1.0869565217?) x!5))                         106.6305547500?)                     (not (>= x!4 54.0))))           (a!46 (or (<= (+ (* 1.0869565217? x!0) (* (- 1.0869565217?) x!5))                         98.1001103700?)                     (not (>= x!4 55.0))))           (a!47 (or (not (>= x!4 56.0))                     (<= (+ (* 0.0120435591? x!0) (* (- 0.0120435591?) x!5)) 1.0)))           (a!48 (or (not (>= x!4 57.0))                     (<= (+ (* 0.0130908251? x!0) (* (- 0.0130908251?) x!5)) 1.0)))           (a!49 (or (<= (+ (* 1.0869565217? x!0) (* (- 1.0869565217?) x!5))                         76.3893787438?)                     (not (>= x!4 58.0))))           (a!50 (or (<= (+ (* 1.0869565217? x!0) (* (- 1.0869565217?) x!5))                         70.2782284443?)                     (not (>= x!4 59.0))))           (a!51 (or (not (>= x!4 60.0))                     (<= (+ (* 0.0168113867? x!0) (* (- 0.0168113867?) x!5)) 1.0)))           (a!52 (or (not (>= x!4 61.0))                     (<= (+ (* 0.0182732464? x!0) (* (- 0.0182732464?) x!5)) 1.0)))           (a!53 (or (<= (+ (* 1.0869565217? x!0) (* (- 1.0869565217?) x!5))                         54.7248131508?)                     (not (>= x!4 62.0))))           (a!54 (or (<= (+ (* 1.0869565217? x!0) (* (- 1.0869565217?) x!5))                         50.3468280987?)                     (not (>= x!4 63.0))))           (a!55 (or (not (>= x!4 64.0))                     (<= (+ (* 0.0234667113? x!0) (* (- 0.0234667113?) x!5)) 1.0)))           (a!56 (or (not (>= x!4 65.0))                     (<= (+ (* 0.0255072948? x!0) (* (- 0.0255072948?) x!5)) 1.0)))           (a!57 (or (<= (+ (* 1.0869565217? x!0) (* (- 1.0869565217?) x!5))                         39.2044708785?)                     (not (>= x!4 66.0))))           (a!58 (or (<= (+ (* 1.0869565217? x!0) (* (- 1.0869565217?) x!5))                         36.0681132083?)                     (not (>= x!4 67.0))))           (a!59 (or (not (>= x!4 68.0))                     (<= (+ (* 0.0327567586? x!0) (* (- 0.0327567586?) x!5)) 1.0)))           (a!60 (or (not (>= x!4 69.0))                     (<= (+ (* 0.0356051724? x!0) (* (- 0.0356051724?) x!5)) 1.0)))           (a!61 (or (<= (+ (* 1.0869565217? x!0) (* (- 1.0869565217?) x!5))                         28.0858069379?)                     (not (>= x!4 70.0))))           (a!62 (or (<= (+ (* 1.0869565217? x!0) (* (- 1.0869565217?) x!5))                         25.8389423829?)                     (not (>= x!4 71.0))))           (a!63 (or (not (>= x!4 72.0))                     (<= (+ (* 0.0457245680? x!0) (* (- 0.0457245680?) x!5)) 1.0)))           (a!64 (or (not (>= x!4 73.0))                     (<= (+ (* 0.0497006174? x!0) (* (- 0.0497006174?) x!5)) 1.0)))           (a!65 (or (<= (+ (* 1.0869565217? x!0) (* (- 1.0869565217?) x!5))                         18.5108364169?)                     (not (>= x!4 75.0))))           (a!66 (or (<= (+ (* 1.0869565217? x!0) (* (- 1.0869565217?) x!5))                         20.1204743662?)                     (not (>= x!4 74.0))))           (a!67 (or (not (>= x!4 76.0))                     (<= (+ (* 0.0638260991? x!0) (* (- 0.0638260991?) x!5)) 1.0)))           (a!68 (or (not (>= x!4 78.0))                     (<= (+ (* 1.0869565217? x!0) (* (- 1.0869565217?) x!5))                         14.4141661878?)))           (a!69 (or (not (>= x!4 77.0))                     (<= (+ (* 0.0693761947? x!0) (* (- 0.0693761947?) x!5)) 1.0)))           (a!70 (or (<= (+ (* 1.0869565217? x!0) (* (- 1.0869565217?) x!5))                         13.2610328928?)                     (not (>= x!4 79.0))))           (a!71 (or (not (>= x!4 80.0))                     (<= (+ (* 0.0890936995? x!0) (* (- 0.0890936995?) x!5)) 1.0)))           (a!72 (or (not (>= x!4 82.0))                     (<= (+ (* 1.0869565217? x!0) (* (- 1.0869565217?) x!5))                         10.3262071812?)))           (a!73 (or (not (>= x!4 81.0))                     (<= (+ (* 0.0968409777? x!0) (* (- 0.0968409777?) x!5)) 1.0)))           (a!74 (or (<= (+ (* 1.0869565217? x!0) (* (- 1.0869565217?) x!5))                         9.5001106067?)                     (not (>= x!4 83.0))))           (a!75 (or (not (>= x!4 84.0))                     (<= (+ (* 0.1243642868? x!0) (* (- 0.1243642868?) x!5)) 1.0)))           (a!76 (or (not (>= x!4 85.0))                     (<= (+ (* 0.1351785726? x!0) (* (- 0.1351785726?) x!5)) 1.0)))           (a!77 (or (<= (+ (* 1.0869565217? x!0) (* (- 1.0869565217?) x!5))                         7.3976221281?)                     (not (>= x!4 86.0))))           (a!78 (or (<= (+ (* 1.0869565217? x!0) (* (- 1.0869565217?) x!5))                         6.8058123578?)                     (not (>= x!4 87.0))))           (a!79 (or (not (>= x!4 88.0))                     (<= (+ (* 0.1735978628? x!0) (* (- 0.1735978628?) x!5)) 1.0)))           (a!80 (or (<= (+ (* 1.0869565217? x!0) (* (- 1.0869565217?) x!5))                         5.2996044133?)                     (not (>= x!4 90.0))))           (a!81 (or (not (>= x!4 89.0))                     (<= (+ (* 0.1886933291? x!0) (* (- 0.1886933291?) x!5)) 1.0)))           (a!82 (or (<= (+ (* 1.0869565217? x!0) (* (- 1.0869565217?) x!5))                         4.8756360602?)                     (not (>= x!4 91.0))))           (a!83 (or (not (>= x!4 92.0))                     (<= (+ (* 0.2423221228? x!0) (* (- 0.2423221228?) x!5)) 1.0)))           (a!84 (or (<= (+ (* 1.0869565217? x!0) (* (- 1.0869565217?) x!5))                         3.7965992925?)                     (not (>= x!4 94.0))))           (a!85 (or (not (>= x!4 93.0))                     (<= (+ (* 0.2633936117? x!0) (* (- 0.2633936117?) x!5)) 1.0)))           (a!86 (or (<= (+ (* 1.0869565217? x!0) (* (- 1.0869565217?) x!5))                         3.4928713491?)                     (not (>= x!4 95.0))))           (a!87 (or (not (>= x!4 96.0))                     (<= (+ (* 0.3382530766? x!0) (* (- 0.3382530766?) x!5)) 1.0)))           (a!88 (or (not (>= x!4 97.0))                     (<= (+ (* 0.3676663876? x!0) (* (- 0.3676663876?) x!5)) 1.0)))           (a!89 (or (<= (+ (* 1.0869565217? x!0) (* (- 1.0869565217?) x!5))                         2.7198570050?)                     (not (>= x!4 98.0))))           (a!90 (or (<= (+ (* 1.0869565217? x!0) (* (- 1.0869565217?) x!5))                         2.5022684446?)                     (not (>= x!4 99.0))))           (a!91 (or (not (>= x!4 100.0))                     (<= (+ (* 0.4721613632? x!0) (* (- 0.4721613632?) x!5)) 1.0)))           (a!92 (or (not (>= x!4 101.0))                     (<= (+ (* 0.5132188731? x!0) (* (- 0.5132188731?) x!5)) 1.0)))           (a!93 (or (<= (+ (* 1.0869565217? x!0) (* (- 1.0869565217?) x!5))                         1.9484864106?)                     (not (>= x!4 102.0))))           (a!94 (or (<= (+ (* 1.0869565217? x!0) (* (- 1.0869565217?) x!5))                         1.7926074978?)                     (not (>= x!4 103.0))))           (a!95 (or (not (>= x!4 104.0))                     (<= (+ (* 0.6590815232 x!0) (* (- 0.6590815232) x!5)) 1.0)))           (a!96 (or (not (>= x!4 105.0))                     (<= (+ (* 0.71639296 x!0) (* (- 0.71639296) x!5)) 1.0)))           (a!97 (or (<= (+ (* 1.0869565217? x!0) (* (- 1.0869565217?) x!5))                         1.3958819472?)                     (not (>= x!4 106.0))))           (a!98 (or (<= (+ (* 1.0869565217? x!0) (* (- 1.0869565217?) x!5))                         1.2842113914?)                     (not (>= x!4 107.0))))           (a!99 (or (not (>= x!4 108.0))                     (<= (+ (* 0.92 x!0) (* (- 0.92) x!5)) 1.0))))       (and (>= (+ (* 0.92 x!0) (* (- 0.92) x!5)) (- 0.92))            (<= (+ x!0 (* (- 1.0) x!5)) 4000.0)            a!1            a!2            a!3            a!4            a!5            a!6            a!7            a!8            a!9            a!10            a!11            a!12            a!13            a!14            a!15            a!16            a!17            a!18            a!19            a!20            a!21            a!22            a!23            a!24            a!25            a!26            a!27            a!28            a!29            a!30            a!31            a!32            a!33            a!34            a!35            a!36            a!37            a!38            a!39            a!40            a!41            a!42            a!43            a!44            a!45            a!46            a!47            a!48            a!49            a!50            a!51            a!52            a!53            a!54            a!55            a!56            a!57            a!58            a!59            a!60            a!61            a!62            a!63            a!64            a!65            a!66            a!67            a!68            a!69            a!70            a!71            a!72            a!73            a!74            a!75            a!76            a!77            a!78            a!79            a!80            a!81            a!82            a!83            a!84            a!85            a!86            a!87            a!88            a!89            a!90            a!91            a!92            a!93            a!94            a!95            a!96            a!97            a!98            a!99))) ),23.0190
p_2000.00_4000.00_0.00_2000.00_0.0800_110.00_1.00_1.00.smt2,2000.00,4000.00,0.00,2000.00,0.0800,110.00,1.00,1.00,Golem,sat,2.9381
p_2000.00_4000.00_0.00_2000.00_0.0800_2582.50_0.50_0.50.smt2,2000.00,4000.00,0.00,2000.00,0.0800,2582.50,0.50,0.50,Spacer,TIMEOUT,332.3817
p_2000.00_4000.00_0.00_2000.00_0.0800_2582.50_0.50_0.50.smt2,2000.00,4000.00,0.00,2000.00,0.0800,2582.50,0.50,0.50,Golem,TIMEOUT,335.9397
p_2000.00_4000.00_0.00_2000.00_0.0800_2582.50_0.50_1.00.smt2,2000.00,4000.00,0.00,2000.00,0.0800,2582.50,0.50,1.00,Spacer,TIMEOUT,331.1400
p_2000.00_4000.00_0.00_2000.00_0.0800_2582.50_0.50_1.00.smt2,2000.00,4000.00,0.00,2000.00,0.0800,2582.50,0.50,1.00,Golem,TIMEOUT,331.7413
p_2000.00_4000.00_0.00_2000.00_0.0800_2582.50_1.00_0.50.smt2,2000.00,4000.00,0.00,2000.00,0.0800,2582.50,1.00,0.50,Spacer,TIMEOUT,335.9802
p_2000.00_4000.00_0.00_2000.00_0.0800_2582.50_1.00_0.50.smt2,2000.00,4000.00,0.00,2000.00,0.0800,2582.50,1.00,0.50,Golem,TIMEOUT,332.3443
p_2000.00_4000.00_0.00_2000.00_0.0800_2582.50_1.00_1.00.smt2,2000.00,4000.00,0.00,2000.00,0.0800,2582.50,1.00,1.00,Spacer,TIMEOUT,331.3642
p_2000.00_4000.00_0.00_2000.00_0.0800_2582.50_1.00_1.00.smt2,2000.00,4000.00,0.00,2000.00,0.0800,2582.50,1.00,1.00,Golem,TIMEOUT,335.5994
p_2000.00_4000.00_0.00_2000.00_0.0800_5055.00_0.50_0.50.smt2,2000.00,4000.00,0.00,2000.00,0.0800,5055.00,0.50,0.50,Spacer,TIMEOUT,332.5246
p_2000.00_4000.00_0.00_2000.00_0.0800_5055.00_0.50_0.50.smt2,2000.00,4000.00,0.00,2000.00,0.0800,5055.00,0.50,0.50,Golem,TIMEOUT,332.3390
p_2000.00_4000.00_0.00_2000.00_0.0800_5055.00_0.50_1.00.smt2,2000.00,4000.00,0.00,2000.00,0.0800,5055.00,0.50,1.00,Spacer,TIMEOUT,334.3832
p_2000.00_4000.00_0.00_2000.00_0.0800_5055.00_0.50_1.00.smt2,2000.00,4000.00,0.00,2000.00,0.0800,5055.00,0.50,1.00,Golem,TIMEOUT,332.3694
p_2000.00_4000.00_0.00_2000.00_0.0800_5055.00_1.00_0.50.smt2,2000.00,4000.00,0.00,2000.00,0.0800,5055.00,1.00,0.50,Spacer,TIMEOUT,332.4825
p_2000.00_4000.00_0.00_2000.00_0.0800_5055.00_1.00_0.50.smt2,2000.00,4000.00,0.00,2000.00,0.0800,5055.00,1.00,0.50,Golem,TIMEOUT,331.9274
p_2000.00_4000.00_0.00_2000.00_0.0800_5055.00_1.00_1.00.smt2,2000.00,4000.00,0.00,2000.00,0.0800,5055.00,1.00,1.00,Spacer,TIMEOUT,318.6241
p_2000.00_4000.00_0.00_2000.00_0.0800_5055.00_1.00_1.00.smt2,2000.00,4000.00,0.00,2000.00,0.0800,5055.00,1.00,1.00,Golem,TIMEOUT,310.2567
p_2000.00_4000.00_0.00_2000.00_0.0800_7527.50_0.50_0.50.smt2,2000.00,4000.00,0.00,2000.00,0.0800,7527.50,0.50,0.50,Spacer,TIMEOUT,310.0702
p_2000.00_4000.00_0.00_2000.00_0.0800_7527.50_0.50_0.50.smt2,2000.00,4000.00,0.00,2000.00,0.0800,7527.50,0.50,0.50,Golem,TIMEOUT,310.5031
p_2000.00_4000.00_0.00_2000.00_0.0800_7527.50_0.50_1.00.smt2,2000.00,4000.00,0.00,2000.00,0.0800,7527.50,0.50,1.00,Spacer,TIMEOUT,304.3394
p_2000.00_4000.00_0.00_2000.00_0.0800_7527.50_0.50_1.00.smt2,2000.00,4000.00,0.00,2000.00,0.0800,7527.50,0.50,1.00,Golem,TIMEOUT,300.1042
p_2000.00_4000.00_0.00_2000.00_0.0800_7527.50_1.00_0.50.smt2,2000.00,4000.00,0.00,2000.00,0.0800,7527.50,1.00,0.50,Spacer,TIMEOUT,300.2528
p_2000.00_4000.00_0.00_2000.00_0.0800_7527.50_1.00_0.50.smt2,2000.00,4000.00,0.00,2000.00,0.0800,7527.50,1.00,0.50,Golem,TIMEOUT,300.1035
p_2000.00_4000.00_0.00_2000.00_0.0800_7527.50_1.00_1.00.smt2,2000.00,4000.00,0.00,2000.00,0.0800,7527.50,1.00,1.00,Spacer,TIMEOUT,300.2476
p_2000.00_4000.00_0.00_2000.00_0.0800_7527.50_1.00_1.00.smt2,2000.00,4000.00,0.00,2000.00,0.0800,7527.50,1.00,1.00,Golem,TIMEOUT,300.0400
p_2000.00_4000.00_0.00_2000.00_0.1000_10000.00_0.50_0.50.smt2,2000.00,4000.00,0.00,2000.00,0.1000,10000.00,0.50,0.50,Spacer,TIMEOUT,300.2488
p_2000.00_4000.00_0.00_2000.00_0.1000_10000.00_0.50_0.50.smt2,2000.00,4000.00,0.00,2000.00,0.1000,10000.00,0.50,0.50,Golem,TIMEOUT,300.1001
p_2000.00_4000.00_0.00_2000.00_0.1000_10000.00_0.50_1.00.smt2,2000.00,4000.00,0.00,2000.00,0.1000,10000.00,0.50,1.00,Spacer,TIMEOUT,300.2504
p_2000.00_4000.00_0.00_2000.00_0.1000_10000.00_0.50_1.00.smt2,2000.00,4000.00,0.00,2000.00,0.1000,10000.00,0.50,1.00,Golem,TIMEOUT,300.1038
p_2000.00_4000.00_0.00_2000.00_0.1000_10000.00_1.00_0.50.smt2,2000.00,4000.00,0.00,2000.00,0.1000,10000.00,1.00,0.50,Spacer,TIMEOUT,300.2431
p_2000.00_4000.00_0.00_2000.00_0.1000_10000.00_1.00_0.50.smt2,2000.00,4000.00,0.00,2000.00,0.1000,10000.00,1.00,0.50,Golem,TIMEOUT,300.1022
p_2000.00_4000.00_0.00_2000.00_0.1000_10000.00_1.00_1.00.smt2,2000.00,4000.00,0.00,2000.00,0.1000,10000.00,1.00,1.00,Spacer,TIMEOUT,300.2524
p_2000.00_4000.00_0.00_2000.00_0.1000_10000.00_1.00_1.00.smt2,2000.00,4000.00,0.00,2000.00,0.1000,10000.00,1.00,1.00,Golem,TIMEOUT,300.1026
p_2000.00_4000.00_0.00_2000.00_0.1000_110.00_0.50_0.50.smt2,2000.00,4000.00,0.00,2000.00,0.1000,110.00,0.50,0.50,Spacer,sat (   (define-fun Inv ((x!0 Real)    (x!1 Real)    (x!2 Real)    (x!3 Real)    (x!4 Real)    (x!5 Real)) Bool     (let ((a!1 (or (<= x!4 0.0)                    (<= (+ (* 0.0001290070? x!0) (* (- 0.0001290070?) x!5))                        0.4644252281?)))           (a!2 (or (<= x!4 1.0)                    (<= (+ (* 1.1111111111? x!0) (* (- 1.1111111111?) x!5))                        3875.7584449150?)))           (a!3 (or (not (>= x!4 27.0))                    (<= (+ (* 0.0001769643? x!0) (* (- 0.0001769643?) x!5)) 0.5)))           (a!4 (or (<= (+ (* 1.1111111111? x!0) (* (- 1.1111111111?) x!5))                        3488.1826004235?)                    (not (>= x!4 26.0))))           (a!5 (or (not (>= x!4 28.0))                    (<= (+ (* 0.0001966270? x!0) (* (- 0.0001966270?) x!5)) 0.5)))           (a!6 (or (not (>= x!4 29.0))                    (<= (+ (* 0.0002184745? x!0) (* (- 0.0002184745?) x!5)) 0.5)))           (a!7 (or (not (>= x!4 30.0))                    (<= (+ (* 0.0002427494? x!0) (* (- 0.0002427494?) x!5)) 0.5)))           (a!8 (or (not (>= x!4 31.0))                    (<= (+ (* 0.0002697216? x!0) (* (- 0.0002697216?) x!5)) 0.5)))           (a!9 (or (not (>= x!4 32.0))                    (<= (+ (* 0.0002996906? x!0) (* (- 0.0002996906?) x!5)) 0.5)))           (a!10 (or (not (>= x!4 33.0))                     (<= (+ (* 0.0003329896? x!0) (* (- 0.0003329896?) x!5)) 0.5)))           (a!11 (or (not (>= x!4 34.0))                     (<= (+ (* 0.0003699884? x!0) (* (- 0.0003699884?) x!5)) 0.5)))           (a!12 (or (not (>= x!4 35.0))                     (<= (+ (* 0.0004110983? x!0) (* (- 0.0004110983?) x!5)) 0.5)))           (a!13 (or (not (>= x!4 36.0))                     (<= (+ (* 0.0004567759? x!0) (* (- 0.0004567759?) x!5)) 0.5)))           (a!14 (or (not (>= x!4 37.0))                     (<= (+ (* 0.0005075287? x!0) (* (- 0.0005075287?) x!5)) 0.5)))           (a!15 (or (not (>= x!4 38.0))                     (<= (+ (* 0.0005639208? x!0) (* (- 0.0005639208?) x!5)) 0.5)))           (a!16 (or (not (>= x!4 39.0))                     (<= (+ (* 0.0006265787? x!0) (* (- 0.0006265787?) x!5)) 0.5)))           (a!17 (or (not (>= x!4 40.0))                     (<= (+ (* 0.0006961986? x!0) (* (- 0.0006961986?) x!5)) 0.5)))           (a!18 (or (not (>= x!4 41.0))                     (<= (+ (* 0.0007735540? x!0) (* (- 0.0007735540?) x!5)) 0.5)))           (a!19 (or (not (>= x!4 42.0))                     (<= (+ (* 0.0008595044? x!0) (* (- 0.0008595044?) x!5)) 0.5)))           (a!20 (or (not (>= x!4 43.0))                     (<= (+ (* 0.0009550049? x!0) (* (- 0.0009550049?) x!5)) 0.5)))           (a!21 (or (not (>= x!4 44.0))                     (<= (+ (* 0.0010611166? x!0) (* (- 0.0010611166?) x!5)) 0.5)))           (a!22 (or (not (>= x!4 45.0))                     (<= (+ (* 0.0011790184? x!0) (* (- 0.0011790184?) x!5)) 0.5)))           (a!23 (or (not (>= x!4 46.0))                     (<= (+ (* 0.0013100205? x!0) (* (- 0.0013100205?) x!5)) 0.5)))           (a!24 (or (not (>= x!4 47.0))                     (<= (+ (* 0.0014555783? x!0) (* (- 0.0014555783?) x!5)) 0.5)))           (a!25 (or (not (>= x!4 48.0))                     (<= (+ (* 0.0016173092? x!0) (* (- 0.0016173092?) x!5)) 0.5)))           (a!26 (or (not (>= x!4 49.0))                     (<= (+ (* 0.0017970102? x!0) (* (- 0.0017970102?) x!5)) 0.5)))           (a!27 (or (not (>= x!4 50.0))                     (<= (+ (* 0.0019966781? x!0) (* (- 0.0019966781?) x!5)) 0.5)))           (a!28 (or (not (>= x!4 51.0))                     (<= (+ (* 0.0022185312? x!0) (* (- 0.0022185312?) x!5)) 0.5)))           (a!29 (or (not (>= x!4 52.0))                     (<= (+ (* 0.0024650347? x!0) (* (- 0.0024650347?) x!5)) 0.5)))           (a!30 (or (not (>= x!4 53.0))                     (<= (+ (* 0.0027389274? x!0) (* (- 0.0027389274?) x!5)) 0.5)))           (a!31 (or (not (>= x!4 54.0))                     (<= (+ (* 0.0030432527? x!0) (* (- 0.0030432527?) x!5)) 0.5)))           (a!32 (or (not (>= x!4 55.0))                     (<= (+ (* 0.0033813919? x!0) (* (- 0.0033813919?) x!5)) 0.5)))           (a!33 (or (not (>= x!4 56.0))                     (<= (+ (* 0.0037571021? x!0) (* (- 0.0037571021?) x!5)) 0.5)))           (a!34 (or (not (>= x!4 57.0))                     (<= (+ (* 0.0041745579? x!0) (* (- 0.0041745579?) x!5)) 0.5)))           (a!35 (or (not (>= x!4 58.0))                     (<= (+ (* 0.0046383976? x!0) (* (- 0.0046383976?) x!5)) 0.5)))           (a!36 (or (not (>= x!4 59.0))                     (<= (+ (* 0.0051537752? x!0) (* (- 0.0051537752?) x!5)) 0.5)))           (a!37 (or (not (>= x!4 60.0))                     (<= (+ (* 0.0057264168? x!0) (* (- 0.0057264168?) x!5)) 0.5)))           (a!38 (or (not (>= x!4 61.0))                     (<= (+ (* 0.0063626854? x!0) (* (- 0.0063626854?) x!5)) 0.5)))           (a!39 (or (not (>= x!4 62.0))                     (<= (+ (* 0.0070696504? x!0) (* (- 0.0070696504?) x!5)) 0.5)))           (a!40 (or (not (>= x!4 63.0))                     (<= (+ (* 0.0078551672? x!0) (* (- 0.0078551672?) x!5)) 0.5)))           (a!41 (or (not (>= x!4 64.0))                     (<= (+ (* 0.0087279635? x!0) (* (- 0.0087279635?) x!5)) 0.5)))           (a!42 (or (not (>= x!4 65.0))                     (<= (+ (* 0.0096977372? x!0) (* (- 0.0096977372?) x!5)) 0.5)))           (a!43 (or (not (>= x!4 66.0))                     (<= (+ (* 0.0107752636? x!0) (* (- 0.0107752636?) x!5)) 0.5)))           (a!44 (or (not (>= x!4 67.0))                     (<= (+ (* 0.0119725151? x!0) (* (- 0.0119725151?) x!5)) 0.5)))           (a!45 (or (not (>= x!4 68.0))                     (<= (+ (* 1.1111111111? x!0) (* (- 1.1111111111?) x!5))                         41.7623191431?)))           (a!46 (or (not (>= x!4 69.0))                     (<= (+ (* 0.0147808829? x!0) (* (- 0.0147808829?) x!5)) 0.5)))           (a!47 (or (not (>= x!4 70.0))                     (<= (+ (* 0.0164232032? x!0) (* (- 0.0164232032?) x!5)) 0.5)))           (a!48 (or (not (>= x!4 71.0))                     (<= (+ (* 0.0182480036? x!0) (* (- 0.0182480036?) x!5)) 0.5)))           (a!49 (or (not (>= x!4 72.0))                     (<= (+ (* 0.0202755595? x!0) (* (- 0.0202755595?) x!5)) 0.5)))           (a!50 (or (not (>= x!4 73.0))                     (<= (+ (* 0.0225283995? x!0) (* (- 0.0225283995?) x!5)) 0.5)))           (a!51 (or (not (>= x!4 74.0))                     (<= (+ (* 0.0250315550? x!0) (* (- 0.0250315550?) x!5)) 0.5)))           (a!52 (or (not (>= x!4 75.0))                     (<= (+ (* 0.0278128389? x!0) (* (- 0.0278128389?) x!5)) 0.5)))           (a!53 (or (not (>= x!4 76.0))                     (<= (+ (* 0.0309031543? x!0) (* (- 0.0309031543?) x!5)) 0.5)))           (a!54 (or (not (>= x!4 77.0))                     (<= (+ (* 0.0343368382? x!0) (* (- 0.0343368382?) x!5)) 0.5)))           (a!55 (or (not (>= x!4 78.0))                     (<= (+ (* 0.0381520424? x!0) (* (- 0.0381520424?) x!5)) 0.5)))           (a!56 (or (not (>= x!4 79.0))                     (<= (+ (* 0.0423911582? x!0) (* (- 0.0423911582?) x!5)) 0.5)))           (a!57 (or (not (>= x!4 80.0))                     (<= (+ (* 0.0471012869? x!0) (* (- 0.0471012869?) x!5)) 0.5)))           (a!58 (or (not (>= x!4 81.0))                     (<= (+ (* 0.0523347633? x!0) (* (- 0.0523347633?) x!5)) 0.5)))           (a!59 (or (not (>= x!4 82.0))                     (<= (+ (* 0.0581497370? x!0) (* (- 0.0581497370?) x!5)) 0.5)))           (a!60 (or (not (>= x!4 83.0))                     (<= (+ (* 0.0646108188? x!0) (* (- 0.0646108188?) x!5)) 0.5)))           (a!61 (or (not (>= x!4 84.0))                     (<= (+ (* 0.0717897987? x!0) (* (- 0.0717897987?) x!5)) 0.5)))           (a!62 (or (not (>= x!4 85.0))                     (<= (+ (* 0.0797664430? x!0) (* (- 0.0797664430?) x!5)) 0.5)))           (a!63 (or (not (>= x!4 86.0))                     (<= (+ (* 0.0886293811? x!0) (* (- 0.0886293811?) x!5)) 0.5)))           (a!64 (or (not (>= x!4 87.0))                     (<= (+ (* 0.0984770902? x!0) (* (- 0.0984770902?) x!5)) 0.5)))           (a!65 (or (not (>= x!4 88.0))                     (<= (+ (* 0.1094189891? x!0) (* (- 0.1094189891?) x!5)) 0.5)))           (a!66 (or (not (>= x!4 89.0))                     (<= (+ (* 0.1215766545? x!0) (* (- 0.1215766545?) x!5)) 0.5)))           (a!67 (or (not (>= x!4 90.0))                     (<= (+ (* 0.1350851717? x!0) (* (- 0.1350851717?) x!5)) 0.5)))           (a!68 (or (not (>= x!4 91.0))                     (<= (+ (* 0.1500946352? x!0) (* (- 0.1500946352?) x!5)) 0.5)))           (a!69 (or (not (>= x!4 92.0))                     (<= (+ (* 0.1667718169? x!0) (* (- 0.1667718169?) x!5)) 0.5)))           (a!70 (or (not (>= x!4 93.0))                     (<= (+ (* 0.1853020188? x!0) (* (- 0.1853020188?) x!5)) 0.5)))           (a!71 (or (not (>= x!4 94.0))                     (<= (+ (* 0.2058911320? x!0) (* (- 0.2058911320?) x!5)) 0.5)))           (a!72 (or (not (>= x!4 95.0))                     (<= (+ (* 0.2287679245? x!0) (* (- 0.2287679245?) x!5)) 0.5)))           (a!73 (or (not (>= x!4 96.0))                     (<= (+ (* 0.2541865828? x!0) (* (- 0.2541865828?) x!5)) 0.5)))           (a!74 (or (not (>= x!4 97.0))                     (<= (+ (* 0.2824295364? x!0) (* (- 0.2824295364?) x!5)) 0.5)))           (a!75 (or (not (>= x!4 98.0))                     (<= (+ (* 0.3138105960? x!0) (* (- 0.3138105960?) x!5)) 0.5)))           (a!76 (or (<= (+ (* 1.1111111111? x!0) (* (- 1.1111111111?) x!5))                         1.4339859953?)                     (not (>= x!4 100.0))))           (a!77 (or (<= (+ (* 1.1111111111? x!0) (* (- 1.1111111111?) x!5))                         1.5933177726?)                     (not (>= x!4 99.0))))           (a!78 (or (not (>= x!4 101.0))                     (<= (+ (* 0.43046721 x!0) (* (- 0.43046721) x!5)) 0.5)))           (a!79 (or (not (>= x!4 102.0))                     (<= (+ (* 0.4782969 x!0) (* (- 0.4782969) x!5)) 0.5)))           (a!80 (or (<= (+ (* 1.1111111111? x!0) (* (- 1.1111111111?) x!5))                         1.0453757906?)                     (not (>= x!4 103.0))))           (a!81 (or (<= (+ (* 1.1111111111? x!0) (* (- 1.1111111111?) x!5))                         0.9408382115?)                     (not (>= x!4 104.0))))           (a!82 (or (not (>= x!4 105.0))                     (<= (+ (* 0.6561 x!0) (* (- 0.6561) x!5)) 0.5)))           (a!83 (or (not (>= x!4 106.0))                     (<= (+ (* 0.729 x!0) (* (- 0.729) x!5)) 0.5)))           (a!84 (or (<= (+ (* 1.1111111111? x!0) (* (- 1.1111111111?) x!5))                         0.6858710562?)                     (not (>= x!4 107.0))))           (a!85 (or (<= (+ (* 1.1111111111? x!0) (* (- 1.1111111111?) x!5))                         0.6172839506?)                     (not (>= x!4 108.0)))))       (and (>= (+ (* 0.9 x!0) (* (- 0.9) x!5)) (- 0.45))            (<= (+ x!0 (* (- 1.0) x!5)) 4000.0)            a!1            a!2            a!3            a!4            a!5            a!6            a!7            a!8            a!9            a!10            a!11            a!12            a!13            a!14            a!15            a!16            a!17            a!18            a!19            a!20            a!21            a!22            a!23            a!24            a!25            a!26            a!27            a!28            a!29            a!30            a!31            a!32            a!33            a!34            a!35            a!36            a!37            a!38            a!39            a!40            a!41            a!42            a!43            a!44            a!45            a!46            a!47            a!48            a!49            a!50            a!51            a!52            a!53            a!54            a!55            a!56            a!57            a!58            a!59            a!60            a!61            a!62            a!63            a!64            a!65            a!66            a!67            a!68            a!69            a!70            a!71            a!72            a!73            a!74            a!75            a!76            a!77            a!78            a!79            a!80            a!81            a!82            a!83            a!84            a!85))) ),12.9848
p_2000.00_4000.00_0.00_2000.00_0.1000_110.00_0.50_0.50.smt2,2000.00,4000.00,0.00,2000.00,0.1000,110.00,0.50,0.50,Golem,sat,3.2376
p_2000.00_4000.00_0.00_2000.00_0.1000_110.00_0.50_1.00.smt2,2000.00,4000.00,0.00,2000.00,0.1000,110.00,0.50,1.00,Spacer,sat (   (define-fun Inv ((x!0 Real)    (x!1 Real)    (x!2 Real)    (x!3 Real)    (x!4 Real)    (x!5 Real)) Bool     (let ((a!1 (or (<= x!4 0.0)                    (<= (+ (* 0.0001290070? x!0) (* (- 0.0001290070?) x!5))                        0.4644252281?)))           (a!2 (or (<= x!4 1.0)                    (<= (+ (* 1.1111111111? x!0) (* (- 1.1111111111?) x!5))                        3875.7584449150?)))           (a!3 (or (not (>= x!4 27.0))                    (<= (+ (* 0.0001769643? x!0) (* (- 0.0001769643?) x!5)) 0.5)))           (a!4 (or (<= (+ (* 1.1111111111? x!0) (* (- 1.1111111111?) x!5))                        3488.1826004235?)                    (not (>= x!4 26.0))))           (a!5 (or (not (>= x!4 28.0))                    (<= (+ (* 0.0001966270? x!0) (* (- 0.0001966270?) x!5)) 0.5)))           (a!6 (or (not (>= x!4 29.0))                    (<= (+ (* 0.0002184745? x!0) (* (- 0.0002184745?) x!5)) 0.5)))           (a!7 (or (not (>= x!4 30.0))                    (<= (+ (* 0.0002427494? x!0) (* (- 0.0002427494?) x!5)) 0.5)))           (a!8 (or (not (>= x!4 31.0))                    (<= (+ (* 0.0002697216? x!0) (* (- 0.0002697216?) x!5)) 0.5)))           (a!9 (or (not (>= x!4 32.0))                    (<= (+ (* 0.0002996906? x!0) (* (- 0.0002996906?) x!5)) 0.5)))           (a!10 (or (not (>= x!4 33.0))                     (<= (+ (* 0.0003329896? x!0) (* (- 0.0003329896?) x!5)) 0.5)))           (a!11 (or (not (>= x!4 34.0))                     (<= (+ (* 0.0003699884? x!0) (* (- 0.0003699884?) x!5)) 0.5)))           (a!12 (or (not (>= x!4 35.0))                     (<= (+ (* 0.0004110983? x!0) (* (- 0.0004110983?) x!5)) 0.5)))           (a!13 (or (not (>= x!4 36.0))                     (<= (+ (* 0.0004567759? x!0) (* (- 0.0004567759?) x!5)) 0.5)))           (a!14 (or (not (>= x!4 37.0))                     (<= (+ (* 0.0005075287? x!0) (* (- 0.0005075287?) x!5)) 0.5)))           (a!15 (or (not (>= x!4 38.0))                     (<= (+ (* 0.0005639208? x!0) (* (- 0.0005639208?) x!5)) 0.5)))           (a!16 (or (not (>= x!4 39.0))                     (<= (+ (* 0.0006265787? x!0) (* (- 0.0006265787?) x!5)) 0.5)))           (a!17 (or (not (>= x!4 40.0))                     (<= (+ (* 0.0006961986? x!0) (* (- 0.0006961986?) x!5)) 0.5)))           (a!18 (or (not (>= x!4 41.0))                     (<= (+ (* 0.0007735540? x!0) (* (- 0.0007735540?) x!5)) 0.5)))           (a!19 (or (not (>= x!4 42.0))                     (<= (+ (* 0.0008595044? x!0) (* (- 0.0008595044?) x!5)) 0.5)))           (a!20 (or (not (>= x!4 43.0))                     (<= (+ (* 0.0009550049? x!0) (* (- 0.0009550049?) x!5)) 0.5)))           (a!21 (or (not (>= x!4 44.0))                     (<= (+ (* 0.0010611166? x!0) (* (- 0.0010611166?) x!5)) 0.5)))           (a!22 (or (not (>= x!4 45.0))                     (<= (+ (* 0.0011790184? x!0) (* (- 0.0011790184?) x!5)) 0.5)))           (a!23 (or (not (>= x!4 46.0))                     (<= (+ (* 0.0013100205? x!0) (* (- 0.0013100205?) x!5)) 0.5)))           (a!24 (or (not (>= x!4 47.0))                     (<= (+ (* 0.0014555783? x!0) (* (- 0.0014555783?) x!5)) 0.5)))           (a!25 (or (not (>= x!4 48.0))                     (<= (+ (* 0.0016173092? x!0) (* (- 0.0016173092?) x!5)) 0.5)))           (a!26 (or (not (>= x!4 49.0))                     (<= (+ (* 0.0017970102? x!0) (* (- 0.0017970102?) x!5)) 0.5)))           (a!27 (or (not (>= x!4 50.0))                     (<= (+ (* 0.0019966781? x!0) (* (- 0.0019966781?) x!5)) 0.5)))           (a!28 (or (not (>= x!4 51.0))                     (<= (+ (* 0.0022185312? x!0) (* (- 0.0022185312?) x!5)) 0.5)))           (a!29 (or (not (>= x!4 52.0))                     (<= (+ (* 0.0024650347? x!0) (* (- 0.0024650347?) x!5)) 0.5)))           (a!30 (or (not (>= x!4 53.0))                     (<= (+ (* 0.0027389274? x!0) (* (- 0.0027389274?) x!5)) 0.5)))           (a!31 (or (not (>= x!4 54.0))                     (<= (+ (* 0.0030432527? x!0) (* (- 0.0030432527?) x!5)) 0.5)))           (a!32 (or (not (>= x!4 55.0))                     (<= (+ (* 0.0033813919? x!0) (* (- 0.0033813919?) x!5)) 0.5)))           (a!33 (or (not (>= x!4 56.0))                     (<= (+ (* 0.0037571021? x!0) (* (- 0.0037571021?) x!5)) 0.5)))           (a!34 (or (not (>= x!4 57.0))                     (<= (+ (* 0.0041745579? x!0) (* (- 0.0041745579?) x!5)) 0.5)))           (a!35 (or (not (>= x!4 58.0))                     (<= (+ (* 0.0046383976? x!0) (* (- 0.0046383976?) x!5)) 0.5)))           (a!36 (or (not (>= x!4 59.0))                     (<= (+ (* 0.0051537752? x!0) (* (- 0.0051537752?) x!5)) 0.5)))           (a!37 (or (not (>= x!4 60.0))                     (<= (+ (* 0.0057264168? x!0) (* (- 0.0057264168?) x!5)) 0.5)))           (a!38 (or (not (>= x!4 61.0))                     (<= (+ (* 0.0063626854? x!0) (* (- 0.0063626854?) x!5)) 0.5)))           (a!39 (or (not (>= x!4 62.0))                     (<= (+ (* 0.0070696504? x!0) (* (- 0.0070696504?) x!5)) 0.5)))           (a!40 (or (not (>= x!4 63.0))                     (<= (+ (* 0.0078551672? x!0) (* (- 0.0078551672?) x!5)) 0.5)))           (a!41 (or (not (>= x!4 64.0))                     (<= (+ (* 0.0087279635? x!0) (* (- 0.0087279635?) x!5)) 0.5)))           (a!42 (or (not (>= x!4 65.0))                     (<= (+ (* 0.0096977372? x!0) (* (- 0.0096977372?) x!5)) 0.5)))           (a!43 (or (not (>= x!4 66.0))                     (<= (+ (* 0.0107752636? x!0) (* (- 0.0107752636?) x!5)) 0.5)))           (a!44 (or (not (>= x!4 67.0))                     (<= (+ (* 0.0119725151? x!0) (* (- 0.0119725151?) x!5)) 0.5)))           (a!45 (or (not (>= x!4 68.0))                     (<= (+ (* 1.1111111111? x!0) (* (- 1.1111111111?) x!5))                         41.7623191431?)))           (a!46 (or (not (>= x!4 69.0))                     (<= (+ (* 0.0147808829? x!0) (* (- 0.0147808829?) x!5)) 0.5)))           (a!47 (or (not (>= x!4 70.0))                     (<= (+ (* 0.0164232032? x!0) (* (- 0.0164232032?) x!5)) 0.5)))           (a!48 (or (not (>= x!4 71.0))                     (<= (+ (* 0.0182480036? x!0) (* (- 0.0182480036?) x!5)) 0.5)))           (a!49 (or (not (>= x!4 72.0))                     (<= (+ (* 0.0202755595? x!0) (* (- 0.0202755595?) x!5)) 0.5)))           (a!50 (or (not (>= x!4 73.0))                     (<= (+ (* 0.0225283995? x!0) (* (- 0.0225283995?) x!5)) 0.5)))           (a!51 (or (not (>= x!4 74.0))                     (<= (+ (* 0.0250315550? x!0) (* (- 0.0250315550?) x!5)) 0.5)))           (a!52 (or (not (>= x!4 75.0))                     (<= (+ (* 0.0278128389? x!0) (* (- 0.0278128389?) x!5)) 0.5)))           (a!53 (or (not (>= x!4 76.0))                     (<= (+ (* 0.0309031543? x!0) (* (- 0.0309031543?) x!5)) 0.5)))           (a!54 (or (not (>= x!4 77.0))                     (<= (+ (* 0.0343368382? x!0) (* (- 0.0343368382?) x!5)) 0.5)))           (a!55 (or (not (>= x!4 78.0))                     (<= (+ (* 0.0381520424? x!0) (* (- 0.0381520424?) x!5)) 0.5)))           (a!56 (or (not (>= x!4 79.0))                     (<= (+ (* 0.0423911582? x!0) (* (- 0.0423911582?) x!5)) 0.5)))           (a!57 (or (not (>= x!4 80.0))                     (<= (+ (* 0.0471012869? x!0) (* (- 0.0471012869?) x!5)) 0.5)))           (a!58 (or (not (>= x!4 81.0))                     (<= (+ (* 0.0523347633? x!0) (* (- 0.0523347633?) x!5)) 0.5)))           (a!59 (or (not (>= x!4 82.0))                     (<= (+ (* 0.0581497370? x!0) (* (- 0.0581497370?) x!5)) 0.5)))           (a!60 (or (not (>= x!4 83.0))                     (<= (+ (* 0.0646108188? x!0) (* (- 0.0646108188?) x!5)) 0.5)))           (a!61 (or (not (>= x!4 84.0))                     (<= (+ (* 0.0717897987? x!0) (* (- 0.0717897987?) x!5)) 0.5)))           (a!62 (or (not (>= x!4 85.0))                     (<= (+ (* 0.0797664430? x!0) (* (- 0.0797664430?) x!5)) 0.5)))           (a!63 (or (not (>= x!4 86.0))                     (<= (+ (* 0.0886293811? x!0) (* (- 0.0886293811?) x!5)) 0.5)))           (a!64 (or (not (>= x!4 87.0))                     (<= (+ (* 0.0984770902? x!0) (* (- 0.0984770902?) x!5)) 0.5)))           (a!65 (or (not (>= x!4 88.0))                     (<= (+ (* 0.1094189891? x!0) (* (- 0.1094189891?) x!5)) 0.5)))           (a!66 (or (not (>= x!4 89.0))                     (<= (+ (* 0.1215766545? x!0) (* (- 0.1215766545?) x!5)) 0.5)))           (a!67 (or (not (>= x!4 90.0))                     (<= (+ (* 0.1350851717? x!0) (* (- 0.1350851717?) x!5)) 0.5)))           (a!68 (or (not (>= x!4 91.0))                     (<= (+ (* 0.1500946352? x!0) (* (- 0.1500946352?) x!5)) 0.5)))           (a!69 (or (not (>= x!4 92.0))                     (<= (+ (* 0.1667718169? x!0) (* (- 0.1667718169?) x!5)) 0.5)))           (a!70 (or (not (>= x!4 93.0))                     (<= (+ (* 0.1853020188? x!0) (* (- 0.1853020188?) x!5)) 0.5)))           (a!71 (or (not (>= x!4 94.0))                     (<= (+ (* 0.2058911320? x!0) (* (- 0.2058911320?) x!5)) 0.5)))           (a!72 (or (not (>= x!4 95.0))                     (<= (+ (* 0.2287679245? x!0) (* (- 0.2287679245?) x!5)) 0.5)))           (a!73 (or (not (>= x!4 96.0))                     (<= (+ (* 0.2541865828? x!0) (* (- 0.2541865828?) x!5)) 0.5)))           (a!74 (or (not (>= x!4 97.0))                     (<= (+ (* 0.2824295364? x!0) (* (- 0.2824295364?) x!5)) 0.5)))           (a!75 (or (not (>= x!4 98.0))                     (<= (+ (* 0.3138105960? x!0) (* (- 0.3138105960?) x!5)) 0.5)))           (a!76 (or (<= (+ (* 1.1111111111? x!0) (* (- 1.1111111111?) x!5))                         1.4339859953?)                     (not (>= x!4 100.0))))           (a!77 (or (<= (+ (* 1.1111111111? x!0) (* (- 1.1111111111?) x!5))                         1.5933177726?)                     (not (>= x!4 99.0))))           (a!78 (or (not (>= x!4 101.0))                     (<= (+ (* 0.43046721 x!0) (* (- 0.43046721) x!5)) 0.5)))           (a!79 (or (not (>= x!4 102.0))                     (<= (+ (* 0.4782969 x!0) (* (- 0.4782969) x!5)) 0.5)))           (a!80 (or (<= (+ (* 1.1111111111? x!0) (* (- 1.1111111111?) x!5))                         1.0453757906?)                     (not (>= x!4 103.0))))           (a!81 (or (<= (+ (* 1.1111111111? x!0) (* (- 1.1111111111?) x!5))                         0.9408382115?)                     (not (>= x!4 104.0))))           (a!82 (or (not (>= x!4 105.0))                     (<= (+ (* 0.6561 x!0) (* (- 0.6561) x!5)) 0.5)))           (a!83 (or (not (>= x!4 106.0))                     (<= (+ (* 0.729 x!0) (* (- 0.729) x!5)) 0.5)))           (a!84 (or (<= (+ (* 1.1111111111? x!0) (* (- 1.1111111111?) x!5))                         0.6858710562?)                     (not (>= x!4 107.0))))           (a!85 (or (<= (+ (* 1.1111111111? x!0) (* (- 1.1111111111?) x!5))                         0.6172839506?)                     (not (>= x!4 108.0)))))       (and (>= (+ (* 0.9 x!0) (* (- 0.9) x!5)) (- 0.9))            (<= (+ x!0 (* (- 1.0) x!5)) 4000.0)            a!1            a!2            a!3            a!4            a!5            a!6            a!7            a!8            a!9            a!10            a!11            a!12            a!13            a!14            a!15            a!16            a!17            a!18            a!19            a!20            a!21            a!22            a!23            a!24            a!25            a!26            a!27            a!28            a!29            a!30            a!31            a!32            a!33            a!34            a!35            a!36            a!37            a!38            a!39            a!40            a!41            a!42            a!43            a!44            a!45            a!46            a!47            a!48            a!49            a!50            a!51            a!52            a!53            a!54            a!55            a!56            a!57            a!58            a!59            a!60            a!61            a!62            a!63            a!64            a!65            a!66            a!67            a!68            a!69            a!70            a!71            a!72            a!73            a!74            a!75            a!76            a!77            a!78            a!79            a!80            a!81            a!82            a!83            a!84            a!85))) ),13.6043
p_2000.00_4000.00_0.00_2000.00_0.1000_110.00_0.50_1.00.smt2,2000.00,4000.00,0.00,2000.00,0.1000,110.00,0.50,1.00,Golem,sat,3.2250
p_2000.00_4000.00_0.00_2000.00_0.1000_110.00_1.00_0.50.smt2,2000.00,4000.00,0.00,2000.00,0.1000,110.00,1.00,0.50,Spacer,sat (   (define-fun Inv ((x!0 Real)    (x!1 Real)    (x!2 Real)    (x!3 Real)    (x!4 Real)    (x!5 Real)) Bool     (let ((a!1 (or (<= x!4 0.0)                    (<= (+ (* 0.0002697216? x!0) (* (- 0.0002697216?) x!5))                        0.9709977801?)))           (a!2 (or (<= x!4 1.0)                    (<= (+ (* 1.1111111111? x!0) (* (- 1.1111111111?) x!5))                        3707.5264987033?)))           (a!3 (or (<= (+ (* 1.1111111111? x!0) (* (- 1.1111111111?) x!5))                        3336.7738488330?)                    (not (>= x!4 33.0))))           (a!4 (or (not (>= x!4 34.0))                    (<= (+ (* 0.0003699884? x!0) (* (- 0.0003699884?) x!5)) 1.0)))           (a!5 (or (not (>= x!4 35.0))                    (<= (+ (* 0.0004110983? x!0) (* (- 0.0004110983?) x!5)) 1.0)))           (a!6 (or (not (>= x!4 36.0))                    (<= (+ (* 0.0004567759? x!0) (* (- 0.0004567759?) x!5)) 1.0)))           (a!7 (or (not (>= x!4 37.0))                    (<= (+ (* 0.0005075287? x!0) (* (- 0.0005075287?) x!5)) 1.0)))           (a!8 (or (not (>= x!4 38.0))                    (<= (+ (* 0.0005639208? x!0) (* (- 0.0005639208?) x!5)) 1.0)))           (a!9 (or (not (>= x!4 39.0))                    (<= (+ (* 0.0006265787? x!0) (* (- 0.0006265787?) x!5)) 1.0)))           (a!10 (or (not (>= x!4 40.0))                     (<= (+ (* 0.0006961986? x!0) (* (- 0.0006961986?) x!5)) 1.0)))           (a!11 (or (not (>= x!4 41.0))                     (<= (+ (* 0.0007735540? x!0) (* (- 0.0007735540?) x!5)) 1.0)))           (a!12 (or (not (>= x!4 42.0))                     (<= (+ (* 0.0008595044? x!0) (* (- 0.0008595044?) x!5)) 1.0)))           (a!13 (or (not (>= x!4 43.0))                     (<= (+ (* 0.0009550049? x!0) (* (- 0.0009550049?) x!5)) 1.0)))           (a!14 (or (not (>= x!4 44.0))                     (<= (+ (* 0.0010611166? x!0) (* (- 0.0010611166?) x!5)) 1.0)))           (a!15 (or (not (>= x!4 45.0))                     (<= (+ (* 0.0011790184? x!0) (* (- 0.0011790184?) x!5)) 1.0)))           (a!16 (or (not (>= x!4 46.0))                     (<= (+ (* 0.0013100205? x!0) (* (- 0.0013100205?) x!5)) 1.0)))           (a!17 (or (not (>= x!4 47.0))                     (<= (+ (* 0.0014555783? x!0) (* (- 0.0014555783?) x!5)) 1.0)))           (a!18 (or (not (>= x!4 48.0))                     (<= (+ (* 0.0016173092? x!0) (* (- 0.0016173092?) x!5)) 1.0)))           (a!19 (or (not (>= x!4 49.0))                     (<= (+ (* 0.0017970102? x!0) (* (- 0.0017970102?) x!5)) 1.0)))           (a!20 (or (not (>= x!4 50.0))                     (<= (+ (* 0.0019966781? x!0) (* (- 0.0019966781?) x!5)) 1.0)))           (a!21 (or (not (>= x!4 51.0))                     (<= (+ (* 0.0022185312? x!0) (* (- 0.0022185312?) x!5)) 1.0)))           (a!22 (or (not (>= x!4 52.0))                     (<= (+ (* 0.0024650347? x!0) (* (- 0.0024650347?) x!5)) 1.0)))           (a!23 (or (not (>= x!4 53.0))                     (<= (+ (* 0.0027389274? x!0) (* (- 0.0027389274?) x!5)) 1.0)))           (a!24 (or (not (>= x!4 54.0))                     (<= (+ (* 0.0030432527? x!0) (* (- 0.0030432527?) x!5)) 1.0)))           (a!25 (or (not (>= x!4 55.0))                     (<= (+ (* 0.0033813919? x!0) (* (- 0.0033813919?) x!5)) 1.0)))           (a!26 (or (not (>= x!4 56.0))                     (<= (+ (* 0.0037571021? x!0) (* (- 0.0037571021?) x!5)) 1.0)))           (a!27 (or (not (>= x!4 57.0))                     (<= (+ (* 0.0041745579? x!0) (* (- 0.0041745579?) x!5)) 1.0)))           (a!28 (or (not (>= x!4 58.0))                     (<= (+ (* 0.0046383976? x!0) (* (- 0.0046383976?) x!5)) 1.0)))           (a!29 (or (not (>= x!4 59.0))                     (<= (+ (* 0.0051537752? x!0) (* (- 0.0051537752?) x!5)) 1.0)))           (a!30 (or (not (>= x!4 60.0))                     (<= (+ (* 0.0057264168? x!0) (* (- 0.0057264168?) x!5)) 1.0)))           (a!31 (or (not (>= x!4 61.0))                     (<= (+ (* 0.0063626854? x!0) (* (- 0.0063626854?) x!5)) 1.0)))           (a!32 (or (not (>= x!4 62.0))                     (<= (+ (* 0.0070696504? x!0) (* (- 0.0070696504?) x!5)) 1.0)))           (a!33 (or (not (>= x!4 63.0))                     (<= (+ (* 0.0078551672? x!0) (* (- 0.0078551672?) x!5)) 1.0)))           (a!34 (or (not (>= x!4 64.0))                     (<= (+ (* 0.0087279635? x!0) (* (- 0.0087279635?) x!5)) 1.0)))           (a!35 (or (not (>= x!4 65.0))                     (<= (+ (* 0.0096977372? x!0) (* (- 0.0096977372?) x!5)) 1.0)))           (a!36 (or (not (>= x!4 66.0))                     (<= (+ (* 0.0107752636? x!0) (* (- 0.0107752636?) x!5)) 1.0)))           (a!37 (or (not (>= x!4 67.0))                     (<= (+ (* 0.0119725151? x!0) (* (- 0.0119725151?) x!5)) 1.0)))           (a!38 (or (not (>= x!4 68.0))                     (<= (+ (* 0.0133027946? x!0) (* (- 0.0133027946?) x!5)) 1.0)))           (a!39 (or (not (>= x!4 69.0))                     (<= (+ (* 0.0147808829? x!0) (* (- 0.0147808829?) x!5)) 1.0)))           (a!40 (or (not (>= x!4 70.0))                     (<= (+ (* 0.0164232032? x!0) (* (- 0.0164232032?) x!5)) 1.0)))           (a!41 (or (not (>= x!4 71.0))                     (<= (+ (* 0.0182480036? x!0) (* (- 0.0182480036?) x!5)) 1.0)))           (a!42 (or (not (>= x!4 72.0))                     (<= (+ (* 0.0202755595? x!0) (* (- 0.0202755595?) x!5)) 1.0)))           (a!43 (or (not (>= x!4 73.0))                     (<= (+ (* 0.0225283995? x!0) (* (- 0.0225283995?) x!5)) 1.0)))           (a!44 (or (not (>= x!4 74.0))                     (<= (+ (* 0.0250315550? x!0) (* (- 0.0250315550?) x!5)) 1.0)))           (a!45 (or (not (>= x!4 75.0))                     (<= (+ (* 0.0278128389? x!0) (* (- 0.0278128389?) x!5)) 1.0)))           (a!46 (or (not (>= x!4 76.0))                     (<= (+ (* 0.0309031543? x!0) (* (- 0.0309031543?) x!5)) 1.0)))           (a!47 (or (<= (+ (* 1.1111111111? x!0) (* (- 1.1111111111?) x!5))                         32.3591562084?)                     (not (>= x!4 77.0))))           (a!48 (or (not (>= x!4 78.0))                     (<= (+ (* 0.0381520424? x!0) (* (- 0.0381520424?) x!5)) 1.0)))           (a!49 (or (not (>= x!4 79.0))                     (<= (+ (* 0.0423911582? x!0) (* (- 0.0423911582?) x!5)) 1.0)))           (a!50 (or (<= (+ (* 1.1111111111? x!0) (* (- 1.1111111111?) x!5))                         23.5898248759?)                     (not (>= x!4 80.0))))           (a!51 (or (<= (+ (* 1.1111111111? x!0) (* (- 1.1111111111?) x!5))                         21.2308423883?)                     (not (>= x!4 81.0))))           (a!52 (or (not (>= x!4 82.0))                     (<= (+ (* 0.0581497370? x!0) (* (- 0.0581497370?) x!5)) 1.0)))           (a!53 (or (not (>= x!4 83.0))                     (<= (+ (* 0.0646108188? x!0) (* (- 0.0646108188?) x!5)) 1.0)))           (a!54 (or (<= (+ (* 1.1111111111? x!0) (* (- 1.1111111111?) x!5))                         15.4772841010?)                     (not (>= x!4 84.0))))           (a!55 (or (<= (+ (* 1.1111111111? x!0) (* (- 1.1111111111?) x!5))                         13.9295556909?)                     (not (>= x!4 85.0))))           (a!56 (or (not (>= x!4 86.0))                     (<= (+ (* 0.0886293811? x!0) (* (- 0.0886293811?) x!5)) 1.0)))           (a!57 (or (not (>= x!4 87.0))                     (<= (+ (* 0.0984770902? x!0) (* (- 0.0984770902?) x!5)) 1.0)))           (a!58 (or (<= (+ (* 1.1111111111? x!0) (* (- 1.1111111111?) x!5))                         10.1546460987?)                     (not (>= x!4 88.0))))           (a!59 (or (<= (+ (* 1.1111111111? x!0) (* (- 1.1111111111?) x!5))                         9.1391814888?)                     (not (>= x!4 89.0))))           (a!60 (or (not (>= x!4 90.0))                     (<= (+ (* 0.1350851717? x!0) (* (- 0.1350851717?) x!5)) 1.0)))           (a!61 (or (not (>= x!4 91.0))                     (<= (+ (* 0.1500946352? x!0) (* (- 0.1500946352?) x!5)) 1.0)))           (a!62 (or (<= (+ (* 1.1111111111? x!0) (* (- 1.1111111111?) x!5))                         6.6624633053?)                     (not (>= x!4 92.0))))           (a!63 (or (<= (+ (* 1.1111111111? x!0) (* (- 1.1111111111?) x!5))                         5.9962169748?)                     (not (>= x!4 93.0))))           (a!64 (or (not (>= x!4 94.0))                     (<= (+ (* 0.2058911320? x!0) (* (- 0.2058911320?) x!5)) 1.0)))           (a!65 (or (not (>= x!4 95.0))                     (<= (+ (* 0.2287679245? x!0) (* (- 0.2287679245?) x!5)) 1.0)))           (a!66 (or (<= (+ (* 1.1111111111? x!0) (* (- 1.1111111111?) x!5))                         4.3712421746?)                     (not (>= x!4 96.0))))           (a!67 (or (<= (+ (* 1.1111111111? x!0) (* (- 1.1111111111?) x!5))                         3.9341179571?)                     (not (>= x!4 97.0))))           (a!68 (or (not (>= x!4 98.0))                     (<= (+ (* 0.3138105960? x!0) (* (- 0.3138105960?) x!5)) 1.0)))           (a!69 (or (not (>= x!4 99.0))                     (<= (+ (* 0.3486784401 x!0) (* (- 0.3486784401) x!5)) 1.0)))           (a!70 (or (<= (+ (* 1.1111111111? x!0) (* (- 1.1111111111?) x!5))                         2.8679719907?)                     (not (>= x!4 100.0))))           (a!71 (or (<= (+ (* 1.1111111111? x!0) (* (- 1.1111111111?) x!5))                         2.5811747917?)                     (not (>= x!4 101.0))))           (a!72 (or (not (>= x!4 102.0))                     (<= (+ (* 0.4782969 x!0) (* (- 0.4782969) x!5)) 1.0)))           (a!73 (or (not (>= x!4 103.0))                     (<= (+ (* 0.531441 x!0) (* (- 0.531441) x!5)) 1.0)))           (a!74 (or (<= (+ (* 1.1111111111? x!0) (* (- 1.1111111111?) x!5))                         1.8816764231?)                     (not (>= x!4 104.0))))           (a!75 (or (<= (+ (* 1.1111111111? x!0) (* (- 1.1111111111?) x!5))                         1.6935087808?)                     (not (>= x!4 105.0))))           (a!76 (or (not (>= x!4 106.0))                     (<= (+ (* 0.729 x!0) (* (- 0.729) x!5)) 1.0)))           (a!77 (or (not (>= x!4 107.0))                     (<= (+ (* 0.81 x!0) (* (- 0.81) x!5)) 1.0)))           (a!78 (or (<= (+ (* 1.1111111111? x!0) (* (- 1.1111111111?) x!5))                         1.2345679012?)                     (not (>= x!4 108.0)))))       (and (>= (+ (* 0.9 x!0) (* (- 0.9) x!5)) (- 0.45))            (<= (+ x!0 (* (- 1.0) x!5)) 4000.0)            a!1            a!2            a!3            a!4            a!5            a!6            a!7            a!8            a!9            a!10            a!11            a!12            a!13            a!14            a!15            a!16            a!17            a!18            a!19            a!20            a!21            a!22            a!23            a!24            a!25            a!26            a!27            a!28            a!29            a!30            a!31            a!32            a!33            a!34            a!35            a!36            a!37            a!38            a!39            a!40            a!41            a!42            a!43            a!44            a!45            a!46            a!47            a!48            a!49            a!50            a!51            a!52            a!53            a!54            a!55            a!56            a!57            a!58            a!59            a!60            a!61            a!62            a!63            a!64            a!65            a!66            a!67            a!68            a!69            a!70            a!71            a!72            a!73            a!74            a!75            a!76            a!77            a!78))) ),11.8371
p_2000.00_4000.00_0.00_2000.00_0.1000_110.00_1.00_0.50.smt2,2000.00,4000.00,0.00,2000.00,0.1000,110.00,1.00,0.50,Golem,sat,3.2536
p_2000.00_4000.00_0.00_2000.00_0.1000_110.00_1.00_1.00.smt2,2000.00,4000.00,0.00,2000.00,0.1000,110.00,1.00,1.00,Spacer,sat (   (define-fun Inv ((x!0 Real)    (x!1 Real)    (x!2 Real)    (x!3 Real)    (x!4 Real)    (x!5 Real)) Bool     (let ((a!1 (or (<= x!4 0.0)                    (<= (+ (* 0.0002697216? x!0) (* (- 0.0002697216?) x!5))                        0.9709977801?)))           (a!2 (or (<= x!4 1.0)                    (<= (+ (* 1.1111111111? x!0) (* (- 1.1111111111?) x!5))                        3707.5264987033?)))           (a!3 (or (<= (+ (* 1.1111111111? x!0) (* (- 1.1111111111?) x!5))                        3336.7738488330?)                    (not (>= x!4 33.0))))           (a!4 (or (not (>= x!4 34.0))                    (<= (+ (* 0.0003699884? x!0) (* (- 0.0003699884?) x!5)) 1.0)))           (a!5 (or (not (>= x!4 35.0))                    (<= (+ (* 0.0004110983? x!0) (* (- 0.0004110983?) x!5)) 1.0)))           (a!6 (or (not (>= x!4 36.0))                    (<= (+ (* 0.0004567759? x!0) (* (- 0.0004567759?) x!5)) 1.0)))           (a!7 (or (not (>= x!4 37.0))                    (<= (+ (* 0.0005075287? x!0) (* (- 0.0005075287?) x!5)) 1.0)))           (a!8 (or (not (>= x!4 38.0))                    (<= (+ (* 0.0005639208? x!0) (* (- 0.0005639208?) x!5)) 1.0)))           (a!9 (or (not (>= x!4 39.0))                    (<= (+ (* 0.0006265787? x!0) (* (- 0.0006265787?) x!5)) 1.0)))           (a!10 (or (not (>= x!4 40.0))                     (<= (+ (* 0.0006961986? x!0) (* (- 0.0006961986?) x!5)) 1.0)))           (a!11 (or (not (>= x!4 41.0))                     (<= (+ (* 0.0007735540? x!0) (* (- 0.0007735540?) x!5)) 1.0)))           (a!12 (or (not (>= x!4 42.0))                     (<= (+ (* 0.0008595044? x!0) (* (- 0.0008595044?) x!5)) 1.0)))           (a!13 (or (not (>= x!4 43.0))                     (<= (+ (* 0.0009550049? x!0) (* (- 0.0009550049?) x!5)) 1.0)))           (a!14 (or (not (>= x!4 44.0))                     (<= (+ (* 0.0010611166? x!0) (* (- 0.0010611166?) x!5)) 1.0)))           (a!15 (or (not (>= x!4 45.0))                     (<= (+ (* 0.0011790184? x!0) (* (- 0.0011790184?) x!5)) 1.0)))           (a!16 (or (not (>= x!4 46.0))                     (<= (+ (* 0.0013100205? x!0) (* (- 0.0013100205?) x!5)) 1.0)))           (a!17 (or (not (>= x!4 47.0))                     (<= (+ (* 0.0014555783? x!0) (* (- 0.0014555783?) x!5)) 1.0)))           (a!18 (or (not (>= x!4 48.0))                     (<= (+ (* 0.0016173092? x!0) (* (- 0.0016173092?) x!5)) 1.0)))           (a!19 (or (not (>= x!4 49.0))                     (<= (+ (* 0.0017970102? x!0) (* (- 0.0017970102?) x!5)) 1.0)))           (a!20 (or (not (>= x!4 50.0))                     (<= (+ (* 0.0019966781? x!0) (* (- 0.0019966781?) x!5)) 1.0)))           (a!21 (or (not (>= x!4 51.0))                     (<= (+ (* 0.0022185312? x!0) (* (- 0.0022185312?) x!5)) 1.0)))           (a!22 (or (not (>= x!4 52.0))                     (<= (+ (* 0.0024650347? x!0) (* (- 0.0024650347?) x!5)) 1.0)))           (a!23 (or (not (>= x!4 53.0))                     (<= (+ (* 0.0027389274? x!0) (* (- 0.0027389274?) x!5)) 1.0)))           (a!24 (or (not (>= x!4 54.0))                     (<= (+ (* 0.0030432527? x!0) (* (- 0.0030432527?) x!5)) 1.0)))           (a!25 (or (not (>= x!4 55.0))                     (<= (+ (* 0.0033813919? x!0) (* (- 0.0033813919?) x!5)) 1.0)))           (a!26 (or (not (>= x!4 56.0))                     (<= (+ (* 0.0037571021? x!0) (* (- 0.0037571021?) x!5)) 1.0)))           (a!27 (or (not (>= x!4 57.0))                     (<= (+ (* 0.0041745579? x!0) (* (- 0.0041745579?) x!5)) 1.0)))           (a!28 (or (not (>= x!4 58.0))                     (<= (+ (* 0.0046383976? x!0) (* (- 0.0046383976?) x!5)) 1.0)))           (a!29 (or (not (>= x!4 59.0))                     (<= (+ (* 0.0051537752? x!0) (* (- 0.0051537752?) x!5)) 1.0)))           (a!30 (or (not (>= x!4 60.0))                     (<= (+ (* 0.0057264168? x!0) (* (- 0.0057264168?) x!5)) 1.0)))           (a!31 (or (not (>= x!4 61.0))                     (<= (+ (* 0.0063626854? x!0) (* (- 0.0063626854?) x!5)) 1.0)))           (a!32 (or (not (>= x!4 62.0))                     (<= (+ (* 0.0070696504? x!0) (* (- 0.0070696504?) x!5)) 1.0)))           (a!33 (or (not (>= x!4 63.0))                     (<= (+ (* 0.0078551672? x!0) (* (- 0.0078551672?) x!5)) 1.0)))           (a!34 (or (not (>= x!4 64.0))                     (<= (+ (* 0.0087279635? x!0) (* (- 0.0087279635?) x!5)) 1.0)))           (a!35 (or (not (>= x!4 65.0))                     (<= (+ (* 0.0096977372? x!0) (* (- 0.0096977372?) x!5)) 1.0)))           (a!36 (or (not (>= x!4 66.0))                     (<= (+ (* 0.0107752636? x!0) (* (- 0.0107752636?) x!5)) 1.0)))           (a!37 (or (not (>= x!4 67.0))                     (<= (+ (* 0.0119725151? x!0) (* (- 0.0119725151?) x!5)) 1.0)))           (a!38 (or (not (>= x!4 68.0))                     (<= (+ (* 0.0133027946? x!0) (* (- 0.0133027946?) x!5)) 1.0)))           (a!39 (or (not (>= x!4 69.0))                     (<= (+ (* 0.0147808829? x!0) (* (- 0.0147808829?) x!5)) 1.0)))           (a!40 (or (not (>= x!4 70.0))                     (<= (+ (* 0.0164232032? x!0) (* (- 0.0164232032?) x!5)) 1.0)))           (a!41 (or (not (>= x!4 71.0))                     (<= (+ (* 0.0182480036? x!0) (* (- 0.0182480036?) x!5)) 1.0)))           (a!42 (or (not (>= x!4 72.0))                     (<= (+ (* 0.0202755595? x!0) (* (- 0.0202755595?) x!5)) 1.0)))           (a!43 (or (not (>= x!4 73.0))                     (<= (+ (* 0.0225283995? x!0) (* (- 0.0225283995?) x!5)) 1.0)))           (a!44 (or (not (>= x!4 74.0))                     (<= (+ (* 0.0250315550? x!0) (* (- 0.0250315550?) x!5)) 1.0)))           (a!45 (or (not (>= x!4 75.0))                     (<= (+ (* 0.0278128389? x!0) (* (- 0.0278128389?) x!5)) 1.0)))           (a!46 (or (not (>= x!4 76.0))                     (<= (+ (* 0.0309031543? x!0) (* (- 0.0309031543?) x!5)) 1.0)))           (a!47 (or (<= (+ (* 1.1111111111? x!0) (* (- 1.1111111111?) x!5))                         32.3591562084?)                     (not (>= x!4 77.0))))           (a!48 (or (not (>= x!4 78.0))                     (<= (+ (* 0.0381520424? x!0) (* (- 0.0381520424?) x!5)) 1.0)))           (a!49 (or (not (>= x!4 79.0))                     (<= (+ (* 0.0423911582? x!0) (* (- 0.0423911582?) x!5)) 1.0)))           (a!50 (or (<= (+ (* 1.1111111111? x!0) (* (- 1.1111111111?) x!5))                         23.5898248759?)                     (not (>= x!4 80.0))))           (a!51 (or (<= (+ (* 1.1111111111? x!0) (* (- 1.1111111111?) x!5))                         21.2308423883?)                     (not (>= x!4 81.0))))           (a!52 (or (not (>= x!4 82.0))                     (<= (+ (* 0.0581497370? x!0) (* (- 0.0581497370?) x!5)) 1.0)))           (a!53 (or (not (>= x!4 83.0))                     (<= (+ (* 0.0646108188? x!0) (* (- 0.0646108188?) x!5)) 1.0)))           (a!54 (or (<= (+ (* 1.1111111111? x!0) (* (- 1.1111111111?) x!5))                         15.4772841010?)                     (not (>= x!4 84.0))))           (a!55 (or (<= (+ (* 1.1111111111? x!0) (* (- 1.1111111111?) x!5))                         13.9295556909?)                     (not (>= x!4 85.0))))           (a!56 (or (not (>= x!4 86.0))                     (<= (+ (* 0.0886293811? x!0) (* (- 0.0886293811?) x!5)) 1.0)))           (a!57 (or (not (>= x!4 87.0))                     (<= (+ (* 0.0984770902? x!0) (* (- 0.0984770902?) x!5)) 1.0)))           (a!58 (or (<= (+ (* 1.1111111111? x!0) (* (- 1.1111111111?) x!5))                         10.1546460987?)                     (not (>= x!4 88.0))))           (a!59 (or (<= (+ (* 1.1111111111? x!0) (* (- 1.1111111111?) x!5))                         9.1391814888?)                     (not (>= x!4 89.0))))           (a!60 (or (not (>= x!4 90.0))                     (<= (+ (* 0.1350851717? x!0) (* (- 0.1350851717?) x!5)) 1.0)))           (a!61 (or (not (>= x!4 91.0))                     (<= (+ (* 0.1500946352? x!0) (* (- 0.1500946352?) x!5)) 1.0)))           (a!62 (or (<= (+ (* 1.1111111111? x!0) (* (- 1.1111111111?) x!5))                         6.6624633053?)                     (not (>= x!4 92.0))))           (a!63 (or (<= (+ (* 1.1111111111? x!0) (* (- 1.1111111111?) x!5))                         5.9962169748?)                     (not (>= x!4 93.0))))           (a!64 (or (not (>= x!4 94.0))                     (<= (+ (* 0.2058911320? x!0) (* (- 0.2058911320?) x!5)) 1.0)))           (a!65 (or (not (>= x!4 95.0))                     (<= (+ (* 0.2287679245? x!0) (* (- 0.2287679245?) x!5)) 1.0)))           (a!66 (or (<= (+ (* 1.1111111111? x!0) (* (- 1.1111111111?) x!5))                         4.3712421746?)                     (not (>= x!4 96.0))))           (a!67 (or (<= (+ (* 1.1111111111? x!0) (* (- 1.1111111111?) x!5))                         3.9341179571?)                     (not (>= x!4 97.0))))           (a!68 (or (not (>= x!4 98.0))                     (<= (+ (* 0.3138105960? x!0) (* (- 0.3138105960?) x!5)) 1.0)))           (a!69 (or (not (>= x!4 99.0))                     (<= (+ (* 0.3486784401 x!0) (* (- 0.3486784401) x!5)) 1.0)))           (a!70 (or (<= (+ (* 1.1111111111? x!0) (* (- 1.1111111111?) x!5))                         2.8679719907?)                     (not (>= x!4 100.0))))           (a!71 (or (<= (+ (* 1.1111111111? x!0) (* (- 1.1111111111?) x!5))                         2.5811747917?)                     (not (>= x!4 101.0))))           (a!72 (or (not (>= x!4 102.0))                     (<= (+ (* 0.4782969 x!0) (* (- 0.4782969) x!5)) 1.0)))           (a!73 (or (not (>= x!4 103.0))                     (<= (+ (* 0.531441 x!0) (* (- 0.531441) x!5)) 1.0)))           (a!74 (or (<= (+ (* 1.1111111111? x!0) (* (- 1.1111111111?) x!5))                         1.8816764231?)                     (not (>= x!4 104.0))))           (a!75 (or (<= (+ (* 1.1111111111? x!0) (* (- 1.1111111111?) x!5))                         1.6935087808?)                     (not (>= x!4 105.0))))           (a!76 (or (not (>= x!4 106.0))                     (<= (+ (* 0.729 x!0) (* (- 0.729) x!5)) 1.0)))           (a!77 (or (not (>= x!4 107.0))                     (<= (+ (* 0.81 x!0) (* (- 0.81) x!5)) 1.0)))           (a!78 (or (<= (+ (* 1.1111111111? x!0) (* (- 1.1111111111?) x!5))                         1.2345679012?)                     (not (>= x!4 108.0)))))       (and (>= (+ (* 0.9 x!0) (* (- 0.9) x!5)) (- 0.9))            (<= (+ x!0 (* (- 1.0) x!5)) 4000.0)            a!1            a!2            a!3            a!4            a!5            a!6            a!7            a!8            a!9            a!10            a!11            a!12            a!13            a!14            a!15            a!16            a!17            a!18            a!19            a!20            a!21            a!22            a!23            a!24            a!25            a!26            a!27            a!28            a!29            a!30            a!31            a!32            a!33            a!34            a!35            a!36            a!37            a!38            a!39            a!40            a!41            a!42            a!43            a!44            a!45            a!46            a!47            a!48            a!49            a!50            a!51            a!52            a!53            a!54            a!55            a!56            a!57            a!58            a!59            a!60            a!61            a!62            a!63            a!64            a!65            a!66            a!67            a!68            a!69            a!70            a!71            a!72            a!73            a!74            a!75            a!76            a!77            a!78))) ),11.9193
p_2000.00_4000.00_0.00_2000.00_0.1000_110.00_1.00_1.00.smt2,2000.00,4000.00,0.00,2000.00,0.1000,110.00,1.00,1.00,Golem,sat,3.1989
p_2000.00_4000.00_0.00_2000.00_0.1000_2582.50_0.50_0.50.smt2,2000.00,4000.00,0.00,2000.00,0.1000,2582.50,0.50,0.50,Spacer,TIMEOUT,300.1486
p_2000.00_4000.00_0.00_2000.00_0.1000_2582.50_0.50_0.50.smt2,2000.00,4000.00,0.00,2000.00,0.1000,2582.50,0.50,0.50,Golem,TIMEOUT,300.1043
p_2000.00_4000.00_0.00_2000.00_0.1000_2582.50_0.50_1.00.smt2,2000.00,4000.00,0.00,2000.00,0.1000,2582.50,0.50,1.00,Spacer,TIMEOUT,300.1465
p_2000.00_4000.00_0.00_2000.00_0.1000_2582.50_0.50_1.00.smt2,2000.00,4000.00,0.00,2000.00,0.1000,2582.50,0.50,1.00,Golem,TIMEOUT,300.0935
p_2000.00_4000.00_0.00_2000.00_0.1000_2582.50_1.00_0.50.smt2,2000.00,4000.00,0.00,2000.00,0.1000,2582.50,1.00,0.50,Spacer,TIMEOUT,300.1503
p_2000.00_4000.00_0.00_2000.00_0.1000_2582.50_1.00_0.50.smt2,2000.00,4000.00,0.00,2000.00,0.1000,2582.50,1.00,0.50,Golem,TIMEOUT,300.1030
p_2000.00_4000.00_0.00_2000.00_0.1000_2582.50_1.00_1.00.smt2,2000.00,4000.00,0.00,2000.00,0.1000,2582.50,1.00,1.00,Spacer,TIMEOUT,300.1483
p_2000.00_4000.00_0.00_2000.00_0.1000_2582.50_1.00_1.00.smt2,2000.00,4000.00,0.00,2000.00,0.1000,2582.50,1.00,1.00,Golem,TIMEOUT,300.0765
p_2000.00_4000.00_0.00_2000.00_0.1000_5055.00_0.50_0.50.smt2,2000.00,4000.00,0.00,2000.00,0.1000,5055.00,0.50,0.50,Spacer,TIMEOUT,300.2535
p_2000.00_4000.00_0.00_2000.00_0.1000_5055.00_0.50_0.50.smt2,2000.00,4000.00,0.00,2000.00,0.1000,5055.00,0.50,0.50,Golem,TIMEOUT,300.1023
p_2000.00_4000.00_0.00_2000.00_0.1000_5055.00_0.50_1.00.smt2,2000.00,4000.00,0.00,2000.00,0.1000,5055.00,0.50,1.00,Spacer,TIMEOUT,300.3397
p_2000.00_4000.00_0.00_2000.00_0.1000_5055.00_0.50_1.00.smt2,2000.00,4000.00,0.00,2000.00,0.1000,5055.00,0.50,1.00,Golem,TIMEOUT,300.5148
p_2000.00_4000.00_0.00_2000.00_0.1000_5055.00_1.00_0.50.smt2,2000.00,4000.00,0.00,2000.00,0.1000,5055.00,1.00,0.50,Spacer,TIMEOUT,300.6363
p_2000.00_4000.00_0.00_2000.00_0.1000_5055.00_1.00_0.50.smt2,2000.00,4000.00,0.00,2000.00,0.1000,5055.00,1.00,0.50,Golem,TIMEOUT,301.7360
p_2000.00_4000.00_0.00_2000.00_0.1000_5055.00_1.00_1.00.smt2,2000.00,4000.00,0.00,2000.00,0.1000,5055.00,1.00,1.00,Spacer,TIMEOUT,305.2577
p_2000.00_4000.00_0.00_2000.00_0.1000_5055.00_1.00_1.00.smt2,2000.00,4000.00,0.00,2000.00,0.1000,5055.00,1.00,1.00,Golem,TIMEOUT,304.5171
p_2000.00_4000.00_0.00_2000.00_0.1000_7527.50_0.50_0.50.smt2,2000.00,4000.00,0.00,2000.00,0.1000,7527.50,0.50,0.50,Spacer,TIMEOUT,304.7835
p_2000.00_4000.00_0.00_2000.00_0.1000_7527.50_0.50_0.50.smt2,2000.00,4000.00,0.00,2000.00,0.1000,7527.50,0.50,0.50,Golem,TIMEOUT,305.4477
p_2000.00_4000.00_0.00_2000.00_0.1000_7527.50_0.50_1.00.smt2,2000.00,4000.00,0.00,2000.00,0.1000,7527.50,0.50,1.00,Spacer,TIMEOUT,305.6287
p_2000.00_4000.00_0.00_2000.00_0.1000_7527.50_0.50_1.00.smt2,2000.00,4000.00,0.00,2000.00,0.1000,7527.50,0.50,1.00,Golem,TIMEOUT,305.2719
p_2000.00_4000.00_0.00_2000.00_0.1000_7527.50_1.00_0.50.smt2,2000.00,4000.00,0.00,2000.00,0.1000,7527.50,1.00,0.50,Spacer,TIMEOUT,305.9776
p_2000.00_4000.00_0.00_2000.00_0.1000_7527.50_1.00_0.50.smt2,2000.00,4000.00,0.00,2000.00,0.1000,7527.50,1.00,0.50,Golem,TIMEOUT,305.4893
p_2000.00_4000.00_0.00_2000.00_0.1000_7527.50_1.00_1.00.smt2,2000.00,4000.00,0.00,2000.00,0.1000,7527.50,1.00,1.00,Spacer,TIMEOUT,306.2709
p_2000.00_4000.00_0.00_2000.00_0.1000_7527.50_1.00_1.00.smt2,2000.00,4000.00,0.00,2000.00,0.1000,7527.50,1.00,1.00,Golem,TIMEOUT,306.8069
p_2000.00_4000.00_0.00_2000.00_0.1200_10000.00_0.50_0.50.smt2,2000.00,4000.00,0.00,2000.00,0.1200,10000.00,0.50,0.50,Spacer,TIMEOUT,306.1575
p_2000.00_4000.00_0.00_2000.00_0.1200_10000.00_0.50_0.50.smt2,2000.00,4000.00,0.00,2000.00,0.1200,10000.00,0.50,0.50,Golem,TIMEOUT,306.3469
p_2000.00_4000.00_0.00_2000.00_0.1200_10000.00_0.50_1.00.smt2,2000.00,4000.00,0.00,2000.00,0.1200,10000.00,0.50,1.00,Spacer,TIMEOUT,306.7542
p_2000.00_4000.00_0.00_2000.00_0.1200_10000.00_0.50_1.00.smt2,2000.00,4000.00,0.00,2000.00,0.1200,10000.00,0.50,1.00,Golem,TIMEOUT,307.4908
p_2000.00_4000.00_0.00_2000.00_0.1200_10000.00_1.00_0.50.smt2,2000.00,4000.00,0.00,2000.00,0.1200,10000.00,1.00,0.50,Spacer,TIMEOUT,306.7308
p_2000.00_4000.00_0.00_2000.00_0.1200_10000.00_1.00_0.50.smt2,2000.00,4000.00,0.00,2000.00,0.1200,10000.00,1.00,0.50,Golem,TIMEOUT,305.6408
p_2000.00_4000.00_0.00_2000.00_0.1200_10000.00_1.00_1.00.smt2,2000.00,4000.00,0.00,2000.00,0.1200,10000.00,1.00,1.00,Spacer,TIMEOUT,304.0167
p_2000.00_4000.00_0.00_2000.00_0.1200_10000.00_1.00_1.00.smt2,2000.00,4000.00,0.00,2000.00,0.1200,10000.00,1.00,1.00,Golem,TIMEOUT,300.1000
p_2000.00_4000.00_0.00_2000.00_0.1200_110.00_0.50_0.50.smt2,2000.00,4000.00,0.00,2000.00,0.1200,110.00,0.50,0.50,Spacer,sat (   (define-fun Inv ((x!0 Real)    (x!1 Real)    (x!2 Real)    (x!3 Real)    (x!4 Real)    (x!5 Real)) Bool     (let ((a!1 (or (<= x!4 0.0)                    (<= (+ (* 0.0001299532? x!0) (* (- 0.0001299532?) x!5))                        0.4574353402?)))           (a!2 (or (<= x!4 1.0)                    (<= (+ (* 0.0001476741? x!0) (* (- 0.0001476741?) x!5)) 0.5)))           (a!3 (or (not (>= x!4 41.0))                    (<= (+ (* 0.0001678114? x!0) (* (- 0.0001678114?) x!5)) 0.5)))           (a!4 (or (not (>= x!4 42.0))                    (<= (+ (* 0.0001906948? x!0) (* (- 0.0001906948?) x!5)) 0.5)))           (a!5 (or (not (>= x!4 43.0))                    (<= (+ (* 1.1363636363? x!0) (* (- 1.1363636363?) x!5))                        2621.9896333632?)))           (a!6 (or (not (>= x!4 44.0))                    (<= (+ (* 1.1363636363? x!0) (* (- 1.1363636363?) x!5))                        2307.3508773596?)))           (a!7 (or (not (>= x!4 45.0))                    (<= (+ (* 1.1363636363? x!0) (* (- 1.1363636363?) x!5))                        2030.4687720764?)))           (a!8 (or (not (>= x!4 46.0))                    (<= (+ (* 1.1363636363? x!0) (* (- 1.1363636363?) x!5))                        1786.8125194273?)))           (a!9 (or (not (>= x!4 47.0))                    (<= (+ (* 0.0003613480? x!0) (* (- 0.0003613480?) x!5)) 0.5)))           (a!10 (or (<= (+ (* 1.1363636363? x!0) (* (- 1.1363636363?) x!5))                         1383.7076150445?)                     (not (>= x!4 48.0))))           (a!11 (or (<= (+ (* 1.1363636363? x!0) (* (- 1.1363636363?) x!5))                         1217.6627012391?)                     (not (>= x!4 49.0))))           (a!12 (or (<= (+ (* 1.1363636363? x!0) (* (- 1.1363636363?) x!5))                         1071.5431770904?)                     (not (>= x!4 50.0))))           (a!13 (or (not (>= x!4 51.0))                     (<= (+ (* 0.0006025526? x!0) (* (- 0.0006025526?) x!5)) 0.5)))           (a!14 (or (not (>= x!4 52.0))                     (<= (+ (* 1.1363636363? x!0) (* (- 1.1363636363?) x!5))                         829.8030363388?)))           (a!15 (or (not (>= x!4 53.0))                     (<= (+ (* 1.1363636363? x!0) (* (- 1.1363636363?) x!5))                         730.2266719781?)))           (a!16 (or (not (>= x!4 54.0))                     (<= (+ (* 0.0008841927? x!0) (* (- 0.0008841927?) x!5)) 0.5)))           (a!17 (or (<= (+ (* 1.1363636363? x!0) (* (- 1.1363636363?) x!5))                         565.4875347799?)                     (not (>= x!4 55.0))))           (a!18 (or (not (>= x!4 56.0))                     (<= (+ (* 0.0011417778? x!0) (* (- 0.0011417778?) x!5)) 0.5)))           (a!19 (or (not (>= x!4 58.0))                     (<= (+ (* 1.1363636363? x!0) (* (- 1.1363636363?) x!5))                         385.3639213015?)))           (a!20 (or (not (>= x!4 57.0))                     (<= (+ (* 0.0012974748? x!0) (* (- 0.0012974748?) x!5)) 0.5)))           (a!21 (or (not (>= x!4 59.0))                     (<= (+ (* 0.0016754582? x!0) (* (- 0.0016754582?) x!5)) 0.5)))           (a!22 (or (not (>= x!4 60.0))                     (<= (+ (* 1.1363636363? x!0) (* (- 1.1363636363?) x!5))                         298.4258206559?)))           (a!23 (or (not (>= x!4 61.0))                     (<= (+ (* 1.1363636363? x!0) (* (- 1.1363636363?) x!5))                         262.6147221772?)))           (a!24 (or (not (>= x!4 62.0))                     (<= (+ (* 1.1363636363? x!0) (* (- 1.1363636363?) x!5))                         231.1009555159?)))           (a!25 (or (not (>= x!4 63.0))                     (<= (+ (* 1.1363636363? x!0) (* (- 1.1363636363?) x!5))                         203.3688408540?)))           (a!26 (or (not (>= x!4 64.0))                     (<= (+ (* 1.1363636363? x!0) (* (- 1.1363636363?) x!5))                         178.9645799515?)))           (a!27 (or (not (>= x!4 65.0))                     (<= (+ (* 1.1363636363? x!0) (* (- 1.1363636363?) x!5))                         157.4888303573?)))           (a!28 (or (not (>= x!4 66.0))                     (<= (+ (* 1.1363636363? x!0) (* (- 1.1363636363?) x!5))                         138.5901707144?)))           (a!29 (or (not (>= x!4 67.0))                     (<= (+ (* 1.1363636363? x!0) (* (- 1.1363636363?) x!5))                         121.9593502287?)))           (a!30 (or (not (>= x!4 68.0))                     (<= (+ (* 1.1363636363? x!0) (* (- 1.1363636363?) x!5))                         107.3242282012?)))           (a!31 (or (not (>= x!4 69.0))                     (<= (+ (* 1.1363636363? x!0) (* (- 1.1363636363?) x!5))                         94.4453208171?)))           (a!32 (or (not (>= x!4 70.0))                     (<= (+ (* 1.1363636363? x!0) (* (- 1.1363636363?) x!5))                         83.1118823190?)))           (a!33 (or (not (>= x!4 71.0))                     (<= (+ (* 0.0077685781? x!0) (* (- 0.0077685781?) x!5)) 0.5)))           (a!34 (or (<= (+ (* 1.1363636363? x!0) (* (- 1.1363636363?) x!5))                         64.3618416678?)                     (not (>= x!4 72.0))))           (a!35 (or (<= (+ (* 1.1363636363? x!0) (* (- 1.1363636363?) x!5))                         56.6384206677?)                     (not (>= x!4 73.0))))           (a!36 (or (not (>= x!4 74.0))                     (<= (+ (* 0.0113997027? x!0) (* (- 0.0113997027?) x!5)) 0.5)))           (a!37 (or (not (>= x!4 75.0))                     (<= (+ (* 1.1363636363? x!0) (* (- 1.1363636363?) x!5))                         43.8607929651?)))           (a!38 (or (not (>= x!4 76.0))                     (<= (+ (* 1.1363636363? x!0) (* (- 1.1363636363?) x!5))                         38.5974978092?)))           (a!39 (or (not (>= x!4 77.0))                     (<= (+ (* 0.0167280573? x!0) (* (- 0.0167280573?) x!5)) 0.5)))           (a!40 (or (not (>= x!4 78.0))                     (<= (+ (* 0.0190091560? x!0) (* (- 0.0190091560?) x!5)) 0.5)))           (a!41 (or (not (>= x!4 79.0))                     (<= (+ (* 1.1363636363? x!0) (* (- 1.1363636363?) x!5))                         26.3031140270?)))           (a!42 (or (<= (+ (* 1.1363636363? x!0) (* (- 1.1363636363?) x!5))                         23.1467403438?)                     (not (>= x!4 80.0))))           (a!43 (or (not (>= x!4 81.0))                     (<= (+ (* 0.0278942584? x!0) (* (- 0.0278942584?) x!5)) 0.5)))           (a!44 (or (not (>= x!4 83.0))                     (<= (+ (* 1.1363636363? x!0) (* (- 1.1363636363?) x!5))                         15.7738554355?)))           (a!45 (or (not (>= x!4 82.0))                     (<= (+ (* 0.0316980209? x!0) (* (- 0.0316980209?) x!5)) 0.5)))           (a!46 (or (<= (+ (* 1.1363636363? x!0) (* (- 1.1363636363?) x!5))                         13.8809927833?)                     (not (>= x!4 84.0))))           (a!47 (or (not (>= x!4 85.0))                     (<= (+ (* 0.0465140474? x!0) (* (- 0.0465140474?) x!5)) 0.5)))           (a!48 (or (<= (+ (* 1.1363636363? x!0) (* (- 1.1363636363?) x!5))                         9.4595079140?)                     (not (>= x!4 87.0))))           (a!49 (or (not (>= x!4 86.0))                     (<= (+ (* 0.0528568721? x!0) (* (- 0.0528568721?) x!5)) 0.5)))           (a!50 (or (<= (+ (* 1.1363636363? x!0) (* (- 1.1363636363?) x!5))                         8.3243669643?)                     (not (>= x!4 88.0))))           (a!51 (or (not (>= x!4 89.0))                     (<= (+ (* 0.0775627936? x!0) (* (- 0.0775627936?) x!5)) 0.5)))           (a!52 (or (<= (+ (* 1.1363636363? x!0) (* (- 1.1363636363?) x!5))                         5.6728230039?)                     (not (>= x!4 91.0))))           (a!53 (or (not (>= x!4 90.0))                     (<= (+ (* 0.0881395382? x!0) (* (- 0.0881395382?) x!5)) 0.5)))           (a!54 (or (<= (+ (* 1.1363636363? x!0) (* (- 1.1363636363?) x!5))                         4.9920842434?)                     (not (>= x!4 92.0))))           (a!55 (or (not (>= x!4 93.0))                     (<= (+ (* 0.1293369914? x!0) (* (- 0.1293369914?) x!5)) 0.5)))           (a!56 (or (<= (+ (* 1.1363636363? x!0) (* (- 1.1363636363?) x!5))                         3.4019656335?)                     (not (>= x!4 95.0))))           (a!57 (or (not (>= x!4 94.0))                     (<= (+ (* 0.1469738539? x!0) (* (- 0.1469738539?) x!5)) 0.5)))           (a!58 (or (<= (+ (* 1.1363636363? x!0) (* (- 1.1363636363?) x!5))                         2.9937297575?)                     (not (>= x!4 96.0))))           (a!59 (or (not (>= x!4 97.0))                     (<= (+ (* 0.2156711558? x!0) (* (- 0.2156711558?) x!5)) 0.5)))           (a!60 (or (<= (+ (* 1.1363636363? x!0) (* (- 1.1363636363?) x!5))                         2.0401430053?)                     (not (>= x!4 99.0))))           (a!61 (or (not (>= x!4 98.0))                     (<= (+ (* 0.2450808588? x!0) (* (- 0.2450808588?) x!5)) 0.5)))           (a!62 (or (<= (+ (* 1.1363636363? x!0) (* (- 1.1363636363?) x!5))                         1.7953258446?)                     (not (>= x!4 100.0))))           (a!63 (or (not (>= x!4 101.0))                     (<= (+ (* 0.3596345248? x!0) (* (- 0.3596345248?) x!5)) 0.5)))           (a!64 (or (<= (+ (* 1.1363636363? x!0) (* (- 1.1363636363?) x!5))                         1.2234642940?)                     (not (>= x!4 103.0))))           (a!65 (or (not (>= x!4 102.0))                     (<= (+ (* 0.4086755963? x!0) (* (- 0.4086755963?) x!5)) 0.5)))           (a!66 (or (<= (+ (* 1.1363636363? x!0) (* (- 1.1363636363?) x!5))                         1.0766485787?)                     (not (>= x!4 104.0))))           (a!67 (or (not (>= x!4 105.0))                     (<= (+ (* 0.59969536 x!0) (* (- 0.59969536) x!5)) 0.5)))           (a!68 (or (not (>= x!4 106.0))                     (<= (+ (* 0.681472 x!0) (* (- 0.681472) x!5)) 0.5)))           (a!69 (or (<= (+ (* 1.1363636363? x!0) (* (- 1.1363636363?) x!5))                         0.7337058602?)                     (not (>= x!4 107.0))))           (a!70 (or (<= (+ (* 1.1363636363? x!0) (* (- 1.1363636363?) x!5))                         0.6456611570?)                     (not (>= x!4 108.0)))))       (and (>= (+ (* 0.88 x!0) (* (- 0.88) x!5)) (- 0.44))            (<= (+ x!0 (* (- 1.0) x!5)) 4000.0)            a!1            a!2            a!3            a!4            a!5            a!6            a!7            a!8            a!9            a!10            a!11            a!12            a!13            a!14            a!15            a!16            a!17            a!18            a!19            a!20            a!21            a!22            a!23            a!24            a!25            a!26            a!27            a!28            a!29            a!30            a!31            a!32            a!33            a!34            a!35            a!36            a!37            a!38            a!39            a!40            a!41            a!42            a!43            a!44            a!45            a!46            a!47            a!48            a!49            a!50            a!51            a!52            a!53            a!54            a!55            a!56            a!57            a!58            a!59            a!60            a!61            a!62            a!63            a!64            a!65            a!66            a!67            a!68            a!69            a!70))) ),14.7879
p_2000.00_4000.00_0.00_2000.00_0.1200_110.00_0.50_0.50.smt2,2000.00,4000.00,0.00,2000.00,0.1200,110.00,0.50,0.50,Golem,sat,3.2669
p_2000.00_4000.00_0.00_2000.00_0.1200_110.00_0.50_1.00.smt2,2000.00,4000.00,0.00,2000.00,0.1200,110.00,0.50,1.00,Spacer,sat (   (define-fun Inv ((x!0 Real)    (x!1 Real)    (x!2 Real)    (x!3 Real)    (x!4 Real)    (x!5 Real)) Bool     (let ((a!1 (or (<= x!4 0.0)                    (<= (+ (* 0.0001299532? x!0) (* (- 0.0001299532?) x!5))                        0.4574353402?)))           (a!2 (or (<= x!4 1.0)                    (<= (+ (* 0.0001476741? x!0) (* (- 0.0001476741?) x!5)) 0.5)))           (a!3 (or (not (>= x!4 41.0))                    (<= (+ (* 0.0001678114? x!0) (* (- 0.0001678114?) x!5)) 0.5)))           (a!4 (or (not (>= x!4 42.0))                    (<= (+ (* 0.0001906948? x!0) (* (- 0.0001906948?) x!5)) 0.5)))           (a!5 (or (not (>= x!4 43.0))                    (<= (+ (* 1.1363636363? x!0) (* (- 1.1363636363?) x!5))                        2621.9896333632?)))           (a!6 (or (not (>= x!4 44.0))                    (<= (+ (* 1.1363636363? x!0) (* (- 1.1363636363?) x!5))                        2307.3508773596?)))           (a!7 (or (not (>= x!4 45.0))                    (<= (+ (* 1.1363636363? x!0) (* (- 1.1363636363?) x!5))                        2030.4687720764?)))           (a!8 (or (not (>= x!4 46.0))                    (<= (+ (* 1.1363636363? x!0) (* (- 1.1363636363?) x!5))                        1786.8125194273?)))           (a!9 (or (not (>= x!4 47.0))                    (<= (+ (* 0.0003613480? x!0) (* (- 0.0003613480?) x!5)) 0.5)))           (a!10 (or (<= (+ (* 1.1363636363? x!0) (* (- 1.1363636363?) x!5))                         1383.7076150445?)                     (not (>= x!4 48.0))))           (a!11 (or (<= (+ (* 1.1363636363? x!0) (* (- 1.1363636363?) x!5))                         1217.6627012391?)                     (not (>= x!4 49.0))))           (a!12 (or (<= (+ (* 1.1363636363? x!0) (* (- 1.1363636363?) x!5))                         1071.5431770904?)                     (not (>= x!4 50.0))))           (a!13 (or (not (>= x!4 51.0))                     (<= (+ (* 0.0006025526? x!0) (* (- 0.0006025526?) x!5)) 0.5)))           (a!14 (or (not (>= x!4 52.0))                     (<= (+ (* 1.1363636363? x!0) (* (- 1.1363636363?) x!5))                         829.8030363388?)))           (a!15 (or (not (>= x!4 53.0))                     (<= (+ (* 1.1363636363? x!0) (* (- 1.1363636363?) x!5))                         730.2266719781?)))           (a!16 (or (not (>= x!4 54.0))                     (<= (+ (* 0.0008841927? x!0) (* (- 0.0008841927?) x!5)) 0.5)))           (a!17 (or (<= (+ (* 1.1363636363? x!0) (* (- 1.1363636363?) x!5))                         565.4875347799?)                     (not (>= x!4 55.0))))           (a!18 (or (not (>= x!4 56.0))                     (<= (+ (* 0.0011417778? x!0) (* (- 0.0011417778?) x!5)) 0.5)))           (a!19 (or (not (>= x!4 58.0))                     (<= (+ (* 1.1363636363? x!0) (* (- 1.1363636363?) x!5))                         385.3639213015?)))           (a!20 (or (not (>= x!4 57.0))                     (<= (+ (* 0.0012974748? x!0) (* (- 0.0012974748?) x!5)) 0.5)))           (a!21 (or (not (>= x!4 59.0))                     (<= (+ (* 0.0016754582? x!0) (* (- 0.0016754582?) x!5)) 0.5)))           (a!22 (or (not (>= x!4 60.0))                     (<= (+ (* 1.1363636363? x!0) (* (- 1.1363636363?) x!5))                         298.4258206559?)))           (a!23 (or (not (>= x!4 61.0))                     (<= (+ (* 1.1363636363? x!0) (* (- 1.1363636363?) x!5))                         262.6147221772?)))           (a!24 (or (not (>= x!4 62.0))                     (<= (+ (* 1.1363636363? x!0) (* (- 1.1363636363?) x!5))                         231.1009555159?)))           (a!25 (or (not (>= x!4 63.0))                     (<= (+ (* 1.1363636363? x!0) (* (- 1.1363636363?) x!5))                         203.3688408540?)))           (a!26 (or (not (>= x!4 64.0))                     (<= (+ (* 1.1363636363? x!0) (* (- 1.1363636363?) x!5))                         178.9645799515?)))           (a!27 (or (not (>= x!4 65.0))                     (<= (+ (* 1.1363636363? x!0) (* (- 1.1363636363?) x!5))                         157.4888303573?)))           (a!28 (or (not (>= x!4 66.0))                     (<= (+ (* 1.1363636363? x!0) (* (- 1.1363636363?) x!5))                         138.5901707144?)))           (a!29 (or (not (>= x!4 67.0))                     (<= (+ (* 1.1363636363? x!0) (* (- 1.1363636363?) x!5))                         121.9593502287?)))           (a!30 (or (not (>= x!4 68.0))                     (<= (+ (* 1.1363636363? x!0) (* (- 1.1363636363?) x!5))                         107.3242282012?)))           (a!31 (or (not (>= x!4 69.0))                     (<= (+ (* 1.1363636363? x!0) (* (- 1.1363636363?) x!5))                         94.4453208171?)))           (a!32 (or (not (>= x!4 70.0))                     (<= (+ (* 1.1363636363? x!0) (* (- 1.1363636363?) x!5))                         83.1118823190?)))           (a!33 (or (not (>= x!4 71.0))                     (<= (+ (* 0.0077685781? x!0) (* (- 0.0077685781?) x!5)) 0.5)))           (a!34 (or (<= (+ (* 1.1363636363? x!0) (* (- 1.1363636363?) x!5))                         64.3618416678?)                     (not (>= x!4 72.0))))           (a!35 (or (<= (+ (* 1.1363636363? x!0) (* (- 1.1363636363?) x!5))                         56.6384206677?)                     (not (>= x!4 73.0))))           (a!36 (or (not (>= x!4 74.0))                     (<= (+ (* 0.0113997027? x!0) (* (- 0.0113997027?) x!5)) 0.5)))           (a!37 (or (not (>= x!4 75.0))                     (<= (+ (* 1.1363636363? x!0) (* (- 1.1363636363?) x!5))                         43.8607929651?)))           (a!38 (or (not (>= x!4 76.0))                     (<= (+ (* 1.1363636363? x!0) (* (- 1.1363636363?) x!5))                         38.5974978092?)))           (a!39 (or (not (>= x!4 77.0))                     (<= (+ (* 0.0167280573? x!0) (* (- 0.0167280573?) x!5)) 0.5)))           (a!40 (or (not (>= x!4 78.0))                     (<= (+ (* 0.0190091560? x!0) (* (- 0.0190091560?) x!5)) 0.5)))           (a!41 (or (not (>= x!4 79.0))                     (<= (+ (* 1.1363636363? x!0) (* (- 1.1363636363?) x!5))                         26.3031140270?)))           (a!42 (or (<= (+ (* 1.1363636363? x!0) (* (- 1.1363636363?) x!5))                         23.1467403438?)                     (not (>= x!4 80.0))))           (a!43 (or (not (>= x!4 81.0))                     (<= (+ (* 0.0278942584? x!0) (* (- 0.0278942584?) x!5)) 0.5)))           (a!44 (or (not (>= x!4 83.0))                     (<= (+ (* 1.1363636363? x!0) (* (- 1.1363636363?) x!5))                         15.7738554355?)))           (a!45 (or (not (>= x!4 82.0))                     (<= (+ (* 0.0316980209? x!0) (* (- 0.0316980209?) x!5)) 0.5)))           (a!46 (or (<= (+ (* 1.1363636363? x!0) (* (- 1.1363636363?) x!5))                         13.8809927833?)                     (not (>= x!4 84.0))))           (a!47 (or (not (>= x!4 85.0))                     (<= (+ (* 0.0465140474? x!0) (* (- 0.0465140474?) x!5)) 0.5)))           (a!48 (or (<= (+ (* 1.1363636363? x!0) (* (- 1.1363636363?) x!5))                         9.4595079140?)                     (not (>= x!4 87.0))))           (a!49 (or (not (>= x!4 86.0))                     (<= (+ (* 0.0528568721? x!0) (* (- 0.0528568721?) x!5)) 0.5)))           (a!50 (or (<= (+ (* 1.1363636363? x!0) (* (- 1.1363636363?) x!5))                         8.3243669643?)                     (not (>= x!4 88.0))))           (a!51 (or (not (>= x!4 89.0))                     (<= (+ (* 0.0775627936? x!0) (* (- 0.0775627936?) x!5)) 0.5)))           (a!52 (or (<= (+ (* 1.1363636363? x!0) (* (- 1.1363636363?) x!5))                         5.6728230039?)                     (not (>= x!4 91.0))))           (a!53 (or (not (>= x!4 90.0))                     (<= (+ (* 0.0881395382? x!0) (* (- 0.0881395382?) x!5)) 0.5)))           (a!54 (or (<= (+ (* 1.1363636363? x!0) (* (- 1.1363636363?) x!5))                         4.9920842434?)                     (not (>= x!4 92.0))))           (a!55 (or (not (>= x!4 93.0))                     (<= (+ (* 0.1293369914? x!0) (* (- 0.1293369914?) x!5)) 0.5)))           (a!56 (or (<= (+ (* 1.1363636363? x!0) (* (- 1.1363636363?) x!5))                         3.4019656335?)                     (not (>= x!4 95.0))))           (a!57 (or (not (>= x!4 94.0))                     (<= (+ (* 0.1469738539? x!0) (* (- 0.1469738539?) x!5)) 0.5)))           (a!58 (or (<= (+ (* 1.1363636363? x!0) (* (- 1.1363636363?) x!5))                         2.9937297575?)                     (not (>= x!4 96.0))))           (a!59 (or (not (>= x!4 97.0))                     (<= (+ (* 0.2156711558? x!0) (* (- 0.2156711558?) x!5)) 0.5)))           (a!60 (or (<= (+ (* 1.1363636363? x!0) (* (- 1.1363636363?) x!5))                         2.0401430053?)                     (not (>= x!4 99.0))))           (a!61 (or (not (>= x!4 98.0))                     (<= (+ (* 0.2450808588? x!0) (* (- 0.2450808588?) x!5)) 0.5)))           (a!62 (or (<= (+ (* 1.1363636363? x!0) (* (- 1.1363636363?) x!5))                         1.7953258446?)                     (not (>= x!4 100.0))))           (a!63 (or (not (>= x!4 101.0))                     (<= (+ (* 0.3596345248? x!0) (* (- 0.3596345248?) x!5)) 0.5)))           (a!64 (or (<= (+ (* 1.1363636363? x!0) (* (- 1.1363636363?) x!5))                         1.2234642940?)                     (not (>= x!4 103.0))))           (a!65 (or (not (>= x!4 102.0))                     (<= (+ (* 0.4086755963? x!0) (* (- 0.4086755963?) x!5)) 0.5)))           (a!66 (or (<= (+ (* 1.1363636363? x!0) (* (- 1.1363636363?) x!5))                         1.0766485787?)                     (not (>= x!4 104.0))))           (a!67 (or (not (>= x!4 105.0))                     (<= (+ (* 0.59969536 x!0) (* (- 0.59969536) x!5)) 0.5)))           (a!68 (or (not (>= x!4 106.0))                     (<= (+ (* 0.681472 x!0) (* (- 0.681472) x!5)) 0.5)))           (a!69 (or (<= (+ (* 1.1363636363? x!0) (* (- 1.1363636363?) x!5))                         0.7337058602?)                     (not (>= x!4 107.0))))           (a!70 (or (<= (+ (* 1.1363636363? x!0) (* (- 1.1363636363?) x!5))                         0.6456611570?)                     (not (>= x!4 108.0)))))       (and (>= (+ (* 0.88 x!0) (* (- 0.88) x!5)) (- 0.88))            (<= (+ x!0 (* (- 1.0) x!5)) 4000.0)            a!1            a!2            a!3            a!4            a!5            a!6            a!7            a!8            a!9            a!10            a!11            a!12            a!13            a!14            a!15            a!16            a!17            a!18            a!19            a!20            a!21            a!22            a!23            a!24            a!25            a!26            a!27            a!28            a!29            a!30            a!31            a!32            a!33            a!34            a!35            a!36            a!37            a!38            a!39            a!40            a!41            a!42            a!43            a!44            a!45            a!46            a!47            a!48            a!49            a!50            a!51            a!52            a!53            a!54            a!55            a!56            a!57            a!58            a!59            a!60            a!61            a!62            a!63            a!64            a!65            a!66            a!67            a!68            a!69            a!70))) ),14.8068
p_2000.00_4000.00_0.00_2000.00_0.1200_110.00_0.50_1.00.smt2,2000.00,4000.00,0.00,2000.00,0.1200,110.00,0.50,1.00,Golem,sat,3.3325
p_2000.00_4000.00_0.00_2000.00_0.1200_110.00_1.00_0.50.smt2,2000.00,4000.00,0.00,2000.00,0.1200,110.00,1.00,0.50,Spacer,sat (   (define-fun Inv ((x!0 Real)    (x!1 Real)    (x!2 Real)    (x!3 Real)    (x!4 Real)    (x!5 Real)) Bool     (let ((a!1 (or (<= x!4 0.0)                    (<= (+ (* 0.0002798279? x!0) (* (- 0.0002798279?) x!5))                        0.9849942178?)))           (a!2 (or (<= x!4 1.0)                    (<= (+ (* 0.0003179862? x!0) (* (- 0.0003179862?) x!5)) 1.0)))           (a!3 (or (not (>= x!4 47.0))                    (<= (+ (* 0.0003613480? x!0) (* (- 0.0003613480?) x!5)) 1.0)))           (a!4 (or (<= (+ (* 1.1363636363? x!0) (* (- 1.1363636363?) x!5))                        2767.4152300890?)                    (not (>= x!4 48.0))))           (a!5 (or (<= (+ (* 1.1363636363? x!0) (* (- 1.1363636363?) x!5))                        2435.3254024783?)                    (not (>= x!4 49.0))))           (a!6 (or (not (>= x!4 50.0))                    (<= (+ (* 0.0005302463? x!0) (* (- 0.0005302463?) x!5)) 1.0)))           (a!7 (or (not (>= x!4 52.0))                    (<= (+ (* 1.1363636363? x!0) (* (- 1.1363636363?) x!5))                        1659.6060726777?)))           (a!8 (or (not (>= x!4 51.0))                    (<= (+ (* 0.0006025526? x!0) (* (- 0.0006025526?) x!5)) 1.0)))           (a!9 (or (<= (+ (* 1.1363636363? x!0) (* (- 1.1363636363?) x!5))                        1460.4533439563?)                    (not (>= x!4 53.0))))           (a!10 (or (not (>= x!4 54.0))                     (<= (+ (* 0.0008841927? x!0) (* (- 0.0008841927?) x!5)) 1.0)))           (a!11 (or (not (>= x!4 55.0))                     (<= (+ (* 1.1363636363? x!0) (* (- 1.1363636363?) x!5))                         1130.9750695598?)))           (a!12 (or (not (>= x!4 56.0))                     (<= (+ (* 1.1363636363? x!0) (* (- 1.1363636363?) x!5))                         995.2580612126?)))           (a!13 (or (not (>= x!4 57.0))                     (<= (+ (* 1.1363636363? x!0) (* (- 1.1363636363?) x!5))                         875.8270938671?)))           (a!14 (or (not (>= x!4 58.0))                     (<= (+ (* 1.1363636363? x!0) (* (- 1.1363636363?) x!5))                         770.7278426030?)))           (a!15 (or (not (>= x!4 59.0))                     (<= (+ (* 0.0016754582? x!0) (* (- 0.0016754582?) x!5)) 1.0)))           (a!16 (or (not (>= x!4 60.0))                     (<= (+ (* 0.0019039298? x!0) (* (- 0.0019039298?) x!5)) 1.0)))           (a!17 (or (not (>= x!4 61.0))                     (<= (+ (* 1.1363636363? x!0) (* (- 1.1363636363?) x!5))                         525.2294443544?)))           (a!18 (or (not (>= x!4 62.0))                     (<= (+ (* 0.0024585870? x!0) (* (- 0.0024585870?) x!5)) 1.0)))           (a!19 (or (<= (+ (* 1.1363636363? x!0) (* (- 1.1363636363?) x!5))                         406.7376817080?)                     (not (>= x!4 63.0))))           (a!20 (or (<= (+ (* 1.1363636363? x!0) (* (- 1.1363636363?) x!5))                         357.9291599030?)                     (not (>= x!4 64.0))))           (a!21 (or (<= (+ (* 1.1363636363? x!0) (* (- 1.1363636363?) x!5))                         314.9776607147?)                     (not (>= x!4 65.0))))           (a!22 (or (not (>= x!4 66.0))                     (<= (+ (* 0.0040997266? x!0) (* (- 0.0040997266?) x!5)) 1.0)))           (a!23 (or (not (>= x!4 67.0))                     (<= (+ (* 1.1363636363? x!0) (* (- 1.1363636363?) x!5))                         243.9187004574?)))           (a!24 (or (not (>= x!4 68.0))                     (<= (+ (* 1.1363636363? x!0) (* (- 1.1363636363?) x!5))                         214.6484564025?)))           (a!25 (or (not (>= x!4 69.0))                     (<= (+ (* 0.0060159869? x!0) (* (- 0.0060159869?) x!5)) 1.0)))           (a!26 (or (<= (+ (* 1.1363636363? x!0) (* (- 1.1363636363?) x!5))                         166.2237646381?)                     (not (>= x!4 70.0))))           (a!27 (or (<= (+ (* 1.1363636363? x!0) (* (- 1.1363636363?) x!5))                         146.2769128815?)                     (not (>= x!4 71.0))))           (a!28 (or (<= (+ (* 1.1363636363? x!0) (* (- 1.1363636363?) x!5))                         128.7236833357?)                     (not (>= x!4 72.0))))           (a!29 (or (<= (+ (* 1.1363636363? x!0) (* (- 1.1363636363?) x!5))                         113.2768413354?)                     (not (>= x!4 73.0))))           (a!30 (or (<= (+ (* 1.1363636363? x!0) (* (- 1.1363636363?) x!5))                         99.6836203752?)                     (not (>= x!4 74.0))))           (a!31 (or (<= (+ (* 1.1363636363? x!0) (* (- 1.1363636363?) x!5))                         87.7215859302?)                     (not (>= x!4 75.0))))           (a!32 (or (<= (+ (* 1.1363636363? x!0) (* (- 1.1363636363?) x!5))                         77.1949956185?)                     (not (>= x!4 76.0))))           (a!33 (or (<= (+ (* 1.1363636363? x!0) (* (- 1.1363636363?) x!5))                         67.9315961443?)                     (not (>= x!4 77.0))))           (a!34 (or (<= (+ (* 1.1363636363? x!0) (* (- 1.1363636363?) x!5))                         59.7798046070?)                     (not (>= x!4 78.0))))           (a!35 (or (<= (+ (* 1.1363636363? x!0) (* (- 1.1363636363?) x!5))                         46.2934806876?)                     (not (>= x!4 80.0))))           (a!36 (or (not (>= x!4 79.0))                     (<= (+ (* 0.0216013137? x!0) (* (- 0.0216013137?) x!5)) 1.0)))           (a!37 (or (not (>= x!4 81.0))                     (<= (+ (* 0.0278942584? x!0) (* (- 0.0278942584?) x!5)) 1.0)))           (a!38 (or (<= (+ (* 1.1363636363? x!0) (* (- 1.1363636363?) x!5))                         35.8496714445?)                     (not (>= x!4 82.0))))           (a!39 (or (<= (+ (* 1.1363636363? x!0) (* (- 1.1363636363?) x!5))                         31.5477108711?)                     (not (>= x!4 83.0))))           (a!40 (or (<= (+ (* 1.1363636363? x!0) (* (- 1.1363636363?) x!5))                         27.7619855666?)                     (not (>= x!4 84.0))))           (a!41 (or (<= (+ (* 1.1363636363? x!0) (* (- 1.1363636363?) x!5))                         24.4305472986?)                     (not (>= x!4 85.0))))           (a!42 (or (<= (+ (* 1.1363636363? x!0) (* (- 1.1363636363?) x!5))                         21.4988816228?)                     (not (>= x!4 86.0))))           (a!43 (or (<= (+ (* 1.1363636363? x!0) (* (- 1.1363636363?) x!5))                         18.9190158280?)                     (not (>= x!4 87.0))))           (a!44 (or (<= (+ (* 1.1363636363? x!0) (* (- 1.1363636363?) x!5))                         16.6487339287?)                     (not (>= x!4 88.0))))           (a!45 (or (<= (+ (* 1.1363636363? x!0) (* (- 1.1363636363?) x!5))                         14.6508858572?)                     (not (>= x!4 89.0))))           (a!46 (or (<= (+ (* 1.1363636363? x!0) (* (- 1.1363636363?) x!5))                         11.3456460078?)                     (not (>= x!4 91.0))))           (a!47 (or (<= (+ (* 1.1363636363? x!0) (* (- 1.1363636363?) x!5))                         12.8927795543?)                     (not (>= x!4 90.0))))           (a!48 (or (<= (+ (* 1.1363636363? x!0) (* (- 1.1363636363?) x!5))                         9.9841684869?)                     (not (>= x!4 92.0))))           (a!49 (or (<= (+ (* 1.1363636363? x!0) (* (- 1.1363636363?) x!5))                         8.7860682684?)                     (not (>= x!4 93.0))))           (a!50 (or (<= (+ (* 1.1363636363? x!0) (* (- 1.1363636363?) x!5))                         7.7317400762?)                     (not (>= x!4 94.0))))           (a!51 (or (<= (+ (* 1.1363636363? x!0) (* (- 1.1363636363?) x!5))                         6.8039312671?)                     (not (>= x!4 95.0))))           (a!52 (or (<= (+ (* 1.1363636363? x!0) (* (- 1.1363636363?) x!5))                         5.9874595150?)                     (not (>= x!4 96.0))))           (a!53 (or (<= (+ (* 1.1363636363? x!0) (* (- 1.1363636363?) x!5))                         5.2689643732?)                     (not (>= x!4 97.0))))           (a!54 (or (<= (+ (* 1.1363636363? x!0) (* (- 1.1363636363?) x!5))                         4.0802860106?)                     (not (>= x!4 99.0))))           (a!55 (or (<= (+ (* 1.1363636363? x!0) (* (- 1.1363636363?) x!5))                         4.6366886484?)                     (not (>= x!4 98.0))))           (a!56 (or (<= (+ (* 1.1363636363? x!0) (* (- 1.1363636363?) x!5))                         3.5906516893?)                     (not (>= x!4 100.0))))           (a!57 (or (<= (+ (* 1.1363636363? x!0) (* (- 1.1363636363?) x!5))                         3.1597734866?)                     (not (>= x!4 101.0))))           (a!58 (or (<= (+ (* 1.1363636363? x!0) (* (- 1.1363636363?) x!5))                         2.7806006682?)                     (not (>= x!4 102.0))))           (a!59 (or (<= (+ (* 1.1363636363? x!0) (* (- 1.1363636363?) x!5))                         2.4469285880?)                     (not (>= x!4 103.0))))           (a!60 (or (<= (+ (* 1.1363636363? x!0) (* (- 1.1363636363?) x!5))                         2.1532971574?)                     (not (>= x!4 104.0))))           (a!61 (or (<= (+ (* 1.1363636363? x!0) (* (- 1.1363636363?) x!5))                         1.8949014985?)                     (not (>= x!4 105.0))))           (a!62 (or (<= (+ (* 1.1363636363? x!0) (* (- 1.1363636363?) x!5))                         1.6675133187?)                     (not (>= x!4 106.0))))           (a!63 (or (<= (+ (* 1.1363636363? x!0) (* (- 1.1363636363?) x!5))                         1.4674117205?)                     (not (>= x!4 107.0))))           (a!64 (or (<= (+ (* 1.1363636363? x!0) (* (- 1.1363636363?) x!5))                         1.2913223140?)                     (not (>= x!4 108.0)))))       (and (>= (+ (* 0.88 x!0) (* (- 0.88) x!5)) (- 0.44))            (<= (+ x!0 (* (- 1.0) x!5)) 4000.0)            a!1            a!2            a!3            a!4            a!5            a!6            a!7            a!8            a!9            a!10            a!11            a!12            a!13            a!14            a!15            a!16            a!17            a!18            a!19            a!20            a!21            a!22            a!23            a!24            a!25            a!26            a!27            a!28            a!29            a!30            a!31            a!32            a!33            a!34            a!35            a!36            a!37            a!38            a!39            a!40            a!41            a!42            a!43            a!44            a!45            a!46            a!47            a!48            a!49            a!50            a!51            a!52            a!53            a!54            a!55            a!56            a!57            a!58            a!59            a!60            a!61            a!62            a!63            a!64))) ),13.2936
p_2000.00_4000.00_0.00_2000.00_0.1200_110.00_1.00_0.50.smt2,2000.00,4000.00,0.00,2000.00,0.1200,110.00,1.00,0.50,Golem,sat,3.3142
p_2000.00_4000.00_0.00_2000.00_0.1200_110.00_1.00_1.00.smt2,2000.00,4000.00,0.00,2000.00,0.1200,110.00,1.00,1.00,Spacer,sat (   (define-fun Inv ((x!0 Real)    (x!1 Real)    (x!2 Real)    (x!3 Real)    (x!4 Real)    (x!5 Real)) Bool     (let ((a!1 (or (<= x!4 0.0)                    (<= (+ (* 0.0002798279? x!0) (* (- 0.0002798279?) x!5))                        0.9849942178?)))           (a!2 (or (<= x!4 1.0)                    (<= (+ (* 0.0003179862? x!0) (* (- 0.0003179862?) x!5)) 1.0)))           (a!3 (or (not (>= x!4 47.0))                    (<= (+ (* 0.0003613480? x!0) (* (- 0.0003613480?) x!5)) 1.0)))           (a!4 (or (<= (+ (* 1.1363636363? x!0) (* (- 1.1363636363?) x!5))                        2767.4152300890?)                    (not (>= x!4 48.0))))           (a!5 (or (<= (+ (* 1.1363636363? x!0) (* (- 1.1363636363?) x!5))                        2435.3254024783?)                    (not (>= x!4 49.0))))           (a!6 (or (not (>= x!4 50.0))                    (<= (+ (* 0.0005302463? x!0) (* (- 0.0005302463?) x!5)) 1.0)))           (a!7 (or (not (>= x!4 52.0))                    (<= (+ (* 1.1363636363? x!0) (* (- 1.1363636363?) x!5))                        1659.6060726777?)))           (a!8 (or (not (>= x!4 51.0))                    (<= (+ (* 0.0006025526? x!0) (* (- 0.0006025526?) x!5)) 1.0)))           (a!9 (or (<= (+ (* 1.1363636363? x!0) (* (- 1.1363636363?) x!5))                        1460.4533439563?)                    (not (>= x!4 53.0))))           (a!10 (or (not (>= x!4 54.0))                     (<= (+ (* 0.0008841927? x!0) (* (- 0.0008841927?) x!5)) 1.0)))           (a!11 (or (not (>= x!4 55.0))                     (<= (+ (* 1.1363636363? x!0) (* (- 1.1363636363?) x!5))                         1130.9750695598?)))           (a!12 (or (not (>= x!4 56.0))                     (<= (+ (* 1.1363636363? x!0) (* (- 1.1363636363?) x!5))                         995.2580612126?)))           (a!13 (or (not (>= x!4 57.0))                     (<= (+ (* 1.1363636363? x!0) (* (- 1.1363636363?) x!5))                         875.8270938671?)))           (a!14 (or (not (>= x!4 58.0))                     (<= (+ (* 1.1363636363? x!0) (* (- 1.1363636363?) x!5))                         770.7278426030?)))           (a!15 (or (not (>= x!4 59.0))                     (<= (+ (* 0.0016754582? x!0) (* (- 0.0016754582?) x!5)) 1.0)))           (a!16 (or (not (>= x!4 60.0))                     (<= (+ (* 0.0019039298? x!0) (* (- 0.0019039298?) x!5)) 1.0)))           (a!17 (or (not (>= x!4 61.0))                     (<= (+ (* 1.1363636363? x!0) (* (- 1.1363636363?) x!5))                         525.2294443544?)))           (a!18 (or (not (>= x!4 62.0))                     (<= (+ (* 0.0024585870? x!0) (* (- 0.0024585870?) x!5)) 1.0)))           (a!19 (or (<= (+ (* 1.1363636363? x!0) (* (- 1.1363636363?) x!5))                         406.7376817080?)                     (not (>= x!4 63.0))))           (a!20 (or (<= (+ (* 1.1363636363? x!0) (* (- 1.1363636363?) x!5))                         357.9291599030?)                     (not (>= x!4 64.0))))           (a!21 (or (<= (+ (* 1.1363636363? x!0) (* (- 1.1363636363?) x!5))                         314.9776607147?)                     (not (>= x!4 65.0))))           (a!22 (or (not (>= x!4 66.0))                     (<= (+ (* 0.0040997266? x!0) (* (- 0.0040997266?) x!5)) 1.0)))           (a!23 (or (not (>= x!4 67.0))                     (<= (+ (* 1.1363636363? x!0) (* (- 1.1363636363?) x!5))                         243.9187004574?)))           (a!24 (or (not (>= x!4 68.0))                     (<= (+ (* 1.1363636363? x!0) (* (- 1.1363636363?) x!5))                         214.6484564025?)))           (a!25 (or (not (>= x!4 69.0))                     (<= (+ (* 0.0060159869? x!0) (* (- 0.0060159869?) x!5)) 1.0)))           (a!26 (or (<= (+ (* 1.1363636363? x!0) (* (- 1.1363636363?) x!5))                         166.2237646381?)                     (not (>= x!4 70.0))))           (a!27 (or (<= (+ (* 1.1363636363? x!0) (* (- 1.1363636363?) x!5))                         146.2769128815?)                     (not (>= x!4 71.0))))           (a!28 (or (<= (+ (* 1.1363636363? x!0) (* (- 1.1363636363?) x!5))                         128.7236833357?)                     (not (>= x!4 72.0))))           (a!29 (or (<= (+ (* 1.1363636363? x!0) (* (- 1.1363636363?) x!5))                         113.2768413354?)                     (not (>= x!4 73.0))))           (a!30 (or (<= (+ (* 1.1363636363? x!0) (* (- 1.1363636363?) x!5))                         99.6836203752?)                     (not (>= x!4 74.0))))           (a!31 (or (<= (+ (* 1.1363636363? x!0) (* (- 1.1363636363?) x!5))                         87.7215859302?)                     (not (>= x!4 75.0))))           (a!32 (or (<= (+ (* 1.1363636363? x!0) (* (- 1.1363636363?) x!5))                         77.1949956185?)                     (not (>= x!4 76.0))))           (a!33 (or (<= (+ (* 1.1363636363? x!0) (* (- 1.1363636363?) x!5))                         67.9315961443?)                     (not (>= x!4 77.0))))           (a!34 (or (<= (+ (* 1.1363636363? x!0) (* (- 1.1363636363?) x!5))                         59.7798046070?)                     (not (>= x!4 78.0))))           (a!35 (or (<= (+ (* 1.1363636363? x!0) (* (- 1.1363636363?) x!5))                         46.2934806876?)                     (not (>= x!4 80.0))))           (a!36 (or (not (>= x!4 79.0))                     (<= (+ (* 0.0216013137? x!0) (* (- 0.0216013137?) x!5)) 1.0)))           (a!37 (or (not (>= x!4 81.0))                     (<= (+ (* 0.0278942584? x!0) (* (- 0.0278942584?) x!5)) 1.0)))           (a!38 (or (<= (+ (* 1.1363636363? x!0) (* (- 1.1363636363?) x!5))                         35.8496714445?)                     (not (>= x!4 82.0))))           (a!39 (or (<= (+ (* 1.1363636363? x!0) (* (- 1.1363636363?) x!5))                         31.5477108711?)                     (not (>= x!4 83.0))))           (a!40 (or (<= (+ (* 1.1363636363? x!0) (* (- 1.1363636363?) x!5))                         27.7619855666?)                     (not (>= x!4 84.0))))           (a!41 (or (<= (+ (* 1.1363636363? x!0) (* (- 1.1363636363?) x!5))                         24.4305472986?)                     (not (>= x!4 85.0))))           (a!42 (or (<= (+ (* 1.1363636363? x!0) (* (- 1.1363636363?) x!5))                         21.4988816228?)                     (not (>= x!4 86.0))))           (a!43 (or (<= (+ (* 1.1363636363? x!0) (* (- 1.1363636363?) x!5))                         18.9190158280?)                     (not (>= x!4 87.0))))           (a!44 (or (<= (+ (* 1.1363636363? x!0) (* (- 1.1363636363?) x!5))                         16.6487339287?)                     (not (>= x!4 88.0))))           (a!45 (or (<= (+ (* 1.1363636363? x!0) (* (- 1.1363636363?) x!5))                         14.6508858572?)                     (not (>= x!4 89.0))))           (a!46 (or (<= (+ (* 1.1363636363? x!0) (* (- 1.1363636363?) x!5))                         11.3456460078?)                     (not (>= x!4 91.0))))           (a!47 (or (<= (+ (* 1.1363636363? x!0) (* (- 1.1363636363?) x!5))                         12.8927795543?)                     (not (>= x!4 90.0))))           (a!48 (or (<= (+ (* 1.1363636363? x!0) (* (- 1.1363636363?) x!5))                         9.9841684869?)                     (not (>= x!4 92.0))))           (a!49 (or (<= (+ (* 1.1363636363? x!0) (* (- 1.1363636363?) x!5))                         8.7860682684?)                     (not (>= x!4 93.0))))           (a!50 (or (<= (+ (* 1.1363636363? x!0) (* (- 1.1363636363?) x!5))                         7.7317400762?)                     (not (>= x!4 94.0))))           (a!51 (or (<= (+ (* 1.1363636363? x!0) (* (- 1.1363636363?) x!5))                         6.8039312671?)                     (not (>= x!4 95.0))))           (a!52 (or (<= (+ (* 1.1363636363? x!0) (* (- 1.1363636363?) x!5))                         5.9874595150?)                     (not (>= x!4 96.0))))           (a!53 (or (<= (+ (* 1.1363636363? x!0) (* (- 1.1363636363?) x!5))                         5.2689643732?)                     (not (>= x!4 97.0))))           (a!54 (or (<= (+ (* 1.1363636363? x!0) (* (- 1.1363636363?) x!5))                         4.0802860106?)                     (not (>= x!4 99.0))))           (a!55 (or (<= (+ (* 1.1363636363? x!0) (* (- 1.1363636363?) x!5))                         4.6366886484?)                     (not (>= x!4 98.0))))           (a!56 (or (<= (+ (* 1.1363636363? x!0) (* (- 1.1363636363?) x!5))                         3.5906516893?)                     (not (>= x!4 100.0))))           (a!57 (or (<= (+ (* 1.1363636363? x!0) (* (- 1.1363636363?) x!5))                         3.1597734866?)                     (not (>= x!4 101.0))))           (a!58 (or (<= (+ (* 1.1363636363? x!0) (* (- 1.1363636363?) x!5))                         2.7806006682?)                     (not (>= x!4 102.0))))           (a!59 (or (<= (+ (* 1.1363636363? x!0) (* (- 1.1363636363?) x!5))                         2.4469285880?)                     (not (>= x!4 103.0))))           (a!60 (or (<= (+ (* 1.1363636363? x!0) (* (- 1.1363636363?) x!5))                         2.1532971574?)                     (not (>= x!4 104.0))))           (a!61 (or (<= (+ (* 1.1363636363? x!0) (* (- 1.1363636363?) x!5))                         1.8949014985?)                     (not (>= x!4 105.0))))           (a!62 (or (<= (+ (* 1.1363636363? x!0) (* (- 1.1363636363?) x!5))                         1.6675133187?)                     (not (>= x!4 106.0))))           (a!63 (or (<= (+ (* 1.1363636363? x!0) (* (- 1.1363636363?) x!5))                         1.4674117205?)                     (not (>= x!4 107.0))))           (a!64 (or (<= (+ (* 1.1363636363? x!0) (* (- 1.1363636363?) x!5))                         1.2913223140?)                     (not (>= x!4 108.0)))))       (and (>= (+ (* 0.88 x!0) (* (- 0.88) x!5)) (- 0.88))            (<= (+ x!0 (* (- 1.0) x!5)) 4000.0)            a!1            a!2            a!3            a!4            a!5            a!6            a!7            a!8            a!9            a!10            a!11            a!12            a!13            a!14            a!15            a!16            a!17            a!18            a!19            a!20            a!21            a!22            a!23            a!24            a!25            a!26            a!27            a!28            a!29            a!30            a!31            a!32            a!33            a!34            a!35            a!36            a!37            a!38            a!39            a!40            a!41            a!42            a!43            a!44            a!45            a!46            a!47            a!48            a!49            a!50            a!51            a!52            a!53            a!54            a!55            a!56            a!57            a!58            a!59            a!60            a!61            a!62            a!63            a!64))) ),14.0576
p_2000.00_4000.00_0.00_2000.00_0.1200_110.00_1.00_1.00.smt2,2000.00,4000.00,0.00,2000.00,0.1200,110.00,1.00,1.00,Golem,sat,3.2695
p_2000.00_4000.00_0.00_2000.00_0.1200_2582.50_0.50_0.50.smt2,2000.00,4000.00,0.00,2000.00,0.1200,2582.50,0.50,0.50,Spacer,TIMEOUT,300.1492
p_2000.00_4000.00_0.00_2000.00_0.1200_2582.50_0.50_0.50.smt2,2000.00,4000.00,0.00,2000.00,0.1200,2582.50,0.50,0.50,Golem,TIMEOUT,300.1035
p_2000.00_4000.00_0.00_2000.00_0.1200_2582.50_0.50_1.00.smt2,2000.00,4000.00,0.00,2000.00,0.1200,2582.50,0.50,1.00,Spacer,TIMEOUT,301.0694
p_2000.00_4000.00_0.00_2000.00_0.1200_2582.50_0.50_1.00.smt2,2000.00,4000.00,0.00,2000.00,0.1200,2582.50,0.50,1.00,Golem,TIMEOUT,305.5585
p_2000.00_4000.00_0.00_2000.00_0.1200_2582.50_1.00_0.50.smt2,2000.00,4000.00,0.00,2000.00,0.1200,2582.50,1.00,0.50,Spacer,TIMEOUT,304.9057
p_2000.00_4000.00_0.00_2000.00_0.1200_2582.50_1.00_0.50.smt2,2000.00,4000.00,0.00,2000.00,0.1200,2582.50,1.00,0.50,Golem,TIMEOUT,305.8334
p_2000.00_4000.00_0.00_2000.00_0.1200_2582.50_1.00_1.00.smt2,2000.00,4000.00,0.00,2000.00,0.1200,2582.50,1.00,1.00,Spacer,TIMEOUT,306.7140
p_2000.00_4000.00_0.00_2000.00_0.1200_2582.50_1.00_1.00.smt2,2000.00,4000.00,0.00,2000.00,0.1200,2582.50,1.00,1.00,Golem,TIMEOUT,307.3483
p_2000.00_4000.00_0.00_2000.00_0.1200_5055.00_0.50_0.50.smt2,2000.00,4000.00,0.00,2000.00,0.1200,5055.00,0.50,0.50,Spacer,TIMEOUT,308.1959
p_2000.00_4000.00_0.00_2000.00_0.1200_5055.00_0.50_0.50.smt2,2000.00,4000.00,0.00,2000.00,0.1200,5055.00,0.50,0.50,Golem,TIMEOUT,308.7090
p_2000.00_4000.00_0.00_2000.00_0.1200_5055.00_0.50_1.00.smt2,2000.00,4000.00,0.00,2000.00,0.1200,5055.00,0.50,1.00,Spacer,TIMEOUT,308.0439
p_2000.00_4000.00_0.00_2000.00_0.1200_5055.00_0.50_1.00.smt2,2000.00,4000.00,0.00,2000.00,0.1200,5055.00,0.50,1.00,Golem,TIMEOUT,308.2400
p_2000.00_4000.00_0.00_2000.00_0.1200_5055.00_1.00_0.50.smt2,2000.00,4000.00,0.00,2000.00,0.1200,5055.00,1.00,0.50,Spacer,TIMEOUT,310.0795
p_2000.00_4000.00_0.00_2000.00_0.1200_5055.00_1.00_0.50.smt2,2000.00,4000.00,0.00,2000.00,0.1200,5055.00,1.00,0.50,Golem,TIMEOUT,308.9035
p_2000.00_4000.00_0.00_2000.00_0.1200_5055.00_1.00_1.00.smt2,2000.00,4000.00,0.00,2000.00,0.1200,5055.00,1.00,1.00,Spacer,TIMEOUT,309.1115
p_2000.00_4000.00_0.00_2000.00_0.1200_5055.00_1.00_1.00.smt2,2000.00,4000.00,0.00,2000.00,0.1200,5055.00,1.00,1.00,Golem,TIMEOUT,310.2812
p_2000.00_4000.00_0.00_2000.00_0.1200_7527.50_0.50_0.50.smt2,2000.00,4000.00,0.00,2000.00,0.1200,7527.50,0.50,0.50,Spacer,TIMEOUT,309.7468
p_2000.00_4000.00_0.00_2000.00_0.1200_7527.50_0.50_0.50.smt2,2000.00,4000.00,0.00,2000.00,0.1200,7527.50,0.50,0.50,Golem,TIMEOUT,309.7722
p_2000.00_4000.00_0.00_2000.00_0.1200_7527.50_0.50_1.00.smt2,2000.00,4000.00,0.00,2000.00,0.1200,7527.50,0.50,1.00,Spacer,TIMEOUT,310.7236
p_2000.00_4000.00_0.00_2000.00_0.1200_7527.50_0.50_1.00.smt2,2000.00,4000.00,0.00,2000.00,0.1200,7527.50,0.50,1.00,Golem,TIMEOUT,309.9676
p_2000.00_4000.00_0.00_2000.00_0.1200_7527.50_1.00_0.50.smt2,2000.00,4000.00,0.00,2000.00,0.1200,7527.50,1.00,0.50,Spacer,TIMEOUT,310.6747
p_2000.00_4000.00_0.00_2000.00_0.1200_7527.50_1.00_0.50.smt2,2000.00,4000.00,0.00,2000.00,0.1200,7527.50,1.00,0.50,Golem,TIMEOUT,310.1385
p_2000.00_4000.00_0.00_2000.00_0.1200_7527.50_1.00_1.00.smt2,2000.00,4000.00,0.00,2000.00,0.1200,7527.50,1.00,1.00,Spacer,TIMEOUT,311.4791
p_2000.00_4000.00_0.00_2000.00_0.1200_7527.50_1.00_1.00.smt2,2000.00,4000.00,0.00,2000.00,0.1200,7527.50,1.00,1.00,Golem,TIMEOUT,310.5094
