Filename,Param_1,Param_2,Param_3,Param_4,Param_5,Param_6,Param_7,Param_8,Tool,Result,Time_Seconds
p_0.00_2000.00_0.00_2000.00_0.0800_10000.00_0.50_0.50.smt2,0.00,2000.00,0.00,2000.00,0.0800,10000.00,0.50,0.50,Phaserr,"Success! {""attempt_count"":{""first_derivative_mean"":0.0,""first_derivative_median"":0.0,""first_derivative_samples"":197,""mean"":0.0,""median"":0.0,""samples"":198,""second_derivative_mean"":0.0,""second_derivative_median"":0.0,""second_derivative_samples"":196},""synth_time_seconds"":{""first_derivative_mean"":0.0014487564416243654,""first_derivative_median"":0.00016468300000000054,""first_derivative_samples"":197,""mean"":0.07554861386363639,""median"":0.0542347795,""samples"":198,""second_derivative_mean"":0.0006248055459183675,""second_derivative_median"":0.0005269899999999989,""second_derivative_samples"":196}}",18.9753
p_0.00_2000.00_0.00_2000.00_0.0800_10000.00_0.50_1.00.smt2,0.00,2000.00,0.00,2000.00,0.0800,10000.00,0.50,1.00,Phaserr,"Success! {""attempt_count"":{""first_derivative_mean"":0.0,""first_derivative_median"":0.0,""first_derivative_samples"":197,""mean"":0.0,""median"":0.0,""samples"":198,""second_derivative_mean"":0.0,""second_derivative_median"":0.0,""second_derivative_samples"":196},""synth_time_seconds"":{""first_derivative_mean"":0.0009903319289340101,""first_derivative_median"":0.0002344729999999998,""first_derivative_samples"":197,""mean"":0.06406732449999998,""median"":0.050472647999999995,""samples"":198,""second_derivative_mean"":0.0003408144387755099,""second_derivative_median"":0.00029966699999999956,""second_derivative_samples"":196}}",17.7065
p_0.00_2000.00_0.00_2000.00_0.0800_10000.00_1.00_0.50.smt2,0.00,2000.00,0.00,2000.00,0.0800,10000.00,1.00,0.50,Phaserr,"Success! {""attempt_count"":{""first_derivative_mean"":0.0,""first_derivative_median"":0.0,""first_derivative_samples"":197,""mean"":0.0,""median"":0.0,""samples"":198,""second_derivative_mean"":0.0,""second_derivative_median"":0.0,""second_derivative_samples"":196},""synth_time_seconds"":{""first_derivative_mean"":0.0010044157258883247,""first_derivative_median"":0.0002698099999999988,""first_derivative_samples"":197,""mean"":0.06350785828787879,""median"":0.0480838305,""samples"":198,""second_derivative_mean"":0.00034791853571428566,""second_derivative_median"":0.00010681549999999942,""second_derivative_samples"":196}}",15.7807
p_0.00_2000.00_0.00_2000.00_0.0800_10000.00_1.00_1.00.smt2,0.00,2000.00,0.00,2000.00,0.0800,10000.00,1.00,1.00,Phaserr,"Success! {""attempt_count"":{""first_derivative_mean"":0.0,""first_derivative_median"":0.0,""first_derivative_samples"":181,""mean"":0.0,""median"":0.0,""samples"":182,""second_derivative_mean"":0.0,""second_derivative_median"":0.0,""second_derivative_samples"":180},""synth_time_seconds"":{""first_derivative_mean"":0.0010121728508287293,""first_derivative_median"":0.00019807999999999978,""first_derivative_samples"":181,""mean"":0.05609609420879121,""median"":0.0434358265,""samples"":182,""second_derivative_mean"":0.0003900811277777777,""second_derivative_median"":0.0005982809999999991,""second_derivative_samples"":180}}",14.9773
p_0.00_2000.00_0.00_2000.00_0.0800_110.00_0.50_0.50.smt2,0.00,2000.00,0.00,2000.00,0.0800,110.00,0.50,0.50,Phaserr,"Success! {""attempt_count"":{""first_derivative_mean"":0.0,""first_derivative_median"":0.0,""first_derivative_samples"":197,""mean"":0.0,""median"":0.0,""samples"":198,""second_derivative_mean"":0.0,""second_derivative_median"":0.0,""second_derivative_samples"":196},""synth_time_seconds"":{""first_derivative_mean"":0.001092213005076142,""first_derivative_median"":0.00014433600000000012,""first_derivative_samples"":197,""mean"":0.06455606774747476,""median"":0.050371159,""samples"":198,""second_derivative_mean"":0.00042452539285714285,""second_derivative_median"":0.00011403250000000063,""second_derivative_samples"":196}}",16.1937
p_0.00_2000.00_0.00_2000.00_0.0800_110.00_0.50_1.00.smt2,0.00,2000.00,0.00,2000.00,0.0800,110.00,0.50,1.00,Phaserr,"Success! {""attempt_count"":{""first_derivative_mean"":0.0,""first_derivative_median"":0.0,""first_derivative_samples"":197,""mean"":0.0,""median"":0.0,""samples"":198,""second_derivative_mean"":0.0,""second_derivative_median"":0.0,""second_derivative_samples"":196},""synth_time_seconds"":{""first_derivative_mean"":0.0010234646700507616,""first_derivative_median"":0.0002902419999999996,""first_derivative_samples"":197,""mean"":0.06332916932323233,""median"":0.0491321225,""samples"":198,""second_derivative_mean"":0.0003434073520408163,""second_derivative_median"":3.476849999999986e-05,""second_derivative_samples"":196}}",17.1899
p_0.00_2000.00_0.00_2000.00_0.0800_110.00_1.00_0.50.smt2,0.00,2000.00,0.00,2000.00,0.0800,110.00,1.00,0.50,Phaserr,"Success! {""attempt_count"":{""first_derivative_mean"":0.0,""first_derivative_median"":0.0,""first_derivative_samples"":197,""mean"":0.0,""median"":0.0,""samples"":198,""second_derivative_mean"":0.0,""second_derivative_median"":0.0,""second_derivative_samples"":196},""synth_time_seconds"":{""first_derivative_mean"":0.0011118041776649744,""first_derivative_median"":0.00025554299999999957,""first_derivative_samples"":197,""mean"":0.06431856495454542,""median"":0.0495033585,""samples"":198,""second_derivative_mean"":0.0004407801887755103,""second_derivative_median"":-0.0001781934999999994,""second_derivative_samples"":196}}",16.0326
p_0.00_2000.00_0.00_2000.00_0.0800_110.00_1.00_1.00.smt2,0.00,2000.00,0.00,2000.00,0.0800,110.00,1.00,1.00,Phaserr,"Success! {""attempt_count"":{""first_derivative_mean"":0.0,""first_derivative_median"":0.0,""first_derivative_samples"":181,""mean"":0.0,""median"":0.0,""samples"":182,""second_derivative_mean"":0.0,""second_derivative_median"":0.0,""second_derivative_samples"":180},""synth_time_seconds"":{""first_derivative_mean"":0.001017050060773481,""first_derivative_median"":0.0003595360000000006,""first_derivative_samples"":181,""mean"":0.05564408482967033,""median"":0.043405201000000004,""samples"":182,""second_derivative_mean"":0.00039325956111111116,""second_derivative_median"":0.00010044700000000134,""second_derivative_samples"":180}}",14.5714
p_0.00_2000.00_0.00_2000.00_0.0800_2582.50_0.50_0.50.smt2,0.00,2000.00,0.00,2000.00,0.0800,2582.50,0.50,0.50,Phaserr,"Success! {""attempt_count"":{""first_derivative_mean"":0.0,""first_derivative_median"":0.0,""first_derivative_samples"":197,""mean"":0.0,""median"":0.0,""samples"":198,""second_derivative_mean"":0.0,""second_derivative_median"":0.0,""second_derivative_samples"":196},""synth_time_seconds"":{""first_derivative_mean"":0.001004855157360406,""first_derivative_median"":5.28200000000003e-05,""first_derivative_samples"":197,""mean"":0.06367450438383838,""median"":0.04670639,""samples"":198,""second_derivative_mean"":0.00034428306632653066,""second_derivative_median"":0.00024581700000000017,""second_derivative_samples"":196}}",15.9008
p_0.00_2000.00_0.00_2000.00_0.0800_2582.50_0.50_1.00.smt2,0.00,2000.00,0.00,2000.00,0.0800,2582.50,0.50,1.00,Phaserr,"Success! {""attempt_count"":{""first_derivative_mean"":0.0,""first_derivative_median"":0.0,""first_derivative_samples"":197,""mean"":0.0,""median"":0.0,""samples"":198,""second_derivative_mean"":0.0,""second_derivative_median"":0.0,""second_derivative_samples"":196},""synth_time_seconds"":{""first_derivative_mean"":0.0009407012233502539,""first_derivative_median"":0.00023375900000000005,""first_derivative_samples"":197,""mean"":0.06395989766666668,""median"":0.0482064975,""samples"":198,""second_derivative_mean"":0.00030071816836734676,""second_derivative_median"":0.00038595849999999805,""second_derivative_samples"":196}}",15.9511
p_0.00_2000.00_0.00_2000.00_0.0800_2582.50_1.00_0.50.smt2,0.00,2000.00,0.00,2000.00,0.0800,2582.50,1.00,0.50,Phaserr,"Success! {""attempt_count"":{""first_derivative_mean"":0.0,""first_derivative_median"":0.0,""first_derivative_samples"":197,""mean"":0.0,""median"":0.0,""samples"":198,""second_derivative_mean"":0.0,""second_derivative_median"":0.0,""second_derivative_samples"":196},""synth_time_seconds"":{""first_derivative_mean"":0.001079730263959391,""first_derivative_median"":0.0002941560000000003,""first_derivative_samples"":197,""mean"":0.06363038654040405,""median"":0.05041009,""samples"":198,""second_derivative_mean"":0.0004240902959183672,""second_derivative_median"":0.0003159330000000009,""second_derivative_samples"":196}}",17.2663
p_0.00_2000.00_0.00_2000.00_0.0800_2582.50_1.00_1.00.smt2,0.00,2000.00,0.00,2000.00,0.0800,2582.50,1.00,1.00,Phaserr,"Success! {""attempt_count"":{""first_derivative_mean"":0.0,""first_derivative_median"":0.0,""first_derivative_samples"":181,""mean"":0.0,""median"":0.0,""samples"":182,""second_derivative_mean"":0.0,""second_derivative_median"":0.0,""second_derivative_samples"":180},""synth_time_seconds"":{""first_derivative_mean"":0.0009718879889502763,""first_derivative_median"":0.00043039399999999974,""first_derivative_samples"":181,""mean"":0.05451053265934068,""median"":0.042229403,""samples"":182,""second_derivative_mean"":0.0003440935555555556,""second_derivative_median"":-9.522999999999867e-05,""second_derivative_samples"":180}}",13.0577
p_0.00_2000.00_0.00_2000.00_0.0800_5055.00_0.50_0.50.smt2,0.00,2000.00,0.00,2000.00,0.0800,5055.00,0.50,0.50,Phaserr,"Success! {""attempt_count"":{""first_derivative_mean"":0.0,""first_derivative_median"":0.0,""first_derivative_samples"":197,""mean"":0.0,""median"":0.0,""samples"":198,""second_derivative_mean"":0.0,""second_derivative_median"":0.0,""second_derivative_samples"":196},""synth_time_seconds"":{""first_derivative_mean"":0.0010903642030456852,""first_derivative_median"":0.00025610599999999987,""first_derivative_samples"":197,""mean"":0.06466819800000001,""median"":0.0503813555,""samples"":198,""second_derivative_mean"":0.0004484055612244898,""second_derivative_median"":0.00011827699999999953,""second_derivative_samples"":196}}",17.4265
p_0.00_2000.00_0.00_2000.00_0.0800_5055.00_0.50_1.00.smt2,0.00,2000.00,0.00,2000.00,0.0800,5055.00,0.50,1.00,Phaserr,"Success! {""attempt_count"":{""first_derivative_mean"":0.0,""first_derivative_median"":0.0,""first_derivative_samples"":197,""mean"":0.0,""median"":0.0,""samples"":198,""second_derivative_mean"":0.0,""second_derivative_median"":0.0,""second_derivative_samples"":196},""synth_time_seconds"":{""first_derivative_mean"":0.0010145590862944162,""first_derivative_median"":0.00015964299999999924,""first_derivative_samples"":197,""mean"":0.06256614886868687,""median"":0.0468983915,""samples"":198,""second_derivative_mean"":0.00034917369387755094,""second_derivative_median"":0.00011826899999999897,""second_derivative_samples"":196}}",15.7077
p_0.00_2000.00_0.00_2000.00_0.0800_5055.00_1.00_0.50.smt2,0.00,2000.00,0.00,2000.00,0.0800,5055.00,1.00,0.50,Phaserr,"Success! {""attempt_count"":{""first_derivative_mean"":0.0,""first_derivative_median"":0.0,""first_derivative_samples"":197,""mean"":0.0,""median"":0.0,""samples"":198,""second_derivative_mean"":0.0,""second_derivative_median"":0.0,""second_derivative_samples"":196},""synth_time_seconds"":{""first_derivative_mean"":0.0009991309999999999,""first_derivative_median"":0.0002601490000000003,""first_derivative_samples"":197,""mean"":0.06360390665656568,""median"":0.048120066,""samples"":198,""second_derivative_mean"":0.000347172474489796,""second_derivative_median"":0.0001679389999999989,""second_derivative_samples"":196}}",17.1999
p_0.00_2000.00_0.00_2000.00_0.0800_5055.00_1.00_1.00.smt2,0.00,2000.00,0.00,2000.00,0.0800,5055.00,1.00,1.00,Phaserr,"Success! {""attempt_count"":{""first_derivative_mean"":0.0,""first_derivative_median"":0.0,""first_derivative_samples"":181,""mean"":0.0,""median"":0.0,""samples"":182,""second_derivative_mean"":0.0,""second_derivative_median"":0.0,""second_derivative_samples"":180},""synth_time_seconds"":{""first_derivative_mean"":0.0010124589005524862,""first_derivative_median"":0.0003114060000000002,""first_derivative_samples"":181,""mean"":0.056109954543956043,""median"":0.0436293495,""samples"":182,""second_derivative_mean"":0.0003975230777777781,""second_derivative_median"":0.000314703999999999,""second_derivative_samples"":180}}",13.3377
p_0.00_2000.00_0.00_2000.00_0.0800_7527.50_0.50_0.50.smt2,0.00,2000.00,0.00,2000.00,0.0800,7527.50,0.50,0.50,Phaserr,"Success! {""attempt_count"":{""first_derivative_mean"":0.0,""first_derivative_median"":0.0,""first_derivative_samples"":197,""mean"":0.0,""median"":0.0,""samples"":198,""second_derivative_mean"":0.0,""second_derivative_median"":0.0,""second_derivative_samples"":196},""synth_time_seconds"":{""first_derivative_mean"":0.0010110150710659898,""first_derivative_median"":0.00025084499999999954,""first_derivative_samples"":197,""mean"":0.06313196564646463,""median"":0.047923741500000006,""samples"":198,""second_derivative_mean"":0.0003611098622448979,""second_derivative_median"":3.796249999999963e-05,""second_derivative_samples"":196}}",17.1181
p_0.00_2000.00_0.00_2000.00_0.0800_7527.50_0.50_1.00.smt2,0.00,2000.00,0.00,2000.00,0.0800,7527.50,0.50,1.00,Phaserr,"Success! {""attempt_count"":{""first_derivative_mean"":0.0,""first_derivative_median"":0.0,""first_derivative_samples"":197,""mean"":0.0,""median"":0.0,""samples"":198,""second_derivative_mean"":0.0,""second_derivative_median"":0.0,""second_derivative_samples"":196},""synth_time_seconds"":{""first_derivative_mean"":0.0010400202893401014,""first_derivative_median"":0.0002678070000000001,""first_derivative_samples"":197,""mean"":0.06321114595454547,""median"":0.0486192395,""samples"":198,""second_derivative_mean"":0.0003899826275510205,""second_derivative_median"":0.0003213485000000001,""second_derivative_samples"":196}}",15.8320
p_0.00_2000.00_0.00_2000.00_0.0800_7527.50_1.00_0.50.smt2,0.00,2000.00,0.00,2000.00,0.0800,7527.50,1.00,0.50,Phaserr,"Success! {""attempt_count"":{""first_derivative_mean"":0.0,""first_derivative_median"":0.0,""first_derivative_samples"":197,""mean"":0.0,""median"":0.0,""samples"":198,""second_derivative_mean"":0.0,""second_derivative_median"":0.0,""second_derivative_samples"":196},""synth_time_seconds"":{""first_derivative_mean"":0.001077482573604061,""first_derivative_median"":0.00023238000000000078,""first_derivative_samples"":197,""mean"":0.06554069927272728,""median"":0.0498556405,""samples"":198,""second_derivative_mean"":0.00042580904081632653,""second_derivative_median"":-0.00012059950000000005,""second_derivative_samples"":196}}",17.6924
p_0.00_2000.00_0.00_2000.00_0.0800_7527.50_1.00_1.00.smt2,0.00,2000.00,0.00,2000.00,0.0800,7527.50,1.00,1.00,Phaserr,"Success! {""attempt_count"":{""first_derivative_mean"":0.0,""first_derivative_median"":0.0,""first_derivative_samples"":181,""mean"":0.0,""median"":0.0,""samples"":182,""second_derivative_mean"":0.0,""second_derivative_median"":0.0,""second_derivative_samples"":180},""synth_time_seconds"":{""first_derivative_mean"":0.0009661730718232045,""first_derivative_median"":0.0002673170000000004,""first_derivative_samples"":181,""mean"":0.0547637694065934,""median"":0.0419231835,""samples"":182,""second_derivative_mean"":0.00034649268333333344,""second_derivative_median"":0.00011691250000000174,""second_derivative_samples"":180}}",13.0253
p_0.00_2000.00_0.00_2000.00_0.1000_10000.00_0.50_0.50.smt2,0.00,2000.00,0.00,2000.00,0.1000,10000.00,0.50,0.50,Phaserr,"Success! {""attempt_count"":{""first_derivative_mean"":0.0,""first_derivative_median"":0.0,""first_derivative_samples"":155,""mean"":0.0,""median"":0.0,""samples"":156,""second_derivative_mean"":0.0,""second_derivative_median"":0.0,""second_derivative_samples"":154},""synth_time_seconds"":{""first_derivative_mean"":0.0006709554387096773,""first_derivative_median"":0.0001325759999999997,""first_derivative_samples"":155,""mean"":0.03884321875,""median"":0.033966333,""samples"":156,""second_derivative_mean"":0.0001977807077922078,""second_derivative_median"":-2.204749999999917e-05,""second_derivative_samples"":154}}",8.8685
p_0.00_2000.00_0.00_2000.00_0.1000_10000.00_0.50_1.00.smt2,0.00,2000.00,0.00,2000.00,0.1000,10000.00,0.50,1.00,Phaserr,"Success! {""attempt_count"":{""first_derivative_mean"":0.0,""first_derivative_median"":0.0,""first_derivative_samples"":155,""mean"":0.0,""median"":0.0,""samples"":156,""second_derivative_mean"":0.0,""second_derivative_median"":0.0,""second_derivative_samples"":154},""synth_time_seconds"":{""first_derivative_mean"":0.0006713298903225807,""first_derivative_median"":0.00016798200000000055,""first_derivative_samples"":155,""mean"":0.039139535641025645,""median"":0.033418066999999996,""samples"":156,""second_derivative_mean"":0.00018798842857142858,""second_derivative_median"":0.00021477549999999925,""second_derivative_samples"":154}}",10.2662
p_0.00_2000.00_0.00_2000.00_0.1000_10000.00_1.00_0.50.smt2,0.00,2000.00,0.00,2000.00,0.1000,10000.00,1.00,0.50,Phaserr,"Success! {""attempt_count"":{""first_derivative_mean"":0.0,""first_derivative_median"":0.0,""first_derivative_samples"":155,""mean"":0.0,""median"":0.0,""samples"":156,""second_derivative_mean"":0.0,""second_derivative_median"":0.0,""second_derivative_samples"":154},""synth_time_seconds"":{""first_derivative_mean"":0.0006863027419354838,""first_derivative_median"":0.0001424410000000001,""first_derivative_samples"":155,""mean"":0.03894753046153846,""median"":0.0309508555,""samples"":156,""second_derivative_mean"":0.00020686052597402598,""second_derivative_median"":-0.00020551499999999943,""second_derivative_samples"":154}}",8.8337
p_0.00_2000.00_0.00_2000.00_0.1000_10000.00_1.00_1.00.smt2,0.00,2000.00,0.00,2000.00,0.1000,10000.00,1.00,1.00,Phaserr,"Success! {""attempt_count"":{""first_derivative_mean"":0.0,""first_derivative_median"":0.0,""first_derivative_samples"":143,""mean"":0.0,""median"":0.0,""samples"":144,""second_derivative_mean"":0.0,""second_derivative_median"":0.0,""second_derivative_samples"":142},""synth_time_seconds"":{""first_derivative_mean"":0.0006346129160839161,""first_derivative_median"":0.00024903399999999954,""first_derivative_samples"":143,""mean"":0.034486156944444436,""median"":0.0297439315,""samples"":144,""second_derivative_mean"":0.0001587300915492958,""second_derivative_median"":8.421700000000058e-05,""second_derivative_samples"":142}}",7.6456
p_0.00_2000.00_0.00_2000.00_0.1000_110.00_0.50_0.50.smt2,0.00,2000.00,0.00,2000.00,0.1000,110.00,0.50,0.50,Phaserr,"Success! {""attempt_count"":{""first_derivative_mean"":0.0,""first_derivative_median"":0.0,""first_derivative_samples"":155,""mean"":0.0,""median"":0.0,""samples"":156,""second_derivative_mean"":0.0,""second_derivative_median"":0.0,""second_derivative_samples"":154},""synth_time_seconds"":{""first_derivative_mean"":0.0006649544516129033,""first_derivative_median"":0.00032166200000000034,""first_derivative_samples"":155,""mean"":0.0395681194679487,""median"":0.0349872505,""samples"":156,""second_derivative_mean"":0.00018044693506493516,""second_derivative_median"":7.004249999999993e-05,""second_derivative_samples"":154}}",10.2981
p_0.00_2000.00_0.00_2000.00_0.1000_110.00_0.50_1.00.smt2,0.00,2000.00,0.00,2000.00,0.1000,110.00,0.50,1.00,Phaserr,"Success! {""attempt_count"":{""first_derivative_mean"":0.0,""first_derivative_median"":0.0,""first_derivative_samples"":155,""mean"":0.0,""median"":0.0,""samples"":156,""second_derivative_mean"":0.0,""second_derivative_median"":0.0,""second_derivative_samples"":154},""synth_time_seconds"":{""first_derivative_mean"":0.0008678189225806451,""first_derivative_median"":0.00029263199999999927,""first_derivative_samples"":155,""mean"":0.03927739665384617,""median"":0.033375609,""samples"":156,""second_derivative_mean"":0.000348518,""second_derivative_median"":-8.50854999999975e-05,""second_derivative_samples"":154}}",8.8742
p_0.00_2000.00_0.00_2000.00_0.1000_110.00_1.00_0.50.smt2,0.00,2000.00,0.00,2000.00,0.1000,110.00,1.00,0.50,Phaserr,"Success! {""attempt_count"":{""first_derivative_mean"":0.0,""first_derivative_median"":0.0,""first_derivative_samples"":155,""mean"":0.0,""median"":0.0,""samples"":156,""second_derivative_mean"":0.0,""second_derivative_median"":0.0,""second_derivative_samples"":154},""synth_time_seconds"":{""first_derivative_mean"":0.000687578929032258,""first_derivative_median"":0.00034624400000000076,""first_derivative_samples"":155,""mean"":0.03948302982051281,""median"":0.033421547999999995,""samples"":156,""second_derivative_mean"":0.00019536117532467528,""second_derivative_median"":0.00020997049999999916,""second_derivative_samples"":154}}",8.8544
p_0.00_2000.00_0.00_2000.00_0.1000_110.00_1.00_1.00.smt2,0.00,2000.00,0.00,2000.00,0.1000,110.00,1.00,1.00,Phaserr,"Success! {""attempt_count"":{""first_derivative_mean"":0.0,""first_derivative_median"":0.0,""first_derivative_samples"":143,""mean"":0.0,""median"":0.0,""samples"":144,""second_derivative_mean"":0.0,""second_derivative_median"":0.0,""second_derivative_samples"":142},""synth_time_seconds"":{""first_derivative_mean"":0.0006308416013986014,""first_derivative_median"":0.0002785179999999993,""first_derivative_samples"":143,""mean"":0.034570739506944434,""median"":0.0294011715,""samples"":144,""second_derivative_mean"":0.00014870526760563376,""second_derivative_median"":-1.7389500000000203e-05,""second_derivative_samples"":142}}",7.5549
p_0.00_2000.00_0.00_2000.00_0.1000_2582.50_0.50_0.50.smt2,0.00,2000.00,0.00,2000.00,0.1000,2582.50,0.50,0.50,Phaserr,"Success! {""attempt_count"":{""first_derivative_mean"":0.0,""first_derivative_median"":0.0,""first_derivative_samples"":155,""mean"":0.0,""median"":0.0,""samples"":156,""second_derivative_mean"":0.0,""second_derivative_median"":0.0,""second_derivative_samples"":154},""synth_time_seconds"":{""first_derivative_mean"":0.0006979833999999999,""first_derivative_median"":0.00043667500000000095,""first_derivative_samples"":155,""mean"":0.0390607978846154,""median"":0.03092968,""samples"":156,""second_derivative_mean"":0.00019279187662337658,""second_derivative_median"":0.00014048899999999972,""second_derivative_samples"":154}}",10.2133
p_0.00_2000.00_0.00_2000.00_0.1000_2582.50_0.50_1.00.smt2,0.00,2000.00,0.00,2000.00,0.1000,2582.50,0.50,1.00,Phaserr,"Success! {""attempt_count"":{""first_derivative_mean"":0.0,""first_derivative_median"":0.0,""first_derivative_samples"":155,""mean"":0.0,""median"":0.0,""samples"":156,""second_derivative_mean"":0.0,""second_derivative_median"":0.0,""second_derivative_samples"":154},""synth_time_seconds"":{""first_derivative_mean"":0.0006709543290322581,""first_derivative_median"":0.0002623139999999996,""first_derivative_samples"":155,""mean"":0.03905036424999998,""median"":0.03406678,""samples"":156,""second_derivative_mean"":0.0001945958701298702,""second_derivative_median"":0.0003182055000000004,""second_derivative_samples"":154}}",8.8314
p_0.00_2000.00_0.00_2000.00_0.1000_2582.50_1.00_0.50.smt2,0.00,2000.00,0.00,2000.00,0.1000,2582.50,1.00,0.50,Phaserr,"Success! {""attempt_count"":{""first_derivative_mean"":0.0,""first_derivative_median"":0.0,""first_derivative_samples"":155,""mean"":0.0,""median"":0.0,""samples"":156,""second_derivative_mean"":0.0,""second_derivative_median"":0.0,""second_derivative_samples"":154},""synth_time_seconds"":{""first_derivative_mean"":0.0008662029290322581,""first_derivative_median"":0.0001694069999999999,""first_derivative_samples"":155,""mean"":0.039019599499999995,""median"":0.0316747065,""samples"":156,""second_derivative_mean"":0.0003640833636363636,""second_derivative_median"":-0.00021364699999999997,""second_derivative_samples"":154}}",8.8677
p_0.00_2000.00_0.00_2000.00_0.1000_2582.50_1.00_1.00.smt2,0.00,2000.00,0.00,2000.00,0.1000,2582.50,1.00,1.00,Phaserr,"Success! {""attempt_count"":{""first_derivative_mean"":0.0,""first_derivative_median"":0.0,""first_derivative_samples"":143,""mean"":0.0,""median"":0.0,""samples"":144,""second_derivative_mean"":0.0,""second_derivative_median"":0.0,""second_derivative_samples"":142},""synth_time_seconds"":{""first_derivative_mean"":0.00060031206993007,""first_derivative_median"":0.0002580919999999997,""first_derivative_samples"":143,""mean"":0.03446931249305556,""median"":0.029977415,""samples"":144,""second_derivative_mean"":0.00014359644366197184,""second_derivative_median"":0.0002680034999999999,""second_derivative_samples"":142}}",7.6522
p_0.00_2000.00_0.00_2000.00_0.1000_5055.00_0.50_0.50.smt2,0.00,2000.00,0.00,2000.00,0.1000,5055.00,0.50,0.50,Phaserr,"Success! {""attempt_count"":{""first_derivative_mean"":0.0,""first_derivative_median"":0.0,""first_derivative_samples"":155,""mean"":0.0,""median"":0.0,""samples"":156,""second_derivative_mean"":0.0,""second_derivative_median"":0.0,""second_derivative_samples"":154},""synth_time_seconds"":{""first_derivative_mean"":0.0006494518838709678,""first_derivative_median"":0.00033825100000000035,""first_derivative_samples"":155,""mean"":0.039783427974358986,""median"":0.035162049,""samples"":156,""second_derivative_mean"":0.00015338562337662343,""second_derivative_median"":0.0003343865000000005,""second_derivative_samples"":154}}",10.2536
p_0.00_2000.00_0.00_2000.00_0.1000_5055.00_0.50_1.00.smt2,0.00,2000.00,0.00,2000.00,0.1000,5055.00,0.50,1.00,Phaserr,"Success! {""attempt_count"":{""first_derivative_mean"":0.0,""first_derivative_median"":0.0,""first_derivative_samples"":155,""mean"":0.0,""median"":0.0,""samples"":156,""second_derivative_mean"":0.0,""second_derivative_median"":0.0,""second_derivative_samples"":154},""synth_time_seconds"":{""first_derivative_mean"":0.0006743265935483871,""first_derivative_median"":0.0003763070000000002,""first_derivative_samples"":155,""mean"":0.03940649600641025,""median"":0.033217411,""samples"":156,""second_derivative_mean"":0.0001759298766233766,""second_derivative_median"":0.00018117099999999864,""second_derivative_samples"":154}}",8.9531
p_0.00_2000.00_0.00_2000.00_0.1000_5055.00_1.00_0.50.smt2,0.00,2000.00,0.00,2000.00,0.1000,5055.00,1.00,0.50,Phaserr,"Success! {""attempt_count"":{""first_derivative_mean"":0.0,""first_derivative_median"":0.0,""first_derivative_samples"":155,""mean"":0.0,""median"":0.0,""samples"":156,""second_derivative_mean"":0.0,""second_derivative_median"":0.0,""second_derivative_samples"":154},""synth_time_seconds"":{""first_derivative_mean"":0.0006994642967741934,""first_derivative_median"":0.00031855399999999954,""first_derivative_samples"":155,""mean"":0.03923373224358975,""median"":0.033203692,""samples"":156,""second_derivative_mean"":0.0002131933051948051,""second_derivative_median"":8.501850000000024e-05,""second_derivative_samples"":154}}",8.8325
p_0.00_2000.00_0.00_2000.00_0.1000_5055.00_1.00_1.00.smt2,0.00,2000.00,0.00,2000.00,0.1000,5055.00,1.00,1.00,Phaserr,"Success! {""attempt_count"":{""first_derivative_mean"":0.0,""first_derivative_median"":0.0,""first_derivative_samples"":143,""mean"":0.0,""median"":0.0,""samples"":144,""second_derivative_mean"":0.0,""second_derivative_median"":0.0,""second_derivative_samples"":142},""synth_time_seconds"":{""first_derivative_mean"":0.0006383248531468531,""first_derivative_median"":0.0002897109999999998,""first_derivative_samples"":143,""mean"":0.034734779631944435,""median"":0.030601267,""samples"":144,""second_derivative_mean"":0.00017389635915492955,""second_derivative_median"":0.00022926149999999814,""second_derivative_samples"":142}}",7.5815
p_0.00_2000.00_0.00_2000.00_0.1000_7527.50_0.50_0.50.smt2,0.00,2000.00,0.00,2000.00,0.1000,7527.50,0.50,0.50,Phaserr,"Success! {""attempt_count"":{""first_derivative_mean"":0.0,""first_derivative_median"":0.0,""first_derivative_samples"":155,""mean"":0.0,""median"":0.0,""samples"":156,""second_derivative_mean"":0.0,""second_derivative_median"":0.0,""second_derivative_samples"":154},""synth_time_seconds"":{""first_derivative_mean"":0.0006799595677419354,""first_derivative_median"":0.00026019400000000005,""first_derivative_samples"":155,""mean"":0.03979954694871794,""median"":0.033333406999999995,""samples"":156,""second_derivative_mean"":0.00018699027922077923,""second_derivative_median"":9.526000000000022e-05,""second_derivative_samples"":154}}",10.4485
p_0.00_2000.00_0.00_2000.00_0.1000_7527.50_0.50_1.00.smt2,0.00,2000.00,0.00,2000.00,0.1000,7527.50,0.50,1.00,Phaserr,"Success! {""attempt_count"":{""first_derivative_mean"":0.0,""first_derivative_median"":0.0,""first_derivative_samples"":155,""mean"":0.0,""median"":0.0,""samples"":156,""second_derivative_mean"":0.0,""second_derivative_median"":0.0,""second_derivative_samples"":154},""synth_time_seconds"":{""first_derivative_mean"":0.0007117825483870968,""first_derivative_median"":0.0004773879999999996,""first_derivative_samples"":155,""mean"":0.04016923348076922,""median"":0.032234315,""samples"":156,""second_derivative_mean"":2.689349350649348e-05,""second_derivative_median"":4.677199999999354e-05,""second_derivative_samples"":154}}",8.9745
p_0.00_2000.00_0.00_2000.00_0.1000_7527.50_1.00_0.50.smt2,0.00,2000.00,0.00,2000.00,0.1000,7527.50,1.00,0.50,Phaserr,"Success! {""attempt_count"":{""first_derivative_mean"":0.0,""first_derivative_median"":0.0,""first_derivative_samples"":155,""mean"":0.0,""median"":0.0,""samples"":156,""second_derivative_mean"":0.0,""second_derivative_median"":0.0,""second_derivative_samples"":154},""synth_time_seconds"":{""first_derivative_mean"":0.000684587264516129,""first_derivative_median"":0.0002294990000000002,""first_derivative_samples"":155,""mean"":0.03953267862179485,""median"":0.0346938525,""samples"":156,""second_derivative_mean"":0.00018113484415584416,""second_derivative_median"":4.408349999999962e-05,""second_derivative_samples"":154}}",8.8967
p_0.00_2000.00_0.00_2000.00_0.1000_7527.50_1.00_1.00.smt2,0.00,2000.00,0.00,2000.00,0.1000,7527.50,1.00,1.00,Phaserr,"Success! {""attempt_count"":{""first_derivative_mean"":0.0,""first_derivative_median"":0.0,""first_derivative_samples"":143,""mean"":0.0,""median"":0.0,""samples"":144,""second_derivative_mean"":0.0,""second_derivative_median"":0.0,""second_derivative_samples"":142},""synth_time_seconds"":{""first_derivative_mean"":0.0005877763916083916,""first_derivative_median"":0.00011862499999999894,""first_derivative_samples"":143,""mean"":0.03466090505555556,""median"":0.029895348000000002,""samples"":144,""second_derivative_mean"":0.00014570807746478885,""second_derivative_median"":-0.00015078200000000121,""second_derivative_samples"":142}}",7.6746
p_0.00_2000.00_0.00_2000.00_0.1200_10000.00_0.50_0.50.smt2,0.00,2000.00,0.00,2000.00,0.1200,10000.00,0.50,0.50,Phaserr,"Success! {""attempt_count"":{""first_derivative_mean"":0.0,""first_derivative_median"":0.0,""first_derivative_samples"":127,""mean"":0.0,""median"":0.0,""samples"":128,""second_derivative_mean"":0.0,""second_derivative_median"":0.0,""second_derivative_samples"":126},""synth_time_seconds"":{""first_derivative_mean"":0.000623253535433071,""first_derivative_median"":0.00012635399999999953,""first_derivative_samples"":127,""mean"":0.03232749790625,""median"":0.028995866500000002,""samples"":128,""second_derivative_mean"":0.0001694171984126985,""second_derivative_median"":-2.996850000000018e-05,""second_derivative_samples"":126}}",8.0395
p_0.00_2000.00_0.00_2000.00_0.1200_10000.00_0.50_1.00.smt2,0.00,2000.00,0.00,2000.00,0.1200,10000.00,0.50,1.00,Phaserr,"Success! {""attempt_count"":{""first_derivative_mean"":0.0,""first_derivative_median"":0.0,""first_derivative_samples"":127,""mean"":0.0,""median"":0.0,""samples"":128,""second_derivative_mean"":0.0,""second_derivative_median"":0.0,""second_derivative_samples"":126},""synth_time_seconds"":{""first_derivative_mean"":0.0006683845196850393,""first_derivative_median"":0.00038233799999999943,""first_derivative_samples"":127,""mean"":0.03173479677343751,""median"":0.0276840665,""samples"":128,""second_derivative_mean"":0.0002238477301587301,""second_derivative_median"":-0.000484586999999999,""second_derivative_samples"":126}}",6.5802
p_0.00_2000.00_0.00_2000.00_0.1200_10000.00_1.00_0.50.smt2,0.00,2000.00,0.00,2000.00,0.1200,10000.00,1.00,0.50,Phaserr,"Success! {""attempt_count"":{""first_derivative_mean"":0.0,""first_derivative_median"":0.0,""first_derivative_samples"":127,""mean"":0.0,""median"":0.0,""samples"":128,""second_derivative_mean"":0.0,""second_derivative_median"":0.0,""second_derivative_samples"":126},""synth_time_seconds"":{""first_derivative_mean"":0.0006092413937007874,""first_derivative_median"":0.0003934259999999988,""first_derivative_samples"":127,""mean"":0.031715139007812504,""median"":0.0277157765,""samples"":128,""second_derivative_mean"":0.00015430871428571434,""second_derivative_median"":-4.860750000000146e-05,""second_derivative_samples"":126}}",6.5910
p_0.00_2000.00_0.00_2000.00_0.1200_10000.00_1.00_1.00.smt2,0.00,2000.00,0.00,2000.00,0.1200,10000.00,1.00,1.00,Phaserr,"Success! {""attempt_count"":{""first_derivative_mean"":0.0,""first_derivative_median"":0.0,""first_derivative_samples"":117,""mean"":0.0,""median"":0.0,""samples"":118,""second_derivative_mean"":0.0,""second_derivative_median"":0.0,""second_derivative_samples"":116},""synth_time_seconds"":{""first_derivative_mean"":0.000641166264957265,""first_derivative_median"":0.0005598750000000005,""first_derivative_samples"":117,""mean"":0.028968434881355944,""median"":0.0255077955,""samples"":118,""second_derivative_mean"":0.00023093359482758617,""second_derivative_median"":-0.0001952205000000009,""second_derivative_samples"":116}}",5.8729
p_0.00_2000.00_0.00_2000.00_0.1200_110.00_0.50_0.50.smt2,0.00,2000.00,0.00,2000.00,0.1200,110.00,0.50,0.50,Phaserr,"Success! {""attempt_count"":{""first_derivative_mean"":0.0,""first_derivative_median"":0.0,""first_derivative_samples"":127,""mean"":0.0,""median"":0.0,""samples"":128,""second_derivative_mean"":0.0,""second_derivative_median"":0.0,""second_derivative_samples"":126},""synth_time_seconds"":{""first_derivative_mean"":0.0006186625826771654,""first_derivative_median"":0.00019565499999999944,""first_derivative_samples"":127,""mean"":0.03256253528125,""median"":0.0267355435,""samples"":128,""second_derivative_mean"":0.00017381329365079372,""second_derivative_median"":9.914850000000003e-05,""second_derivative_samples"":126}}",6.6612
p_0.00_2000.00_0.00_2000.00_0.1200_110.00_0.50_1.00.smt2,0.00,2000.00,0.00,2000.00,0.1200,110.00,0.50,1.00,Phaserr,"Success! {""attempt_count"":{""first_derivative_mean"":0.0,""first_derivative_median"":0.0,""first_derivative_samples"":127,""mean"":0.0,""median"":0.0,""samples"":128,""second_derivative_mean"":0.0,""second_derivative_median"":0.0,""second_derivative_samples"":126},""synth_time_seconds"":{""first_derivative_mean"":0.0006469232519685041,""first_derivative_median"":0.0001719369999999996,""first_derivative_samples"":127,""mean"":0.0318005878515625,""median"":0.0254494155,""samples"":128,""second_derivative_mean"":0.00020066610317460325,""second_derivative_median"":0.0001973785000000017,""second_derivative_samples"":126}}",8.0498
p_0.00_2000.00_0.00_2000.00_0.1200_110.00_1.00_0.50.smt2,0.00,2000.00,0.00,2000.00,0.1200,110.00,1.00,0.50,Phaserr,"Success! {""attempt_count"":{""first_derivative_mean"":0.0,""first_derivative_median"":0.0,""first_derivative_samples"":127,""mean"":0.0,""median"":0.0,""samples"":128,""second_derivative_mean"":0.0,""second_derivative_median"":0.0,""second_derivative_samples"":126},""synth_time_seconds"":{""first_derivative_mean"":0.000640168527559055,""first_derivative_median"":0.00034854700000000113,""first_derivative_samples"":127,""mean"":0.03178307778906249,""median"":0.0265482125,""samples"":128,""second_derivative_mean"":0.00017630784126984115,""second_derivative_median"":0.0002093129999999996,""second_derivative_samples"":126}}",6.5892
p_0.00_2000.00_0.00_2000.00_0.1200_110.00_1.00_1.00.smt2,0.00,2000.00,0.00,2000.00,0.1200,110.00,1.00,1.00,Phaserr,"Success! {""attempt_count"":{""first_derivative_mean"":0.0,""first_derivative_median"":0.0,""first_derivative_samples"":117,""mean"":0.0,""median"":0.0,""samples"":118,""second_derivative_mean"":0.0,""second_derivative_median"":0.0,""second_derivative_samples"":116},""synth_time_seconds"":{""first_derivative_mean"":0.0006825685384615384,""first_derivative_median"":0.00021240000000000148,""first_derivative_samples"":117,""mean"":0.029331358144067784,""median"":0.027094214999999998,""samples"":118,""second_derivative_mean"":0.00023009485344827597,""second_derivative_median"":0.00011724300000000082,""second_derivative_samples"":116}}",5.9762
p_0.00_2000.00_0.00_2000.00_0.1200_2582.50_0.50_0.50.smt2,0.00,2000.00,0.00,2000.00,0.1200,2582.50,0.50,0.50,Phaserr,"Success! {""attempt_count"":{""first_derivative_mean"":0.0,""first_derivative_median"":0.0,""first_derivative_samples"":127,""mean"":0.0,""median"":0.0,""samples"":128,""second_derivative_mean"":0.0,""second_derivative_median"":0.0,""second_derivative_samples"":126},""synth_time_seconds"":{""first_derivative_mean"":0.0006021808031496063,""first_derivative_median"":0.0002639839999999992,""first_derivative_samples"":127,""mean"":0.03191000803125,""median"":0.028185589,""samples"":128,""second_derivative_mean"":0.00014294850793650788,""second_derivative_median"":-0.00022798799999999885,""second_derivative_samples"":126}}",6.6215
p_0.00_2000.00_0.00_2000.00_0.1200_2582.50_0.50_1.00.smt2,0.00,2000.00,0.00,2000.00,0.1200,2582.50,0.50,1.00,Phaserr,"Success! {""attempt_count"":{""first_derivative_mean"":0.0,""first_derivative_median"":0.0,""first_derivative_samples"":127,""mean"":0.0,""median"":0.0,""samples"":128,""second_derivative_mean"":0.0,""second_derivative_median"":0.0,""second_derivative_samples"":126},""synth_time_seconds"":{""first_derivative_mean"":0.000760555905511811,""first_derivative_median"":0.00012569499999999945,""first_derivative_samples"":127,""mean"":0.033529369015625005,""median"":0.0300895805,""samples"":128,""second_derivative_mean"":0.000298264619047619,""second_derivative_median"":-0.00030732700000000003,""second_derivative_samples"":126}}",8.3774
p_0.00_2000.00_0.00_2000.00_0.1200_2582.50_1.00_0.50.smt2,0.00,2000.00,0.00,2000.00,0.1200,2582.50,1.00,0.50,Phaserr,"Success! {""attempt_count"":{""first_derivative_mean"":0.0,""first_derivative_median"":0.0,""first_derivative_samples"":127,""mean"":0.0,""median"":0.0,""samples"":128,""second_derivative_mean"":0.0,""second_derivative_median"":0.0,""second_derivative_samples"":126},""synth_time_seconds"":{""first_derivative_mean"":0.0005296419133858268,""first_derivative_median"":0.00028895099999999996,""first_derivative_samples"":127,""mean"":0.031428223289062494,""median"":0.027361893499999998,""samples"":128,""second_derivative_mean"":8.061793650793654e-05,""second_derivative_median"":-1.6314999999999386e-06,""second_derivative_samples"":126}}",6.5738
p_0.00_2000.00_0.00_2000.00_0.1200_2582.50_1.00_1.00.smt2,0.00,2000.00,0.00,2000.00,0.1200,2582.50,1.00,1.00,Phaserr,"Success! {""attempt_count"":{""first_derivative_mean"":0.0,""first_derivative_median"":0.0,""first_derivative_samples"":117,""mean"":0.0,""median"":0.0,""samples"":118,""second_derivative_mean"":0.0,""second_derivative_median"":0.0,""second_derivative_samples"":116},""synth_time_seconds"":{""first_derivative_mean"":0.0005806901367521368,""first_derivative_median"":0.00020225100000000051,""first_derivative_samples"":117,""mean"":0.028126554754237282,""median"":0.0237100675,""samples"":118,""second_derivative_mean"":0.00012271918965517256,""second_derivative_median"":0.00014904349999999905,""second_derivative_samples"":116}}",5.8102
p_0.00_2000.00_0.00_2000.00_0.1200_5055.00_0.50_0.50.smt2,0.00,2000.00,0.00,2000.00,0.1200,5055.00,0.50,0.50,Phaserr,"Success! {""attempt_count"":{""first_derivative_mean"":0.0,""first_derivative_median"":0.0,""first_derivative_samples"":127,""mean"":0.0,""median"":0.0,""samples"":128,""second_derivative_mean"":0.0,""second_derivative_median"":0.0,""second_derivative_samples"":126},""synth_time_seconds"":{""first_derivative_mean"":0.0006179409921259843,""first_derivative_median"":0.000337174,""first_derivative_samples"":127,""mean"":0.03205686201562501,""median"":0.0298994875,""samples"":128,""second_derivative_mean"":0.00017877870634920633,""second_derivative_median"":5.4603999999999764e-05,""second_derivative_samples"":126}}",6.5348
p_0.00_2000.00_0.00_2000.00_0.1200_5055.00_0.50_1.00.smt2,0.00,2000.00,0.00,2000.00,0.1200,5055.00,0.50,1.00,Phaserr,"Success! {""attempt_count"":{""first_derivative_mean"":0.0,""first_derivative_median"":0.0,""first_derivative_samples"":127,""mean"":0.0,""median"":0.0,""samples"":128,""second_derivative_mean"":0.0,""second_derivative_median"":0.0,""second_derivative_samples"":126},""synth_time_seconds"":{""first_derivative_mean"":0.0006574951968503938,""first_derivative_median"":0.0002218369999999999,""first_derivative_samples"":127,""mean"":0.03238102699999999,""median"":0.0275791565,""samples"":128,""second_derivative_mean"":0.00013120338095238095,""second_derivative_median"":0.00010153899999999988,""second_derivative_samples"":126}}",6.7320
p_0.00_2000.00_0.00_2000.00_0.1200_5055.00_1.00_0.50.smt2,0.00,2000.00,0.00,2000.00,0.1200,5055.00,1.00,0.50,Phaserr,"Success! {""attempt_count"":{""first_derivative_mean"":0.0,""first_derivative_median"":0.0,""first_derivative_samples"":127,""mean"":0.0,""median"":0.0,""samples"":128,""second_derivative_mean"":0.0,""second_derivative_median"":0.0,""second_derivative_samples"":126},""synth_time_seconds"":{""first_derivative_mean"":0.0006083951181102362,""first_derivative_median"":0.0002588340000000012,""first_derivative_samples"":127,""mean"":0.03170715382812499,""median"":0.027191632,""samples"":128,""second_derivative_mean"":0.0001699505476190476,""second_derivative_median"":1.6588499999999843e-05,""second_derivative_samples"":126}}",6.6261
p_0.00_2000.00_0.00_2000.00_0.1200_5055.00_1.00_1.00.smt2,0.00,2000.00,0.00,2000.00,0.1200,5055.00,1.00,1.00,Phaserr,"Success! {""attempt_count"":{""first_derivative_mean"":0.0,""first_derivative_median"":0.0,""first_derivative_samples"":117,""mean"":0.0,""median"":0.0,""samples"":118,""second_derivative_mean"":0.0,""second_derivative_median"":0.0,""second_derivative_samples"":116},""synth_time_seconds"":{""first_derivative_mean"":0.0006660279401709403,""first_derivative_median"":0.00037107299999999954,""first_derivative_samples"":117,""mean"":0.028417019144067794,""median"":0.024479105,""samples"":118,""second_derivative_mean"":0.0002371567155172414,""second_derivative_median"":0.0001375094999999985,""second_derivative_samples"":116}}",5.8984
p_0.00_2000.00_0.00_2000.00_0.1200_7527.50_0.50_0.50.smt2,0.00,2000.00,0.00,2000.00,0.1200,7527.50,0.50,0.50,Phaserr,"Success! {""attempt_count"":{""first_derivative_mean"":0.0,""first_derivative_median"":0.0,""first_derivative_samples"":127,""mean"":0.0,""median"":0.0,""samples"":128,""second_derivative_mean"":0.0,""second_derivative_median"":0.0,""second_derivative_samples"":126},""synth_time_seconds"":{""first_derivative_mean"":0.0005435944803149605,""first_derivative_median"":0.00020598700000000036,""first_derivative_samples"":127,""mean"":0.03213199075,""median"":0.025348903,""samples"":128,""second_derivative_mean"":7.309248412698412e-05,""second_derivative_median"":3.7193000000000035e-05,""second_derivative_samples"":126}}",6.7381
p_0.00_2000.00_0.00_2000.00_0.1200_7527.50_0.50_1.00.smt2,0.00,2000.00,0.00,2000.00,0.1200,7527.50,0.50,1.00,Phaserr,"Success! {""attempt_count"":{""first_derivative_mean"":0.0,""first_derivative_median"":0.0,""first_derivative_samples"":127,""mean"":0.0,""median"":0.0,""samples"":128,""second_derivative_mean"":0.0,""second_derivative_median"":0.0,""second_derivative_samples"":126},""synth_time_seconds"":{""first_derivative_mean"":0.0006825217007874016,""first_derivative_median"":0.00033664000000000003,""first_derivative_samples"":127,""mean"":0.03163408834375,""median"":0.026073898499999998,""samples"":128,""second_derivative_mean"":0.0002529077698412698,""second_derivative_median"":0.00012600450000000134,""second_derivative_samples"":126}}",8.5515
p_0.00_2000.00_0.00_2000.00_0.1200_7527.50_1.00_0.50.smt2,0.00,2000.00,0.00,2000.00,0.1200,7527.50,1.00,0.50,Phaserr,"Success! {""attempt_count"":{""first_derivative_mean"":0.0,""first_derivative_median"":0.0,""first_derivative_samples"":127,""mean"":0.0,""median"":0.0,""samples"":128,""second_derivative_mean"":0.0,""second_derivative_median"":0.0,""second_derivative_samples"":126},""synth_time_seconds"":{""first_derivative_mean"":0.0005149432992125984,""first_derivative_median"":0.00020124800000000023,""first_derivative_samples"":127,""mean"":0.031164740593750004,""median"":0.027396118999999997,""samples"":128,""second_derivative_mean"":7.188532539682538e-05,""second_derivative_median"":-0.00011405799999999935,""second_derivative_samples"":126}}",6.4802
p_0.00_2000.00_0.00_2000.00_0.1200_7527.50_1.00_1.00.smt2,0.00,2000.00,0.00,2000.00,0.1200,7527.50,1.00,1.00,Phaserr,"Success! {""attempt_count"":{""first_derivative_mean"":0.0,""first_derivative_median"":0.0,""first_derivative_samples"":117,""mean"":0.0,""median"":0.0,""samples"":118,""second_derivative_mean"":0.0,""second_derivative_median"":0.0,""second_derivative_samples"":116},""synth_time_seconds"":{""first_derivative_mean"":0.0005690561196581196,""first_derivative_median"":0.0002529279999999995,""first_derivative_samples"":117,""mean"":0.027918115889830505,""median"":0.025043743,""samples"":118,""second_derivative_mean"":0.00015758564655172415,""second_derivative_median"":0.0003000269999999996,""second_derivative_samples"":116}}",5.7518
p_0.00_4000.00_0.00_2000.00_0.0800_10000.00_0.50_0.50.smt2,0.00,4000.00,0.00,2000.00,0.0800,10000.00,0.50,0.50,Phaserr,"Success! {""attempt_count"":{""first_derivative_mean"":0.0,""first_derivative_median"":0.0,""first_derivative_samples"":213,""mean"":0.0,""median"":0.0,""samples"":214,""second_derivative_mean"":0.0,""second_derivative_median"":0.0,""second_derivative_samples"":212},""synth_time_seconds"":{""first_derivative_mean"":0.0008862557089201878,""first_derivative_median"":0.0006419349999999997,""first_derivative_samples"":213,""mean"":0.07309337478504672,""median"":0.054668543,""samples"":214,""second_derivative_mean"":0.00015406496226415077,""second_derivative_median"":-0.00011645400000000108,""second_derivative_samples"":212}}",20.4336
p_0.00_4000.00_0.00_2000.00_0.0800_10000.00_0.50_1.00.smt2,0.00,4000.00,0.00,2000.00,0.0800,10000.00,0.50,1.00,Phaserr,"Success! {""attempt_count"":{""first_derivative_mean"":0.0,""first_derivative_median"":0.0,""first_derivative_samples"":213,""mean"":0.0,""median"":0.0,""samples"":214,""second_derivative_mean"":0.0,""second_derivative_median"":0.0,""second_derivative_samples"":212},""synth_time_seconds"":{""first_derivative_mean"":0.000890089896713615,""first_derivative_median"":0.0003257319999999987,""first_derivative_samples"":213,""mean"":0.07326384656542058,""median"":0.055465253500000006,""samples"":214,""second_derivative_mean"":0.00013639424999999992,""second_derivative_median"":1.8737499999999744e-05,""second_derivative_samples"":212}}",19.1517
p_0.00_4000.00_0.00_2000.00_0.0800_10000.00_1.00_0.50.smt2,0.00,4000.00,0.00,2000.00,0.0800,10000.00,1.00,0.50,Phaserr,"Success! {""attempt_count"":{""first_derivative_mean"":0.0,""first_derivative_median"":0.0,""first_derivative_samples"":197,""mean"":0.0,""median"":0.0,""samples"":198,""second_derivative_mean"":0.0,""second_derivative_median"":0.0,""second_derivative_samples"":196},""synth_time_seconds"":{""first_derivative_mean"":0.0010396119695431471,""first_derivative_median"":9.489600000000056e-05,""first_derivative_samples"":197,""mean"":0.06334905903030305,""median"":0.0485211215,""samples"":198,""second_derivative_mean"":0.0003726571122448977,""second_derivative_median"":0.00013801849999999947,""second_derivative_samples"":196}}",17.1559
p_0.00_4000.00_0.00_2000.00_0.0800_10000.00_1.00_1.00.smt2,0.00,4000.00,0.00,2000.00,0.0800,10000.00,1.00,1.00,Phaserr,"Success! {""attempt_count"":{""first_derivative_mean"":0.0,""first_derivative_median"":0.0,""first_derivative_samples"":197,""mean"":0.0,""median"":0.0,""samples"":198,""second_derivative_mean"":0.0,""second_derivative_median"":0.0,""second_derivative_samples"":196},""synth_time_seconds"":{""first_derivative_mean"":0.0010819897258883247,""first_derivative_median"":0.0004767420000000005,""first_derivative_samples"":197,""mean"":0.06485635831313133,""median"":0.046662234999999996,""samples"":198,""second_derivative_mean"":0.00041406170918367345,""second_derivative_median"":0.00043876950000000005,""second_derivative_samples"":196}}",16.0848
p_0.00_4000.00_0.00_2000.00_0.0800_110.00_0.50_0.50.smt2,0.00,4000.00,0.00,2000.00,0.0800,110.00,0.50,0.50,Phaserr,"Success! {""attempt_count"":{""first_derivative_mean"":0.0,""first_derivative_median"":0.0,""first_derivative_samples"":213,""mean"":0.0,""median"":0.0,""samples"":214,""second_derivative_mean"":0.0,""second_derivative_median"":0.0,""second_derivative_samples"":212},""synth_time_seconds"":{""first_derivative_mean"":0.0011502474366197183,""first_derivative_median"":0.0004425760000000001,""first_derivative_samples"":213,""mean"":0.07354479838785047,""median"":0.056228474,""samples"":214,""second_derivative_mean"":0.0004317720471698114,""second_derivative_median"":0.0006616330000000004,""second_derivative_samples"":212}}",20.5503
p_0.00_4000.00_0.00_2000.00_0.0800_110.00_0.50_1.00.smt2,0.00,4000.00,0.00,2000.00,0.0800,110.00,0.50,1.00,Phaserr,"Success! {""attempt_count"":{""first_derivative_mean"":0.0,""first_derivative_median"":0.0,""first_derivative_samples"":213,""mean"":0.0,""median"":0.0,""samples"":214,""second_derivative_mean"":0.0,""second_derivative_median"":0.0,""second_derivative_samples"":212},""synth_time_seconds"":{""first_derivative_mean"":0.0012244580469483568,""first_derivative_median"":0.0002922109999999997,""first_derivative_samples"":213,""mean"":0.07334571129906539,""median"":0.055111325,""samples"":214,""second_derivative_mean"":0.0005048546415094341,""second_derivative_median"":2.7759999999999938e-05,""second_derivative_samples"":212}}",19.0998
p_0.00_4000.00_0.00_2000.00_0.0800_110.00_1.00_0.50.smt2,0.00,4000.00,0.00,2000.00,0.0800,110.00,1.00,0.50,Phaserr,"Success! {""attempt_count"":{""first_derivative_mean"":0.0,""first_derivative_median"":0.0,""first_derivative_samples"":197,""mean"":0.0,""median"":0.0,""samples"":198,""second_derivative_mean"":0.0,""second_derivative_median"":0.0,""second_derivative_samples"":196},""synth_time_seconds"":{""first_derivative_mean"":0.0010419348172588832,""first_derivative_median"":0.0002442610000000008,""first_derivative_samples"":197,""mean"":0.06412000982828285,""median"":0.048078516,""samples"":198,""second_derivative_mean"":0.00036995259693877553,""second_derivative_median"":0.00016601050000000003,""second_derivative_samples"":196}}",17.4595
p_0.00_4000.00_0.00_2000.00_0.0800_110.00_1.00_1.00.smt2,0.00,4000.00,0.00,2000.00,0.0800,110.00,1.00,1.00,Phaserr,"Success! {""attempt_count"":{""first_derivative_mean"":0.0,""first_derivative_median"":0.0,""first_derivative_samples"":197,""mean"":0.0,""median"":0.0,""samples"":198,""second_derivative_mean"":0.0,""second_derivative_median"":0.0,""second_derivative_samples"":196},""synth_time_seconds"":{""first_derivative_mean"":0.0010982840152284265,""first_derivative_median"":0.0004039200000000003,""first_derivative_samples"":197,""mean"":0.06368712912626262,""median"":0.0502200275,""samples"":198,""second_derivative_mean"":0.00040720304081632663,""second_derivative_median"":7.86389999999997e-05,""second_derivative_samples"":196}}",15.7942
p_0.00_4000.00_0.00_2000.00_0.0800_2582.50_0.50_0.50.smt2,0.00,4000.00,0.00,2000.00,0.0800,2582.50,0.50,0.50,Phaserr,"Success! {""attempt_count"":{""first_derivative_mean"":0.0,""first_derivative_median"":0.0,""first_derivative_samples"":213,""mean"":0.0,""median"":0.0,""samples"":214,""second_derivative_mean"":0.0,""second_derivative_median"":0.0,""second_derivative_samples"":212},""synth_time_seconds"":{""first_derivative_mean"":0.0011361297370892018,""first_derivative_median"":0.0005969180000000018,""first_derivative_samples"":213,""mean"":0.07608181653271028,""median"":0.059978974500000004,""samples"":214,""second_derivative_mean"":0.0004283377924528303,""second_derivative_median"":0.0003376695000000007,""second_derivative_samples"":212}}",21.4906
p_0.00_4000.00_0.00_2000.00_0.0800_2582.50_0.50_1.00.smt2,0.00,4000.00,0.00,2000.00,0.0800,2582.50,0.50,1.00,Phaserr,"Success! {""attempt_count"":{""first_derivative_mean"":0.0,""first_derivative_median"":0.0,""first_derivative_samples"":213,""mean"":0.0,""median"":0.0,""samples"":214,""second_derivative_mean"":0.0,""second_derivative_median"":0.0,""second_derivative_samples"":212},""synth_time_seconds"":{""first_derivative_mean"":0.001177878558685446,""first_derivative_median"":0.00033965099999999984,""first_derivative_samples"":213,""mean"":0.0728552411775701,""median"":0.05331358,""samples"":214,""second_derivative_mean"":0.0004095370943396226,""second_derivative_median"":-0.00015980849999999974,""second_derivative_samples"":212}}",20.3874
p_0.00_4000.00_0.00_2000.00_0.0800_2582.50_1.00_0.50.smt2,0.00,4000.00,0.00,2000.00,0.0800,2582.50,1.00,0.50,Phaserr,"Success! {""attempt_count"":{""first_derivative_mean"":0.0,""first_derivative_median"":0.0,""first_derivative_samples"":197,""mean"":0.0,""median"":0.0,""samples"":198,""second_derivative_mean"":0.0,""second_derivative_median"":0.0,""second_derivative_samples"":196},""synth_time_seconds"":{""first_derivative_mean"":0.0010680572639593909,""first_derivative_median"":0.0003569219999999991,""first_derivative_samples"":197,""mean"":0.06344302909090908,""median"":0.0482816525,""samples"":198,""second_derivative_mean"":0.00044540697448979585,""second_derivative_median"":0.00023123050000000084,""second_derivative_samples"":196}}",15.8441
p_0.00_4000.00_0.00_2000.00_0.0800_2582.50_1.00_1.00.smt2,0.00,4000.00,0.00,2000.00,0.0800,2582.50,1.00,1.00,Phaserr,"Success! {""attempt_count"":{""first_derivative_mean"":0.0,""first_derivative_median"":0.0,""first_derivative_samples"":197,""mean"":0.0,""median"":0.0,""samples"":198,""second_derivative_mean"":0.0,""second_derivative_median"":0.0,""second_derivative_samples"":196},""synth_time_seconds"":{""first_derivative_mean"":0.0010693188172588833,""first_derivative_median"":0.00033556099999999985,""first_derivative_samples"":197,""mean"":0.06430874354040401,""median"":0.0470902555,""samples"":198,""second_derivative_mean"":0.0003453220612244898,""second_derivative_median"":0.0006607525000000007,""second_derivative_samples"":196}}",17.4276
p_0.00_4000.00_0.00_2000.00_0.0800_5055.00_0.50_0.50.smt2,0.00,4000.00,0.00,2000.00,0.0800,5055.00,0.50,0.50,Phaserr,"Success! {""attempt_count"":{""first_derivative_mean"":0.0,""first_derivative_median"":0.0,""first_derivative_samples"":213,""mean"":0.0,""median"":0.0,""samples"":214,""second_derivative_mean"":0.0,""second_derivative_median"":0.0,""second_derivative_samples"":212},""synth_time_seconds"":{""first_derivative_mean"":0.0008429909530516432,""first_derivative_median"":0.0003567350000000004,""first_derivative_samples"":213,""mean"":0.07116977974299069,""median"":0.0525595015,""samples"":214,""second_derivative_mean"":0.0001558467688679246,""second_derivative_median"":0.00022386949999999997,""second_derivative_samples"":212}}",18.7687
p_0.00_4000.00_0.00_2000.00_0.0800_5055.00_0.50_1.00.smt2,0.00,4000.00,0.00,2000.00,0.0800,5055.00,0.50,1.00,Phaserr,"Success! {""attempt_count"":{""first_derivative_mean"":0.0,""first_derivative_median"":0.0,""first_derivative_samples"":213,""mean"":0.0,""median"":0.0,""samples"":214,""second_derivative_mean"":0.0,""second_derivative_median"":0.0,""second_derivative_samples"":212},""synth_time_seconds"":{""first_derivative_mean"":0.0008874955070422536,""first_derivative_median"":0.00018981599999999977,""first_derivative_samples"":213,""mean"":0.07413307064485983,""median"":0.0553696295,""samples"":214,""second_derivative_mean"":0.00017444855188679249,""second_derivative_median"":0.0001229449999999993,""second_derivative_samples"":212}}",20.7243
p_0.00_4000.00_0.00_2000.00_0.0800_5055.00_1.00_0.50.smt2,0.00,4000.00,0.00,2000.00,0.0800,5055.00,1.00,0.50,Phaserr,"Success! {""attempt_count"":{""first_derivative_mean"":0.0,""first_derivative_median"":0.0,""first_derivative_samples"":197,""mean"":0.0,""median"":0.0,""samples"":198,""second_derivative_mean"":0.0,""second_derivative_median"":0.0,""second_derivative_samples"":196},""synth_time_seconds"":{""first_derivative_mean"":0.0010509085228426395,""first_derivative_median"":0.00022216600000000107,""first_derivative_samples"":197,""mean"":0.06164882597979799,""median"":0.0487965945,""samples"":198,""second_derivative_mean"":0.0003854923265306122,""second_derivative_median"":3.79359999999997e-05,""second_derivative_samples"":196}}",15.4142
p_0.00_4000.00_0.00_2000.00_0.0800_5055.00_1.00_1.00.smt2,0.00,4000.00,0.00,2000.00,0.0800,5055.00,1.00,1.00,Phaserr,"Success! {""attempt_count"":{""first_derivative_mean"":0.0,""first_derivative_median"":0.0,""first_derivative_samples"":197,""mean"":0.0,""median"":0.0,""samples"":198,""second_derivative_mean"":0.0,""second_derivative_median"":0.0,""second_derivative_samples"":196},""synth_time_seconds"":{""first_derivative_mean"":0.0010796480812182742,""first_derivative_median"":0.0003908230000000002,""first_derivative_samples"":197,""mean"":0.06454341523737371,""median"":0.0481468905,""samples"":198,""second_derivative_mean"":0.0003961353979591836,""second_derivative_median"":0.00017507799999999952,""second_derivative_samples"":196}}",17.3760
p_0.00_4000.00_0.00_2000.00_0.0800_7527.50_0.50_0.50.smt2,0.00,4000.00,0.00,2000.00,0.0800,7527.50,0.50,0.50,Phaserr,"Success! {""attempt_count"":{""first_derivative_mean"":0.0,""first_derivative_median"":0.0,""first_derivative_samples"":213,""mean"":0.0,""median"":0.0,""samples"":214,""second_derivative_mean"":0.0,""second_derivative_median"":0.0,""second_derivative_samples"":212},""synth_time_seconds"":{""first_derivative_mean"":0.0013475843192488264,""first_derivative_median"":0.0004617120000000004,""first_derivative_samples"":213,""mean"":0.07253799444392522,""median"":0.0523581925,""samples"":214,""second_derivative_mean"":0.0006511698915094339,""second_derivative_median"":-0.0002814160000000009,""second_derivative_samples"":212}}",18.8985
p_0.00_4000.00_0.00_2000.00_0.0800_7527.50_0.50_1.00.smt2,0.00,4000.00,0.00,2000.00,0.0800,7527.50,0.50,1.00,Phaserr,"Success! {""attempt_count"":{""first_derivative_mean"":0.0,""first_derivative_median"":0.0,""first_derivative_samples"":213,""mean"":0.0,""median"":0.0,""samples"":214,""second_derivative_mean"":0.0,""second_derivative_median"":0.0,""second_derivative_samples"":212},""synth_time_seconds"":{""first_derivative_mean"":0.0011297956666666668,""first_derivative_median"":0.00018934799999999977,""first_derivative_samples"":213,""mean"":0.07311734024766355,""median"":0.0539951395,""samples"":214,""second_derivative_mean"":0.00036705555660377357,""second_derivative_median"":6.884000000001271e-06,""second_derivative_samples"":212}}",20.6461
p_0.00_4000.00_0.00_2000.00_0.0800_7527.50_1.00_0.50.smt2,0.00,4000.00,0.00,2000.00,0.0800,7527.50,1.00,0.50,Phaserr,"Success! {""attempt_count"":{""first_derivative_mean"":0.0,""first_derivative_median"":0.0,""first_derivative_samples"":197,""mean"":0.0,""median"":0.0,""samples"":198,""second_derivative_mean"":0.0,""second_derivative_median"":0.0,""second_derivative_samples"":196},""synth_time_seconds"":{""first_derivative_mean"":0.001099906263959391,""first_derivative_median"":0.0002332510000000003,""first_derivative_samples"":197,""mean"":0.06270357601010099,""median"":0.045822304,""samples"":198,""second_derivative_mean"":0.00043352235714285743,""second_derivative_median"":-0.00012523700000000026,""second_derivative_samples"":196}}",15.5831
p_0.00_4000.00_0.00_2000.00_0.0800_7527.50_1.00_1.00.smt2,0.00,4000.00,0.00,2000.00,0.0800,7527.50,1.00,1.00,Phaserr,"Success! {""attempt_count"":{""first_derivative_mean"":0.0,""first_derivative_median"":0.0,""first_derivative_samples"":197,""mean"":0.0,""median"":0.0,""samples"":198,""second_derivative_mean"":0.0,""second_derivative_median"":0.0,""second_derivative_samples"":196},""synth_time_seconds"":{""first_derivative_mean"":0.0009872767614213197,""first_derivative_median"":0.00040354900000000044,""first_derivative_samples"":197,""mean"":0.06486839952525252,""median"":0.0518712445,""samples"":198,""second_derivative_mean"":0.00033506303061224486,""second_derivative_median"":0.00030355599999999996,""second_derivative_samples"":196}}",17.6363
p_0.00_4000.00_0.00_2000.00_0.1000_10000.00_0.50_0.50.smt2,0.00,4000.00,0.00,2000.00,0.1000,10000.00,0.50,0.50,Phaserr,"Success! {""attempt_count"":{""first_derivative_mean"":0.0,""first_derivative_median"":0.0,""first_derivative_samples"":169,""mean"":0.0,""median"":0.0,""samples"":170,""second_derivative_mean"":0.0,""second_derivative_median"":0.0,""second_derivative_samples"":168},""synth_time_seconds"":{""first_derivative_mean"":0.0007011293846153847,""first_derivative_median"":0.00017972400000000003,""first_derivative_samples"":169,""mean"":0.044234012005882346,""median"":0.036199261999999996,""samples"":170,""second_derivative_mean"":0.00018566790476190476,""second_derivative_median"":-1.5657000000000084e-05,""second_derivative_samples"":168}}",10.3234
p_0.00_4000.00_0.00_2000.00_0.1000_10000.00_0.50_1.00.smt2,0.00,4000.00,0.00,2000.00,0.1000,10000.00,0.50,1.00,Phaserr,"Success! {""attempt_count"":{""first_derivative_mean"":0.0,""first_derivative_median"":0.0,""first_derivative_samples"":169,""mean"":0.0,""median"":0.0,""samples"":170,""second_derivative_mean"":0.0,""second_derivative_median"":0.0,""second_derivative_samples"":168},""synth_time_seconds"":{""first_derivative_mean"":0.000852712402366864,""first_derivative_median"":0.00034893499999999987,""first_derivative_samples"":169,""mean"":0.04467479796470588,""median"":0.0362489425,""samples"":170,""second_derivative_mean"":0.00027846314880952385,""second_derivative_median"":8.324399999999968e-05,""second_derivative_samples"":168}}",11.9519
p_0.00_4000.00_0.00_2000.00_0.1000_10000.00_1.00_0.50.smt2,0.00,4000.00,0.00,2000.00,0.1000,10000.00,1.00,0.50,Phaserr,"Success! {""attempt_count"":{""first_derivative_mean"":0.0,""first_derivative_median"":0.0,""first_derivative_samples"":155,""mean"":0.0,""median"":0.0,""samples"":156,""second_derivative_mean"":0.0,""second_derivative_median"":0.0,""second_derivative_samples"":154},""synth_time_seconds"":{""first_derivative_mean"":0.0006964796967741935,""first_derivative_median"":0.0002013679999999995,""first_derivative_samples"":155,""mean"":0.03909913259615384,""median"":0.03413791,""samples"":156,""second_derivative_mean"":0.0002232475779220779,""second_derivative_median"":-1.5362000000000535e-05,""second_derivative_samples"":154}}",9.0274
p_0.00_4000.00_0.00_2000.00_0.1000_10000.00_1.00_1.00.smt2,0.00,4000.00,0.00,2000.00,0.1000,10000.00,1.00,1.00,Phaserr,"Success! {""attempt_count"":{""first_derivative_mean"":0.0,""first_derivative_median"":0.0,""first_derivative_samples"":155,""mean"":0.0,""median"":0.0,""samples"":156,""second_derivative_mean"":0.0,""second_derivative_median"":0.0,""second_derivative_samples"":154},""synth_time_seconds"":{""first_derivative_mean"":0.0007254476774193548,""first_derivative_median"":0.000414078,""first_derivative_samples"":155,""mean"":0.038476071884615375,""median"":0.0322551665,""samples"":156,""second_derivative_mean"":0.00022142765584415582,""second_derivative_median"":-1.267849999999791e-05,""second_derivative_samples"":154}}",8.6057
p_0.00_4000.00_0.00_2000.00_0.1000_110.00_0.50_0.50.smt2,0.00,4000.00,0.00,2000.00,0.1000,110.00,0.50,0.50,Phaserr,"Success! {""attempt_count"":{""first_derivative_mean"":0.0,""first_derivative_median"":0.0,""first_derivative_samples"":169,""mean"":0.0,""median"":0.0,""samples"":170,""second_derivative_mean"":0.0,""second_derivative_median"":0.0,""second_derivative_samples"":168},""synth_time_seconds"":{""first_derivative_mean"":0.0007388704319526626,""first_derivative_median"":0.00012410700000000004,""first_derivative_samples"":169,""mean"":0.044524611511764706,""median"":0.037470675499999995,""samples"":170,""second_derivative_mean"":0.00020352639880952372,""second_derivative_median"":0.0001997040000000002,""second_derivative_samples"":168}}",10.3962
p_0.00_4000.00_0.00_2000.00_0.1000_110.00_0.50_1.00.smt2,0.00,4000.00,0.00,2000.00,0.1000,110.00,0.50,1.00,Phaserr,"Success! {""attempt_count"":{""first_derivative_mean"":0.0,""first_derivative_median"":0.0,""first_derivative_samples"":169,""mean"":0.0,""median"":0.0,""samples"":170,""second_derivative_mean"":0.0,""second_derivative_median"":0.0,""second_derivative_samples"":168},""synth_time_seconds"":{""first_derivative_mean"":0.0006192613313609467,""first_derivative_median"":0.0002257689999999998,""first_derivative_samples"":169,""mean"":0.04465083775882354,""median"":0.037321796,""samples"":170,""second_derivative_mean"":9.535717857142855e-05,""second_derivative_median"":0.00013124250000000077,""second_derivative_samples"":168}}",11.8804
p_0.00_4000.00_0.00_2000.00_0.1000_110.00_1.00_0.50.smt2,0.00,4000.00,0.00,2000.00,0.1000,110.00,1.00,0.50,Phaserr,"Success! {""attempt_count"":{""first_derivative_mean"":0.0,""first_derivative_median"":0.0,""first_derivative_samples"":155,""mean"":0.0,""median"":0.0,""samples"":156,""second_derivative_mean"":0.0,""second_derivative_median"":0.0,""second_derivative_samples"":154},""synth_time_seconds"":{""first_derivative_mean"":0.000713146341935484,""first_derivative_median"":0.00023876500000000016,""first_derivative_samples"":155,""mean"":0.0398019870576923,""median"":0.0325314615,""samples"":156,""second_derivative_mean"":0.00021486345454545442,""second_derivative_median"":-2.1140999999999695e-05,""second_derivative_samples"":154}}",8.9612
p_0.00_4000.00_0.00_2000.00_0.1000_110.00_1.00_1.00.smt2,0.00,4000.00,0.00,2000.00,0.1000,110.00,1.00,1.00,Phaserr,"Success! {""attempt_count"":{""first_derivative_mean"":0.0,""first_derivative_median"":0.0,""first_derivative_samples"":155,""mean"":0.0,""median"":0.0,""samples"":156,""second_derivative_mean"":0.0,""second_derivative_median"":0.0,""second_derivative_samples"":154},""synth_time_seconds"":{""first_derivative_mean"":0.0007285967354838709,""first_derivative_median"":0.0002808890000000003,""first_derivative_samples"":155,""mean"":0.03846797845512821,""median"":0.0325633355,""samples"":156,""second_derivative_mean"":0.0002481345779220779,""second_derivative_median"":8.827550000000024e-05,""second_derivative_samples"":154}}",8.5820
p_0.00_4000.00_0.00_2000.00_0.1000_2582.50_0.50_0.50.smt2,0.00,4000.00,0.00,2000.00,0.1000,2582.50,0.50,0.50,Phaserr,"Success! {""attempt_count"":{""first_derivative_mean"":0.0,""first_derivative_median"":0.0,""first_derivative_samples"":169,""mean"":0.0,""median"":0.0,""samples"":170,""second_derivative_mean"":0.0,""second_derivative_median"":0.0,""second_derivative_samples"":168},""synth_time_seconds"":{""first_derivative_mean"":0.0007797167928994082,""first_derivative_median"":0.00021881100000000018,""first_derivative_samples"":169,""mean"":0.04459516408235293,""median"":0.037235797,""samples"":170,""second_derivative_mean"":0.00025218590476190465,""second_derivative_median"":4.1728000000000424e-05,""second_derivative_samples"":168}}",11.9933
p_0.00_4000.00_0.00_2000.00_0.1000_2582.50_0.50_1.00.smt2,0.00,4000.00,0.00,2000.00,0.1000,2582.50,0.50,1.00,Phaserr,"Success! {""attempt_count"":{""first_derivative_mean"":0.0,""first_derivative_median"":0.0,""first_derivative_samples"":169,""mean"":0.0,""median"":0.0,""samples"":170,""second_derivative_mean"":0.0,""second_derivative_median"":0.0,""second_derivative_samples"":168},""synth_time_seconds"":{""first_derivative_mean"":0.0007291309940828403,""first_derivative_median"":0.0003501859999999997,""first_derivative_samples"":169,""mean"":0.043716737470588234,""median"":0.0384824285,""samples"":170,""second_derivative_mean"":0.00020998865476190483,""second_derivative_median"":0.00039939899999999993,""second_derivative_samples"":168}}",10.3006
p_0.00_4000.00_0.00_2000.00_0.1000_2582.50_1.00_0.50.smt2,0.00,4000.00,0.00,2000.00,0.1000,2582.50,1.00,0.50,Phaserr,"Success! {""attempt_count"":{""first_derivative_mean"":0.0,""first_derivative_median"":0.0,""first_derivative_samples"":155,""mean"":0.0,""median"":0.0,""samples"":156,""second_derivative_mean"":0.0,""second_derivative_median"":0.0,""second_derivative_samples"":154},""synth_time_seconds"":{""first_derivative_mean"":0.0006379467354838709,""first_derivative_median"":0.00018791299999999962,""first_derivative_samples"":155,""mean"":0.03923412987179488,""median"":0.0322649145,""samples"":156,""second_derivative_mean"":0.00013850239610389603,""second_derivative_median"":0.00031888200000000037,""second_derivative_samples"":154}}",8.8378
p_0.00_4000.00_0.00_2000.00_0.1000_2582.50_1.00_1.00.smt2,0.00,4000.00,0.00,2000.00,0.1000,2582.50,1.00,1.00,Phaserr,"Success! {""attempt_count"":{""first_derivative_mean"":0.0,""first_derivative_median"":0.0,""first_derivative_samples"":155,""mean"":0.0,""median"":0.0,""samples"":156,""second_derivative_mean"":0.0,""second_derivative_median"":0.0,""second_derivative_samples"":154},""synth_time_seconds"":{""first_derivative_mean"":0.0007272034129032257,""first_derivative_median"":0.0002390709999999987,""first_derivative_samples"":155,""mean"":0.038962698000000004,""median"":0.032929481,""samples"":156,""second_derivative_mean"":0.00023099924675324668,""second_derivative_median"":9.646450000000027e-05,""second_derivative_samples"":154}}",8.7576
p_0.00_4000.00_0.00_2000.00_0.1000_5055.00_0.50_0.50.smt2,0.00,4000.00,0.00,2000.00,0.1000,5055.00,0.50,0.50,Phaserr,"Success! {""attempt_count"":{""first_derivative_mean"":0.0,""first_derivative_median"":0.0,""first_derivative_samples"":169,""mean"":0.0,""median"":0.0,""samples"":170,""second_derivative_mean"":0.0,""second_derivative_median"":0.0,""second_derivative_samples"":168},""synth_time_seconds"":{""first_derivative_mean"":0.0007200484437869822,""first_derivative_median"":0.0003630049999999996,""first_derivative_samples"":169,""mean"":0.04512210298823528,""median"":0.039091686,""samples"":170,""second_derivative_mean"":0.00012106391666666663,""second_derivative_median"":0.0005359360000000038,""second_derivative_samples"":168}}",11.9915
p_0.00_4000.00_0.00_2000.00_0.1000_5055.00_0.50_1.00.smt2,0.00,4000.00,0.00,2000.00,0.1000,5055.00,0.50,1.00,Phaserr,"Success! {""attempt_count"":{""first_derivative_mean"":0.0,""first_derivative_median"":0.0,""first_derivative_samples"":169,""mean"":0.0,""median"":0.0,""samples"":170,""second_derivative_mean"":0.0,""second_derivative_median"":0.0,""second_derivative_samples"":168},""synth_time_seconds"":{""first_derivative_mean"":0.0007785823076923076,""first_derivative_median"":0.0003101149999999997,""first_derivative_samples"":169,""mean"":0.04414048511764705,""median"":0.036297761,""samples"":170,""second_derivative_mean"":0.0002461775773809524,""second_derivative_median"":4.0104999999999915e-05,""second_derivative_samples"":168}}",10.2698
p_0.00_4000.00_0.00_2000.00_0.1000_5055.00_1.00_0.50.smt2,0.00,4000.00,0.00,2000.00,0.1000,5055.00,1.00,0.50,Phaserr,"Success! {""attempt_count"":{""first_derivative_mean"":0.0,""first_derivative_median"":0.0,""first_derivative_samples"":155,""mean"":0.0,""median"":0.0,""samples"":156,""second_derivative_mean"":0.0,""second_derivative_median"":0.0,""second_derivative_samples"":154},""synth_time_seconds"":{""first_derivative_mean"":0.0007427955096774194,""first_derivative_median"":0.00029995200000000003,""first_derivative_samples"":155,""mean"":0.04012199232051281,""median"":0.032964478000000005,""samples"":156,""second_derivative_mean"":0.0002044122857142858,""second_derivative_median"":0.00024644899999999885,""second_derivative_samples"":154}}",8.9717
p_0.00_4000.00_0.00_2000.00_0.1000_5055.00_1.00_1.00.smt2,0.00,4000.00,0.00,2000.00,0.1000,5055.00,1.00,1.00,Phaserr,"Success! {""attempt_count"":{""first_derivative_mean"":0.0,""first_derivative_median"":0.0,""first_derivative_samples"":155,""mean"":0.0,""median"":0.0,""samples"":156,""second_derivative_mean"":0.0,""second_derivative_median"":0.0,""second_derivative_samples"":154},""synth_time_seconds"":{""first_derivative_mean"":0.000731535606451613,""first_derivative_median"":0.00038820300000000016,""first_derivative_samples"":155,""mean"":0.04060444036538461,""median"":0.03518536,""samples"":156,""second_derivative_mean"":0.00021936961688311687,""second_derivative_median"":-8.552050000000229e-05,""second_derivative_samples"":154}}",10.5908
p_0.00_4000.00_0.00_2000.00_0.1000_7527.50_0.50_0.50.smt2,0.00,4000.00,0.00,2000.00,0.1000,7527.50,0.50,0.50,Phaserr,"Success! {""attempt_count"":{""first_derivative_mean"":0.0,""first_derivative_median"":0.0,""first_derivative_samples"":169,""mean"":0.0,""median"":0.0,""samples"":170,""second_derivative_mean"":0.0,""second_derivative_median"":0.0,""second_derivative_samples"":168},""synth_time_seconds"":{""first_derivative_mean"":0.0007737392603550296,""first_derivative_median"":0.0004791659999999996,""first_derivative_samples"":169,""mean"":0.044117678747058825,""median"":0.0384402975,""samples"":170,""second_derivative_mean"":0.0002436941011904761,""second_derivative_median"":9.043899999999945e-05,""second_derivative_samples"":168}}",10.3451
p_0.00_4000.00_0.00_2000.00_0.1000_7527.50_0.50_1.00.smt2,0.00,4000.00,0.00,2000.00,0.1000,7527.50,0.50,1.00,Phaserr,"Success! {""attempt_count"":{""first_derivative_mean"":0.0,""first_derivative_median"":0.0,""first_derivative_samples"":169,""mean"":0.0,""median"":0.0,""samples"":170,""second_derivative_mean"":0.0,""second_derivative_median"":0.0,""second_derivative_samples"":168},""synth_time_seconds"":{""first_derivative_mean"":0.0007610476686390534,""first_derivative_median"":0.00014918999999999957,""first_derivative_samples"":169,""mean"":0.04403664932352943,""median"":0.0354215135,""samples"":170,""second_derivative_mean"":0.0002163480654761905,""second_derivative_median"":0.00019020400000000024,""second_derivative_samples"":168}}",10.2713
p_0.00_4000.00_0.00_2000.00_0.1000_7527.50_1.00_0.50.smt2,0.00,4000.00,0.00,2000.00,0.1000,7527.50,1.00,0.50,Phaserr,"Success! {""attempt_count"":{""first_derivative_mean"":0.0,""first_derivative_median"":0.0,""first_derivative_samples"":155,""mean"":0.0,""median"":0.0,""samples"":156,""second_derivative_mean"":0.0,""second_derivative_median"":0.0,""second_derivative_samples"":154},""synth_time_seconds"":{""first_derivative_mean"":0.0006548867806451613,""first_derivative_median"":0.00021543499999999993,""first_derivative_samples"":155,""mean"":0.03969947812820513,""median"":0.032923790499999994,""samples"":156,""second_derivative_mean"":0.0001618946948051948,""second_derivative_median"":-4.980549999999929e-05,""second_derivative_samples"":154}}",10.4522
p_0.00_4000.00_0.00_2000.00_0.1000_7527.50_1.00_1.00.smt2,0.00,4000.00,0.00,2000.00,0.1000,7527.50,1.00,1.00,Phaserr,"Success! {""attempt_count"":{""first_derivative_mean"":0.0,""first_derivative_median"":0.0,""first_derivative_samples"":155,""mean"":0.0,""median"":0.0,""samples"":156,""second_derivative_mean"":0.0,""second_derivative_median"":0.0,""second_derivative_samples"":154},""synth_time_seconds"":{""first_derivative_mean"":0.0007271883612903226,""first_derivative_median"":0.00020228999999999907,""first_derivative_samples"":155,""mean"":0.03859432967948717,""median"":0.0320360735,""samples"":156,""second_derivative_mean"":0.00023871341558441556,""second_derivative_median"":-0.00014848550000000045,""second_derivative_samples"":154}}",8.7533
p_0.00_4000.00_0.00_2000.00_0.1200_10000.00_0.50_0.50.smt2,0.00,4000.00,0.00,2000.00,0.1200,10000.00,0.50,0.50,Phaserr,"Success! {""attempt_count"":{""first_derivative_mean"":0.0,""first_derivative_median"":0.0,""first_derivative_samples"":139,""mean"":0.0,""median"":0.0,""samples"":140,""second_derivative_mean"":0.0,""second_derivative_median"":0.0,""second_derivative_samples"":138},""synth_time_seconds"":{""first_derivative_mean"":0.0007753456474820144,""first_derivative_median"":0.0003504140000000003,""first_derivative_samples"":139,""mean"":0.03627141289285713,""median"":0.031819742,""samples"":140,""second_derivative_mean"":0.00028019308695652177,""second_derivative_median"":-0.00023753499999999922,""second_derivative_samples"":138}}",7.6352
p_0.00_4000.00_0.00_2000.00_0.1200_10000.00_0.50_1.00.smt2,0.00,4000.00,0.00,2000.00,0.1200,10000.00,0.50,1.00,Phaserr,"Success! {""attempt_count"":{""first_derivative_mean"":0.0,""first_derivative_median"":0.0,""first_derivative_samples"":139,""mean"":0.0,""median"":0.0,""samples"":140,""second_derivative_mean"":0.0,""second_derivative_median"":0.0,""second_derivative_samples"":138},""synth_time_seconds"":{""first_derivative_mean"":0.0007438372877697843,""first_derivative_median"":0.0002283469999999994,""first_derivative_samples"":139,""mean"":0.03654554260714286,""median"":0.0315210135,""samples"":140,""second_derivative_mean"":0.00025904016666666673,""second_derivative_median"":3.217250000000019e-05,""second_derivative_samples"":138}}",7.7434
p_0.00_4000.00_0.00_2000.00_0.1200_10000.00_1.00_0.50.smt2,0.00,4000.00,0.00,2000.00,0.1200,10000.00,1.00,0.50,Phaserr,"Success! {""attempt_count"":{""first_derivative_mean"":0.0,""first_derivative_median"":0.0,""first_derivative_samples"":127,""mean"":0.0,""median"":0.0,""samples"":128,""second_derivative_mean"":0.0,""second_derivative_median"":0.0,""second_derivative_samples"":126},""synth_time_seconds"":{""first_derivative_mean"":0.0006334190157480317,""first_derivative_median"":5.226899999999975e-05,""first_derivative_samples"":127,""mean"":0.032221960421875,""median"":0.028211667500000003,""samples"":128,""second_derivative_mean"":0.00016029498412698415,""second_derivative_median"":0.0002576040000000007,""second_derivative_samples"":126}}",8.0833
p_0.00_4000.00_0.00_2000.00_0.1200_10000.00_1.00_1.00.smt2,0.00,4000.00,0.00,2000.00,0.1200,10000.00,1.00,1.00,Phaserr,"Success! {""attempt_count"":{""first_derivative_mean"":0.0,""first_derivative_median"":0.0,""first_derivative_samples"":127,""mean"":0.0,""median"":0.0,""samples"":128,""second_derivative_mean"":0.0,""second_derivative_median"":0.0,""second_derivative_samples"":126},""synth_time_seconds"":{""first_derivative_mean"":0.0006616310472440945,""first_derivative_median"":0.00034654800000000034,""first_derivative_samples"":127,""mean"":0.03173853348437501,""median"":0.027322389500000002,""samples"":128,""second_derivative_mean"":0.00019888846031746035,""second_derivative_median"":-0.00016263150000000006,""second_derivative_samples"":126}}",6.5275
p_0.00_4000.00_0.00_2000.00_0.1200_110.00_0.50_0.50.smt2,0.00,4000.00,0.00,2000.00,0.1200,110.00,0.50,0.50,Phaserr,"Success! {""attempt_count"":{""first_derivative_mean"":0.0,""first_derivative_median"":0.0,""first_derivative_samples"":139,""mean"":0.0,""median"":0.0,""samples"":140,""second_derivative_mean"":0.0,""second_derivative_median"":0.0,""second_derivative_samples"":138},""synth_time_seconds"":{""first_derivative_mean"":0.0007402469352517986,""first_derivative_median"":0.00042164600000000035,""first_derivative_samples"":139,""mean"":0.03590210852857143,""median"":0.03165939,""samples"":140,""second_derivative_mean"":0.00024018726811594204,""second_derivative_median"":5.26849999999985e-06,""second_derivative_samples"":138}}",7.6316
p_0.00_4000.00_0.00_2000.00_0.1200_110.00_0.50_1.00.smt2,0.00,4000.00,0.00,2000.00,0.1200,110.00,0.50,1.00,Phaserr,"Success! {""attempt_count"":{""first_derivative_mean"":0.0,""first_derivative_median"":0.0,""first_derivative_samples"":139,""mean"":0.0,""median"":0.0,""samples"":140,""second_derivative_mean"":0.0,""second_derivative_median"":0.0,""second_derivative_samples"":138},""synth_time_seconds"":{""first_derivative_mean"":0.0006664884244604317,""first_derivative_median"":0.00036455300000000357,""first_derivative_samples"":139,""mean"":0.03600625695,""median"":0.032377217,""samples"":140,""second_derivative_mean"":0.00015947388405797102,""second_derivative_median"":4.9701000000000085e-05,""second_derivative_samples"":138}}",7.6296
p_0.00_4000.00_0.00_2000.00_0.1200_110.00_1.00_0.50.smt2,0.00,4000.00,0.00,2000.00,0.1200,110.00,1.00,0.50,Phaserr,"Success! {""attempt_count"":{""first_derivative_mean"":0.0,""first_derivative_median"":0.0,""first_derivative_samples"":127,""mean"":0.0,""median"":0.0,""samples"":128,""second_derivative_mean"":0.0,""second_derivative_median"":0.0,""second_derivative_samples"":126},""synth_time_seconds"":{""first_derivative_mean"":0.0006432424566929133,""first_derivative_median"":0.0003244749999999994,""first_derivative_samples"":127,""mean"":0.03185061571875001,""median"":0.0288188265,""samples"":128,""second_derivative_mean"":0.00016958582539682542,""second_derivative_median"":-4.897500000000405e-06,""second_derivative_samples"":126}}",6.5843
p_0.00_4000.00_0.00_2000.00_0.1200_110.00_1.00_1.00.smt2,0.00,4000.00,0.00,2000.00,0.1200,110.00,1.00,1.00,Phaserr,"Success! {""attempt_count"":{""first_derivative_mean"":0.0,""first_derivative_median"":0.0,""first_derivative_samples"":127,""mean"":0.0,""median"":0.0,""samples"":128,""second_derivative_mean"":0.0,""second_derivative_median"":0.0,""second_derivative_samples"":126},""synth_time_seconds"":{""first_derivative_mean"":0.0007470902204724409,""first_derivative_median"":0.00016073300000000058,""first_derivative_samples"":127,""mean"":0.03149756616406249,""median"":0.027378905000000002,""samples"":128,""second_derivative_mean"":0.0002905083095238095,""second_derivative_median"":-5.4419500000000166e-05,""second_derivative_samples"":126}}",7.9689
p_0.00_4000.00_0.00_2000.00_0.1200_2582.50_0.50_0.50.smt2,0.00,4000.00,0.00,2000.00,0.1200,2582.50,0.50,0.50,Phaserr,"Success! {""attempt_count"":{""first_derivative_mean"":0.0,""first_derivative_median"":0.0,""first_derivative_samples"":139,""mean"":0.0,""median"":0.0,""samples"":140,""second_derivative_mean"":0.0,""second_derivative_median"":0.0,""second_derivative_samples"":138},""synth_time_seconds"":{""first_derivative_mean"":0.000943283762589928,""first_derivative_median"":0.00036630299999999925,""first_derivative_samples"":139,""mean"":0.0355136713857143,""median"":0.029947493999999998,""samples"":140,""second_derivative_mean"":0.000463402884057971,""second_derivative_median"":4.383499999999988e-05,""second_derivative_samples"":138}}",7.5176
p_0.00_4000.00_0.00_2000.00_0.1200_2582.50_0.50_1.00.smt2,0.00,4000.00,0.00,2000.00,0.1200,2582.50,0.50,1.00,Phaserr,"Success! {""attempt_count"":{""first_derivative_mean"":0.0,""first_derivative_median"":0.0,""first_derivative_samples"":139,""mean"":0.0,""median"":0.0,""samples"":140,""second_derivative_mean"":0.0,""second_derivative_median"":0.0,""second_derivative_samples"":138},""synth_time_seconds"":{""first_derivative_mean"":0.00067481354676259,""first_derivative_median"":3.591100000000045e-05,""first_derivative_samples"":139,""mean"":0.03564827707142857,""median"":0.031239081000000002,""samples"":140,""second_derivative_mean"":0.0001924181666666667,""second_derivative_median"":-7.736600000000059e-05,""second_derivative_samples"":138}}",7.6172
p_0.00_4000.00_0.00_2000.00_0.1200_2582.50_1.00_0.50.smt2,0.00,4000.00,0.00,2000.00,0.1200,2582.50,1.00,0.50,Phaserr,"Success! {""attempt_count"":{""first_derivative_mean"":0.0,""first_derivative_median"":0.0,""first_derivative_samples"":127,""mean"":0.0,""median"":0.0,""samples"":128,""second_derivative_mean"":0.0,""second_derivative_median"":0.0,""second_derivative_samples"":126},""synth_time_seconds"":{""first_derivative_mean"":0.0006709127007874016,""first_derivative_median"":0.00014473299999999932,""first_derivative_samples"":127,""mean"":0.031626937875000004,""median"":0.025844411,""samples"":128,""second_derivative_mean"":0.0002325060000000001,""second_derivative_median"":0.0001681009999999995,""second_derivative_samples"":126}}",6.6002
p_0.00_4000.00_0.00_2000.00_0.1200_2582.50_1.00_1.00.smt2,0.00,4000.00,0.00,2000.00,0.1200,2582.50,1.00,1.00,Phaserr,"Success! {""attempt_count"":{""first_derivative_mean"":0.0,""first_derivative_median"":0.0,""first_derivative_samples"":127,""mean"":0.0,""median"":0.0,""samples"":128,""second_derivative_mean"":0.0,""second_derivative_median"":0.0,""second_derivative_samples"":126},""synth_time_seconds"":{""first_derivative_mean"":0.000612657157480315,""first_derivative_median"":0.00026572000000000054,""first_derivative_samples"":127,""mean"":0.03139822407031249,""median"":0.027113551,""samples"":128,""second_derivative_mean"":0.0001821996507936508,""second_derivative_median"":0.00038972100000000086,""second_derivative_samples"":126}}",6.4700
p_0.00_4000.00_0.00_2000.00_0.1200_5055.00_0.50_0.50.smt2,0.00,4000.00,0.00,2000.00,0.1200,5055.00,0.50,0.50,Phaserr,"Success! {""attempt_count"":{""first_derivative_mean"":0.0,""first_derivative_median"":0.0,""first_derivative_samples"":139,""mean"":0.0,""median"":0.0,""samples"":140,""second_derivative_mean"":0.0,""second_derivative_median"":0.0,""second_derivative_samples"":138},""synth_time_seconds"":{""first_derivative_mean"":0.0007279235395683454,""first_derivative_median"":0.0002948149999999995,""first_derivative_samples"":139,""mean"":0.0351703954,""median"":0.030581144999999997,""samples"":140,""second_derivative_mean"":0.00024839471739130433,""second_derivative_median"":1.7752499999999956e-05,""second_derivative_samples"":138}}",8.9816
p_0.00_4000.00_0.00_2000.00_0.1200_5055.00_0.50_1.00.smt2,0.00,4000.00,0.00,2000.00,0.1200,5055.00,0.50,1.00,Phaserr,"Success! {""attempt_count"":{""first_derivative_mean"":0.0,""first_derivative_median"":0.0,""first_derivative_samples"":139,""mean"":0.0,""median"":0.0,""samples"":140,""second_derivative_mean"":0.0,""second_derivative_median"":0.0,""second_derivative_samples"":138},""synth_time_seconds"":{""first_derivative_mean"":0.0007393557841726618,""first_derivative_median"":0.00029604199999999983,""first_derivative_samples"":139,""mean"":0.03597506504999998,""median"":0.031560238,""samples"":140,""second_derivative_mean"":0.0002554138333333334,""second_derivative_median"":0.00017631600000000015,""second_derivative_samples"":138}}",7.6093
p_0.00_4000.00_0.00_2000.00_0.1200_5055.00_1.00_0.50.smt2,0.00,4000.00,0.00,2000.00,0.1200,5055.00,1.00,0.50,Phaserr,"Success! {""attempt_count"":{""first_derivative_mean"":0.0,""first_derivative_median"":0.0,""first_derivative_samples"":127,""mean"":0.0,""median"":0.0,""samples"":128,""second_derivative_mean"":0.0,""second_derivative_median"":0.0,""second_derivative_samples"":126},""synth_time_seconds"":{""first_derivative_mean"":0.000796080094488189,""first_derivative_median"":0.0003367249999999995,""first_derivative_samples"":127,""mean"":0.030940126968750002,""median"":0.028481267499999997,""samples"":128,""second_derivative_mean"":0.0003163424761904762,""second_derivative_median"":-9.802149999999996e-05,""second_derivative_samples"":126}}",6.4496
p_0.00_4000.00_0.00_2000.00_0.1200_5055.00_1.00_1.00.smt2,0.00,4000.00,0.00,2000.00,0.1200,5055.00,1.00,1.00,Phaserr,"Success! {""attempt_count"":{""first_derivative_mean"":0.0,""first_derivative_median"":0.0,""first_derivative_samples"":127,""mean"":0.0,""median"":0.0,""samples"":128,""second_derivative_mean"":0.0,""second_derivative_median"":0.0,""second_derivative_samples"":126},""synth_time_seconds"":{""first_derivative_mean"":0.0006482025826771655,""first_derivative_median"":0.00018967800000000042,""first_derivative_samples"":127,""mean"":0.0318314740390625,""median"":0.027662472,""samples"":128,""second_derivative_mean"":0.00017830192857142866,""second_derivative_median"":0.00024389349999999997,""second_derivative_samples"":126}}",6.5466
p_0.00_4000.00_0.00_2000.00_0.1200_7527.50_0.50_0.50.smt2,0.00,4000.00,0.00,2000.00,0.1200,7527.50,0.50,0.50,Phaserr,"Success! {""attempt_count"":{""first_derivative_mean"":0.0,""first_derivative_median"":0.0,""first_derivative_samples"":139,""mean"":0.0,""median"":0.0,""samples"":140,""second_derivative_mean"":0.0,""second_derivative_median"":0.0,""second_derivative_samples"":138},""synth_time_seconds"":{""first_derivative_mean"":0.0006859163741007194,""first_derivative_median"":0.00039881599999999975,""first_derivative_samples"":139,""mean"":0.036531835835714295,""median"":0.030286428,""samples"":140,""second_derivative_mean"":0.00019156516666666665,""second_derivative_median"":0.0002133679999999998,""second_derivative_samples"":138}}",9.3263
p_0.00_4000.00_0.00_2000.00_0.1200_7527.50_0.50_1.00.smt2,0.00,4000.00,0.00,2000.00,0.1200,7527.50,0.50,1.00,Phaserr,"Success! {""attempt_count"":{""first_derivative_mean"":0.0,""first_derivative_median"":0.0,""first_derivative_samples"":139,""mean"":0.0,""median"":0.0,""samples"":140,""second_derivative_mean"":0.0,""second_derivative_median"":0.0,""second_derivative_samples"":138},""synth_time_seconds"":{""first_derivative_mean"":0.0007099140000000001,""first_derivative_median"":0.0001647799999999998,""first_derivative_samples"":139,""mean"":0.03603198452142857,""median"":0.030319791,""samples"":140,""second_derivative_mean"":0.0002040729420289855,""second_derivative_median"":-4.451099999999968e-05,""second_derivative_samples"":138}}",7.6750
p_0.00_4000.00_0.00_2000.00_0.1200_7527.50_1.00_0.50.smt2,0.00,4000.00,0.00,2000.00,0.1200,7527.50,1.00,0.50,Phaserr,"Success! {""attempt_count"":{""first_derivative_mean"":0.0,""first_derivative_median"":0.0,""first_derivative_samples"":127,""mean"":0.0,""median"":0.0,""samples"":128,""second_derivative_mean"":0.0,""second_derivative_median"":0.0,""second_derivative_samples"":126},""synth_time_seconds"":{""first_derivative_mean"":0.0006325124960629921,""first_derivative_median"":0.00015934999999999994,""first_derivative_samples"":127,""mean"":0.03162779362499999,""median"":0.028555304,""samples"":128,""second_derivative_mean"":0.00019882017460317458,""second_derivative_median"":6.618499999999942e-05,""second_derivative_samples"":126}}",6.5543
p_0.00_4000.00_0.00_2000.00_0.1200_7527.50_1.00_1.00.smt2,0.00,4000.00,0.00,2000.00,0.1200,7527.50,1.00,1.00,Phaserr,"Success! {""attempt_count"":{""first_derivative_mean"":0.0,""first_derivative_median"":0.0,""first_derivative_samples"":127,""mean"":0.0,""median"":0.0,""samples"":128,""second_derivative_mean"":0.0,""second_derivative_median"":0.0,""second_derivative_samples"":126},""synth_time_seconds"":{""first_derivative_mean"":0.0006398401417322835,""first_derivative_median"":0.00022251599999999986,""first_derivative_samples"":127,""mean"":0.03194491659375,""median"":0.0300938305,""samples"":128,""second_derivative_mean"":0.00019381542063492065,""second_derivative_median"":-6.986000000000058e-06,""second_derivative_samples"":126}}",6.5594
p_2000.00_2000.00_0.00_2000.00_0.0800_10000.00_0.50_0.50.smt2,2000.00,2000.00,0.00,2000.00,0.0800,10000.00,0.50,0.50,Phaserr,"Success! {""attempt_count"":{""first_derivative_mean"":0.0,""first_derivative_median"":0.0,""first_derivative_samples"":197,""mean"":0.0,""median"":0.0,""samples"":198,""second_derivative_mean"":0.0,""second_derivative_median"":0.0,""second_derivative_samples"":196},""synth_time_seconds"":{""first_derivative_mean"":0.0009800712081218274,""first_derivative_median"":0.0002786840000000004,""first_derivative_samples"":197,""mean"":0.06337451741414142,""median"":0.048065972,""samples"":198,""second_derivative_mean"":0.00021209970408163267,""second_derivative_median"":0.00021855450000000162,""second_derivative_samples"":196}}",17.2257
p_2000.00_2000.00_0.00_2000.00_0.0800_10000.00_0.50_1.00.smt2,2000.00,2000.00,0.00,2000.00,0.0800,10000.00,0.50,1.00,Phaserr,"Success! {""attempt_count"":{""first_derivative_mean"":0.0,""first_derivative_median"":0.0,""first_derivative_samples"":197,""mean"":0.0,""median"":0.0,""samples"":198,""second_derivative_mean"":0.0,""second_derivative_median"":0.0,""second_derivative_samples"":196},""synth_time_seconds"":{""first_derivative_mean"":0.0010701182030456852,""first_derivative_median"":0.00027799800000000065,""first_derivative_samples"":197,""mean"":0.0624380741060606,""median"":0.046701589,""samples"":198,""second_derivative_mean"":0.00042036856632653066,""second_derivative_median"":0.0002692659999999989,""second_derivative_samples"":196}}",15.5222
p_2000.00_2000.00_0.00_2000.00_0.0800_10000.00_1.00_0.50.smt2,2000.00,2000.00,0.00,2000.00,0.0800,10000.00,1.00,0.50,Phaserr,"Success! {""attempt_count"":{""first_derivative_mean"":0.0,""first_derivative_median"":0.0,""first_derivative_samples"":181,""mean"":0.0,""median"":0.0,""samples"":182,""second_derivative_mean"":0.0,""second_derivative_median"":0.0,""second_derivative_samples"":180},""synth_time_seconds"":{""first_derivative_mean"":0.001117791359116022,""first_derivative_median"":0.00025058200000000006,""first_derivative_samples"":181,""mean"":0.05492819903296702,""median"":0.0414625415,""samples"":182,""second_derivative_mean"":0.0005060966944444444,""second_derivative_median"":9.85640000000002e-05,""second_derivative_samples"":180}}",14.4819
p_2000.00_2000.00_0.00_2000.00_0.0800_10000.00_1.00_1.00.smt2,2000.00,2000.00,0.00,2000.00,0.0800,10000.00,1.00,1.00,Phaserr,"Success! {""attempt_count"":{""first_derivative_mean"":0.0,""first_derivative_median"":0.0,""first_derivative_samples"":181,""mean"":0.0,""median"":0.0,""samples"":182,""second_derivative_mean"":0.0,""second_derivative_median"":0.0,""second_derivative_samples"":180},""synth_time_seconds"":{""first_derivative_mean"":0.0009316838011049725,""first_derivative_median"":0.0002548419999999999,""first_derivative_samples"":181,""mean"":0.05519116539560441,""median"":0.041961916,""samples"":182,""second_derivative_mean"":0.0003002805333333335,""second_derivative_median"":-2.1586500000000258e-05,""second_derivative_samples"":180}}",13.0529
p_2000.00_2000.00_0.00_2000.00_0.0800_110.00_0.50_0.50.smt2,2000.00,2000.00,0.00,2000.00,0.0800,110.00,0.50,0.50,Phaserr,"Success! {""attempt_count"":{""first_derivative_mean"":0.0,""first_derivative_median"":0.0,""first_derivative_samples"":197,""mean"":0.0,""median"":0.0,""samples"":198,""second_derivative_mean"":0.0,""second_derivative_median"":0.0,""second_derivative_samples"":196},""synth_time_seconds"":{""first_derivative_mean"":0.000984396502538071,""first_derivative_median"":0.00014594400000000202,""first_derivative_samples"":197,""mean"":0.061893929560606055,""median"":0.046538932500000005,""samples"":198,""second_derivative_mean"":0.0003337486428571429,""second_derivative_median"":-9.31885000000003e-05,""second_derivative_samples"":196}}",15.4318
p_2000.00_2000.00_0.00_2000.00_0.0800_110.00_0.50_1.00.smt2,2000.00,2000.00,0.00,2000.00,0.0800,110.00,0.50,1.00,Phaserr,"Success! {""attempt_count"":{""first_derivative_mean"":0.0,""first_derivative_median"":0.0,""first_derivative_samples"":197,""mean"":0.0,""median"":0.0,""samples"":198,""second_derivative_mean"":0.0,""second_derivative_median"":0.0,""second_derivative_samples"":196},""synth_time_seconds"":{""first_derivative_mean"":0.001071029614213198,""first_derivative_median"":0.00023308800000000022,""first_derivative_samples"":197,""mean"":0.06221772880808082,""median"":0.046425484,""samples"":198,""second_derivative_mean"":0.00041591250510204076,""second_derivative_median"":-7.347650000000087e-05,""second_derivative_samples"":196}}",16.9685
p_2000.00_2000.00_0.00_2000.00_0.0800_110.00_1.00_0.50.smt2,2000.00,2000.00,0.00,2000.00,0.0800,110.00,1.00,0.50,Phaserr,"Success! {""attempt_count"":{""first_derivative_mean"":0.0,""first_derivative_median"":0.0,""first_derivative_samples"":181,""mean"":0.0,""median"":0.0,""samples"":182,""second_derivative_mean"":0.0,""second_derivative_median"":0.0,""second_derivative_samples"":180},""synth_time_seconds"":{""first_derivative_mean"":0.0010000347458563536,""first_derivative_median"":0.00035916899999999946,""first_derivative_samples"":181,""mean"":0.05659136879120878,""median"":0.04695246,""samples"":182,""second_derivative_mean"":0.00038501117222222226,""second_derivative_median"":0.00010192050000000117,""second_derivative_samples"":180}}",13.3910
p_2000.00_2000.00_0.00_2000.00_0.0800_110.00_1.00_1.00.smt2,2000.00,2000.00,0.00,2000.00,0.0800,110.00,1.00,1.00,Phaserr,"Success! {""attempt_count"":{""first_derivative_mean"":0.0,""first_derivative_median"":0.0,""first_derivative_samples"":181,""mean"":0.0,""median"":0.0,""samples"":182,""second_derivative_mean"":0.0,""second_derivative_median"":0.0,""second_derivative_samples"":180},""synth_time_seconds"":{""first_derivative_mean"":0.0011480509116022098,""first_derivative_median"":0.00020897899999999976,""first_derivative_samples"":181,""mean"":0.05488871563186812,""median"":0.042112294499999994,""samples"":182,""second_derivative_mean"":0.0005635384166666667,""second_derivative_median"":6.2444999999996045e-06,""second_derivative_samples"":180}}",14.5312
p_2000.00_2000.00_0.00_2000.00_0.0800_2582.50_0.50_0.50.smt2,2000.00,2000.00,0.00,2000.00,0.0800,2582.50,0.50,0.50,Phaserr,"Success! {""attempt_count"":{""first_derivative_mean"":0.0,""first_derivative_median"":0.0,""first_derivative_samples"":197,""mean"":0.0,""median"":0.0,""samples"":198,""second_derivative_mean"":0.0,""second_derivative_median"":0.0,""second_derivative_samples"":196},""synth_time_seconds"":{""first_derivative_mean"":0.0009690035888324873,""first_derivative_median"":0.0003291650000000002,""first_derivative_samples"":197,""mean"":0.06232603568181817,""median"":0.0484242755,""samples"":198,""second_derivative_mean"":0.0002985311122448979,""second_derivative_median"":0.00017957399999999962,""second_derivative_samples"":196}}",15.5350
p_2000.00_2000.00_0.00_2000.00_0.0800_2582.50_0.50_1.00.smt2,2000.00,2000.00,0.00,2000.00,0.0800,2582.50,0.50,1.00,Phaserr,"Success! {""attempt_count"":{""first_derivative_mean"":0.0,""first_derivative_median"":0.0,""first_derivative_samples"":197,""mean"":0.0,""median"":0.0,""samples"":198,""second_derivative_mean"":0.0,""second_derivative_median"":0.0,""second_derivative_samples"":196},""synth_time_seconds"":{""first_derivative_mean"":0.0009956701472081217,""first_derivative_median"":0.00021969700000000047,""first_derivative_samples"":197,""mean"":0.06320507742929292,""median"":0.046642175,""samples"":198,""second_derivative_mean"":0.00025998813775510204,""second_derivative_median"":0.0003910120000000005,""second_derivative_samples"":196}}",17.2364
p_2000.00_2000.00_0.00_2000.00_0.0800_2582.50_1.00_0.50.smt2,2000.00,2000.00,0.00,2000.00,0.0800,2582.50,1.00,0.50,Phaserr,"Success! {""attempt_count"":{""first_derivative_mean"":0.0,""first_derivative_median"":0.0,""first_derivative_samples"":181,""mean"":0.0,""median"":0.0,""samples"":182,""second_derivative_mean"":0.0,""second_derivative_median"":0.0,""second_derivative_samples"":180},""synth_time_seconds"":{""first_derivative_mean"":0.000926226270718232,""first_derivative_median"":0.0003619500000000015,""first_derivative_samples"":181,""mean"":0.05425546158241759,""median"":0.041627801,""samples"":182,""second_derivative_mean"":0.00031857913888888877,""second_derivative_median"":8.74189999999996e-05,""second_derivative_samples"":180}}",12.9563
p_2000.00_2000.00_0.00_2000.00_0.0800_2582.50_1.00_1.00.smt2,2000.00,2000.00,0.00,2000.00,0.0800,2582.50,1.00,1.00,Phaserr,"Success! {""attempt_count"":{""first_derivative_mean"":0.0,""first_derivative_median"":0.0,""first_derivative_samples"":181,""mean"":0.0,""median"":0.0,""samples"":182,""second_derivative_mean"":0.0,""second_derivative_median"":0.0,""second_derivative_samples"":180},""synth_time_seconds"":{""first_derivative_mean"":0.0010360873480662982,""first_derivative_median"":0.00014768099999999847,""first_derivative_samples"":181,""mean"":0.05515375733516482,""median"":0.0424525835,""samples"":182,""second_derivative_mean"":0.0004288143666666666,""second_derivative_median"":3.154950000000111e-05,""second_derivative_samples"":180}}",14.5917
p_2000.00_2000.00_0.00_2000.00_0.0800_5055.00_0.50_0.50.smt2,2000.00,2000.00,0.00,2000.00,0.0800,5055.00,0.50,0.50,Phaserr,"Success! {""attempt_count"":{""first_derivative_mean"":0.0,""first_derivative_median"":0.0,""first_derivative_samples"":197,""mean"":0.0,""median"":0.0,""samples"":198,""second_derivative_mean"":0.0,""second_derivative_median"":0.0,""second_derivative_samples"":196},""synth_time_seconds"":{""first_derivative_mean"":0.0009876550609137055,""first_derivative_median"":0.0002615729999999993,""first_derivative_samples"":197,""mean"":0.06302778663636362,""median"":0.047200255499999996,""samples"":198,""second_derivative_mean"":0.0003241316734693878,""second_derivative_median"":0.00030504850000000064,""second_derivative_samples"":196}}",15.7679
p_2000.00_2000.00_0.00_2000.00_0.0800_5055.00_0.50_1.00.smt2,2000.00,2000.00,0.00,2000.00,0.0800,5055.00,0.50,1.00,Phaserr,"Success! {""attempt_count"":{""first_derivative_mean"":0.0,""first_derivative_median"":0.0,""first_derivative_samples"":197,""mean"":0.0,""median"":0.0,""samples"":198,""second_derivative_mean"":0.0,""second_derivative_median"":0.0,""second_derivative_samples"":196},""synth_time_seconds"":{""first_derivative_mean"":0.0010818897157360405,""first_derivative_median"":0.00015712100000000052,""first_derivative_samples"":197,""mean"":0.06365223793939395,""median"":0.0478631365,""samples"":198,""second_derivative_mean"":0.00041513828061224504,""second_derivative_median"":0.0001482299999999992,""second_derivative_samples"":196}}",17.3679
p_2000.00_2000.00_0.00_2000.00_0.0800_5055.00_1.00_0.50.smt2,2000.00,2000.00,0.00,2000.00,0.0800,5055.00,1.00,0.50,Phaserr,"Success! {""attempt_count"":{""first_derivative_mean"":0.0,""first_derivative_median"":0.0,""first_derivative_samples"":181,""mean"":0.0,""median"":0.0,""samples"":182,""second_derivative_mean"":0.0,""second_derivative_median"":0.0,""second_derivative_samples"":180},""synth_time_seconds"":{""first_derivative_mean"":0.0009951009723756904,""first_derivative_median"":0.00023795900000000026,""first_derivative_samples"":181,""mean"":0.05468326804395604,""median"":0.0417248125,""samples"":182,""second_derivative_mean"":0.0003855738444444444,""second_derivative_median"":-6.149899999999915e-05,""second_derivative_samples"":180}}",13.0085
p_2000.00_2000.00_0.00_2000.00_0.0800_5055.00_1.00_1.00.smt2,2000.00,2000.00,0.00,2000.00,0.0800,5055.00,1.00,1.00,Phaserr,"Success! {""attempt_count"":{""first_derivative_mean"":0.0,""first_derivative_median"":0.0,""first_derivative_samples"":181,""mean"":0.0,""median"":0.0,""samples"":182,""second_derivative_mean"":0.0,""second_derivative_median"":0.0,""second_derivative_samples"":180},""synth_time_seconds"":{""first_derivative_mean"":0.0009370488176795581,""first_derivative_median"":0.0002110969999999995,""first_derivative_samples"":181,""mean"":0.05404126403846152,""median"":0.0416251245,""samples"":182,""second_derivative_mean"":0.00034215161666666674,""second_derivative_median"":-0.00010766250000000029,""second_derivative_samples"":180}}",12.8736
p_2000.00_2000.00_0.00_2000.00_0.0800_7527.50_0.50_0.50.smt2,2000.00,2000.00,0.00,2000.00,0.0800,7527.50,0.50,0.50,Phaserr,"Success! {""attempt_count"":{""first_derivative_mean"":0.0,""first_derivative_median"":0.0,""first_derivative_samples"":197,""mean"":0.0,""median"":0.0,""samples"":198,""second_derivative_mean"":0.0,""second_derivative_median"":0.0,""second_derivative_samples"":196},""synth_time_seconds"":{""first_derivative_mean"":0.0009897211269035533,""first_derivative_median"":0.00032935199999999977,""first_derivative_samples"":197,""mean"":0.06281907630303032,""median"":0.049044349,""samples"":198,""second_derivative_mean"":0.0002900227091836735,""second_derivative_median"":0.0002037749999999998,""second_derivative_samples"":196}}",17.1488
p_2000.00_2000.00_0.00_2000.00_0.0800_7527.50_0.50_1.00.smt2,2000.00,2000.00,0.00,2000.00,0.0800,7527.50,0.50,1.00,Phaserr,"Success! {""attempt_count"":{""first_derivative_mean"":0.0,""first_derivative_median"":0.0,""first_derivative_samples"":197,""mean"":0.0,""median"":0.0,""samples"":198,""second_derivative_mean"":0.0,""second_derivative_median"":0.0,""second_derivative_samples"":196},""synth_time_seconds"":{""first_derivative_mean"":0.0009854034111675125,""first_derivative_median"":8.686700000000002e-05,""first_derivative_samples"":197,""mean"":0.0623811142070707,""median"":0.049148701,""samples"":198,""second_derivative_mean"":0.0003381841020408163,""second_derivative_median"":1.2857999999999273e-05,""second_derivative_samples"":196}}",15.5658
p_2000.00_2000.00_0.00_2000.00_0.0800_7527.50_1.00_0.50.smt2,2000.00,2000.00,0.00,2000.00,0.0800,7527.50,1.00,0.50,Phaserr,"Success! {""attempt_count"":{""first_derivative_mean"":0.0,""first_derivative_median"":0.0,""first_derivative_samples"":181,""mean"":0.0,""median"":0.0,""samples"":182,""second_derivative_mean"":0.0,""second_derivative_median"":0.0,""second_derivative_samples"":180},""synth_time_seconds"":{""first_derivative_mean"":0.0009048767348066299,""first_derivative_median"":0.00021046100000000033,""first_derivative_samples"":181,""mean"":0.054282199967032964,""median"":0.041809957999999994,""samples"":182,""second_derivative_mean"":0.00029363048888888897,""second_derivative_median"":0.00021629300000000021,""second_derivative_samples"":180}}",14.4611
p_2000.00_2000.00_0.00_2000.00_0.0800_7527.50_1.00_1.00.smt2,2000.00,2000.00,0.00,2000.00,0.0800,7527.50,1.00,1.00,Phaserr,"Success! {""attempt_count"":{""first_derivative_mean"":0.0,""first_derivative_median"":0.0,""first_derivative_samples"":181,""mean"":0.0,""median"":0.0,""samples"":182,""second_derivative_mean"":0.0,""second_derivative_median"":0.0,""second_derivative_samples"":180},""synth_time_seconds"":{""first_derivative_mean"":0.0009646111270718232,""first_derivative_median"":0.00023487600000000018,""first_derivative_samples"":181,""mean"":0.05469210707142856,""median"":0.043658666,""samples"":182,""second_derivative_mean"":0.00036718752222222216,""second_derivative_median"":0.00011359249999999977,""second_derivative_samples"":180}}",12.9649
p_2000.00_2000.00_0.00_2000.00_0.1000_10000.00_0.50_0.50.smt2,2000.00,2000.00,0.00,2000.00,0.1000,10000.00,0.50,0.50,Phaserr,"Success! {""attempt_count"":{""first_derivative_mean"":0.0,""first_derivative_median"":0.0,""first_derivative_samples"":155,""mean"":0.0,""median"":0.0,""samples"":156,""second_derivative_mean"":0.0,""second_derivative_median"":0.0,""second_derivative_samples"":154},""synth_time_seconds"":{""first_derivative_mean"":0.0005926335483870968,""first_derivative_median"":0.0003902799999999998,""first_derivative_samples"":155,""mean"":0.038842311525641014,""median"":0.033128096999999995,""samples"":156,""second_derivative_mean"":0.00010208082467532466,""second_derivative_median"":1.97719999999995e-05,""second_derivative_samples"":154}}",8.7172
p_2000.00_2000.00_0.00_2000.00_0.1000_10000.00_0.50_1.00.smt2,2000.00,2000.00,0.00,2000.00,0.1000,10000.00,0.50,1.00,Phaserr,"Success! {""attempt_count"":{""first_derivative_mean"":0.0,""first_derivative_median"":0.0,""first_derivative_samples"":155,""mean"":0.0,""median"":0.0,""samples"":156,""second_derivative_mean"":0.0,""second_derivative_median"":0.0,""second_derivative_samples"":154},""synth_time_seconds"":{""first_derivative_mean"":0.0007246304516129032,""first_derivative_median"":0.00020395099999999996,""first_derivative_samples"":155,""mean"":0.03907243153205128,""median"":0.034715053999999995,""samples"":156,""second_derivative_mean"":0.00022452035064935065,""second_derivative_median"":-6.313500000000062e-05,""second_derivative_samples"":154}}",10.0307
p_2000.00_2000.00_0.00_2000.00_0.1000_10000.00_1.00_0.50.smt2,2000.00,2000.00,0.00,2000.00,0.1000,10000.00,1.00,0.50,Phaserr,"Success! {""attempt_count"":{""first_derivative_mean"":0.0,""first_derivative_median"":0.0,""first_derivative_samples"":143,""mean"":0.0,""median"":0.0,""samples"":144,""second_derivative_mean"":0.0,""second_derivative_median"":0.0,""second_derivative_samples"":142},""synth_time_seconds"":{""first_derivative_mean"":0.0006432403006993007,""first_derivative_median"":0.00032762500000000066,""first_derivative_samples"":143,""mean"":0.03442549836805556,""median"":0.0293277095,""samples"":144,""second_derivative_mean"":0.00022111745070422538,""second_derivative_median"":-1.671399999999927e-05,""second_derivative_samples"":142}}",7.5557
p_2000.00_2000.00_0.00_2000.00_0.1000_10000.00_1.00_1.00.smt2,2000.00,2000.00,0.00,2000.00,0.1000,10000.00,1.00,1.00,Phaserr,"Success! {""attempt_count"":{""first_derivative_mean"":0.0,""first_derivative_median"":0.0,""first_derivative_samples"":143,""mean"":0.0,""median"":0.0,""samples"":144,""second_derivative_mean"":0.0,""second_derivative_median"":0.0,""second_derivative_samples"":142},""synth_time_seconds"":{""first_derivative_mean"":0.0009394783496503497,""first_derivative_median"":0.0001658409999999999,""first_derivative_samples"":143,""mean"":0.034285108458333345,""median"":0.0268076835,""samples"":144,""second_derivative_mean"":0.0004312335,""second_derivative_median"":0.00016106549999999904,""second_derivative_samples"":142}}",7.4734
p_2000.00_2000.00_0.00_2000.00_0.1000_110.00_0.50_0.50.smt2,2000.00,2000.00,0.00,2000.00,0.1000,110.00,0.50,0.50,Phaserr,"Success! {""attempt_count"":{""first_derivative_mean"":0.0,""first_derivative_median"":0.0,""first_derivative_samples"":155,""mean"":0.0,""median"":0.0,""samples"":156,""second_derivative_mean"":0.0,""second_derivative_median"":0.0,""second_derivative_samples"":154},""synth_time_seconds"":{""first_derivative_mean"":0.0005856083419354838,""first_derivative_median"":0.0002938099999999994,""first_derivative_samples"":155,""mean"":0.0413016824551282,""median"":0.037372258500000005,""samples"":156,""second_derivative_mean"":9.755924025974026e-05,""second_derivative_median"":2.477049999999965e-05,""second_derivative_samples"":154}}",9.2126
p_2000.00_2000.00_0.00_2000.00_0.1000_110.00_0.50_1.00.smt2,2000.00,2000.00,0.00,2000.00,0.1000,110.00,0.50,1.00,Phaserr,"Success! {""attempt_count"":{""first_derivative_mean"":0.0,""first_derivative_median"":0.0,""first_derivative_samples"":155,""mean"":0.0,""median"":0.0,""samples"":156,""second_derivative_mean"":0.0,""second_derivative_median"":0.0,""second_derivative_samples"":154},""synth_time_seconds"":{""first_derivative_mean"":0.0007255578387096774,""first_derivative_median"":0.0003228090000000003,""first_derivative_samples"":155,""mean"":0.03905313415384616,""median"":0.033309476000000005,""samples"":156,""second_derivative_mean"":0.00022402886363636363,""second_derivative_median"":5.1246999999999925e-05,""second_derivative_samples"":154}}",10.4992
p_2000.00_2000.00_0.00_2000.00_0.1000_110.00_1.00_0.50.smt2,2000.00,2000.00,0.00,2000.00,0.1000,110.00,1.00,0.50,Phaserr,"Success! {""attempt_count"":{""first_derivative_mean"":0.0,""first_derivative_median"":0.0,""first_derivative_samples"":143,""mean"":0.0,""median"":0.0,""samples"":144,""second_derivative_mean"":0.0,""second_derivative_median"":0.0,""second_derivative_samples"":142},""synth_time_seconds"":{""first_derivative_mean"":0.0006605113916083917,""first_derivative_median"":0.0004287919999999999,""first_derivative_samples"":143,""mean"":0.0350588084375,""median"":0.030007225,""samples"":144,""second_derivative_mean"":0.00019001560563380288,""second_derivative_median"":4.566500000000029e-05,""second_derivative_samples"":142}}",7.6452
p_2000.00_2000.00_0.00_2000.00_0.1000_110.00_1.00_1.00.smt2,2000.00,2000.00,0.00,2000.00,0.1000,110.00,1.00,1.00,Phaserr,"Success! {""attempt_count"":{""first_derivative_mean"":0.0,""first_derivative_median"":0.0,""first_derivative_samples"":143,""mean"":0.0,""median"":0.0,""samples"":144,""second_derivative_mean"":0.0,""second_derivative_median"":0.0,""second_derivative_samples"":142},""synth_time_seconds"":{""first_derivative_mean"":0.0006379308811188812,""first_derivative_median"":0.00018450600000000008,""first_derivative_samples"":143,""mean"":0.034911948222222225,""median"":0.029826433,""samples"":144,""second_derivative_mean"":0.00017051223239436617,""second_derivative_median"":0.0004451304999999999,""second_derivative_samples"":142}}",7.7115
p_2000.00_2000.00_0.00_2000.00_0.1000_2582.50_0.50_0.50.smt2,2000.00,2000.00,0.00,2000.00,0.1000,2582.50,0.50,0.50,Phaserr,"Success! {""attempt_count"":{""first_derivative_mean"":0.0,""first_derivative_median"":0.0,""first_derivative_samples"":155,""mean"":0.0,""median"":0.0,""samples"":156,""second_derivative_mean"":0.0,""second_derivative_median"":0.0,""second_derivative_samples"":154},""synth_time_seconds"":{""first_derivative_mean"":0.0007080525032258064,""first_derivative_median"":0.00024262100000000016,""first_derivative_samples"":155,""mean"":0.039659173006410246,""median"":0.0334571875,""samples"":156,""second_derivative_mean"":0.00021741795454545445,""second_derivative_median"":-6.49965000000005e-05,""second_derivative_samples"":154}}",8.8634
p_2000.00_2000.00_0.00_2000.00_0.1000_2582.50_0.50_1.00.smt2,2000.00,2000.00,0.00,2000.00,0.1000,2582.50,0.50,1.00,Phaserr,"Success! {""attempt_count"":{""first_derivative_mean"":0.0,""first_derivative_median"":0.0,""first_derivative_samples"":155,""mean"":0.0,""median"":0.0,""samples"":156,""second_derivative_mean"":0.0,""second_derivative_median"":0.0,""second_derivative_samples"":154},""synth_time_seconds"":{""first_derivative_mean"":0.0007953860774193548,""first_derivative_median"":0.00034801899999999976,""first_derivative_samples"":155,""mean"":0.03946138952564102,""median"":0.0328003475,""samples"":156,""second_derivative_mean"":0.0003116966493506493,""second_derivative_median"":2.9608999999999452e-05,""second_derivative_samples"":154}}",10.3192
p_2000.00_2000.00_0.00_2000.00_0.1000_2582.50_1.00_0.50.smt2,2000.00,2000.00,0.00,2000.00,0.1000,2582.50,1.00,0.50,Phaserr,"Success! {""attempt_count"":{""first_derivative_mean"":0.0,""first_derivative_median"":0.0,""first_derivative_samples"":143,""mean"":0.0,""median"":0.0,""samples"":144,""second_derivative_mean"":0.0,""second_derivative_median"":0.0,""second_derivative_samples"":142},""synth_time_seconds"":{""first_derivative_mean"":0.0006028283146853147,""first_derivative_median"":0.00022925399999999992,""first_derivative_samples"":143,""mean"":0.034179886875,""median"":0.029692304500000002,""samples"":144,""second_derivative_mean"":0.0001569972323943662,""second_derivative_median"":5.685400000000028e-05,""second_derivative_samples"":142}}",7.4534
p_2000.00_2000.00_0.00_2000.00_0.1000_2582.50_1.00_1.00.smt2,2000.00,2000.00,0.00,2000.00,0.1000,2582.50,1.00,1.00,Phaserr,"Success! {""attempt_count"":{""first_derivative_mean"":0.0,""first_derivative_median"":0.0,""first_derivative_samples"":143,""mean"":0.0,""median"":0.0,""samples"":144,""second_derivative_mean"":0.0,""second_derivative_median"":0.0,""second_derivative_samples"":142},""synth_time_seconds"":{""first_derivative_mean"":0.000633943958041958,""first_derivative_median"":0.00033745400000000005,""first_derivative_samples"":143,""mean"":0.03448166234027779,""median"":0.030325989,""samples"":144,""second_derivative_mean"":0.00016457861971830976,""second_derivative_median"":7.276400000000077e-05,""second_derivative_samples"":142}}",7.5484
p_2000.00_2000.00_0.00_2000.00_0.1000_5055.00_0.50_0.50.smt2,2000.00,2000.00,0.00,2000.00,0.1000,5055.00,0.50,0.50,Phaserr,"Success! {""attempt_count"":{""first_derivative_mean"":0.0,""first_derivative_median"":0.0,""first_derivative_samples"":155,""mean"":0.0,""median"":0.0,""samples"":156,""second_derivative_mean"":0.0,""second_derivative_median"":0.0,""second_derivative_samples"":154},""synth_time_seconds"":{""first_derivative_mean"":0.0005687852580645162,""first_derivative_median"":0.00031424899999999995,""first_derivative_samples"":155,""mean"":0.038482696141025646,""median"":0.0325560575,""samples"":156,""second_derivative_mean"":8.188265584415584e-05,""second_derivative_median"":2.3446500000000488e-05,""second_derivative_samples"":154}}",8.7706
p_2000.00_2000.00_0.00_2000.00_0.1000_5055.00_0.50_1.00.smt2,2000.00,2000.00,0.00,2000.00,0.1000,5055.00,0.50,1.00,Phaserr,"Success! {""attempt_count"":{""first_derivative_mean"":0.0,""first_derivative_median"":0.0,""first_derivative_samples"":155,""mean"":0.0,""median"":0.0,""samples"":156,""second_derivative_mean"":0.0,""second_derivative_median"":0.0,""second_derivative_samples"":154},""synth_time_seconds"":{""first_derivative_mean"":0.0007172437612903226,""first_derivative_median"":0.00024497400000000023,""first_derivative_samples"":155,""mean"":0.03864293868589745,""median"":0.032388269,""samples"":156,""second_derivative_mean"":0.0002023217532467532,""second_derivative_median"":4.248100000000046e-05,""second_derivative_samples"":154}}",10.3159
p_2000.00_2000.00_0.00_2000.00_0.1000_5055.00_1.00_0.50.smt2,2000.00,2000.00,0.00,2000.00,0.1000,5055.00,1.00,0.50,Phaserr,"Success! {""attempt_count"":{""first_derivative_mean"":0.0,""first_derivative_median"":0.0,""first_derivative_samples"":143,""mean"":0.0,""median"":0.0,""samples"":144,""second_derivative_mean"":0.0,""second_derivative_median"":0.0,""second_derivative_samples"":142},""synth_time_seconds"":{""first_derivative_mean"":0.0006739236433566433,""first_derivative_median"":0.0002199820000000005,""first_derivative_samples"":143,""mean"":0.03482729031944445,""median"":0.029032068,""samples"":144,""second_derivative_mean"":0.00022400693661971824,""second_derivative_median"":-4.516449999999962e-05,""second_derivative_samples"":142}}",7.6568
p_2000.00_2000.00_0.00_2000.00_0.1000_5055.00_1.00_1.00.smt2,2000.00,2000.00,0.00,2000.00,0.1000,5055.00,1.00,1.00,Phaserr,"Success! {""attempt_count"":{""first_derivative_mean"":0.0,""first_derivative_median"":0.0,""first_derivative_samples"":143,""mean"":0.0,""median"":0.0,""samples"":144,""second_derivative_mean"":0.0,""second_derivative_median"":0.0,""second_derivative_samples"":142},""synth_time_seconds"":{""first_derivative_mean"":0.000640601944055944,""first_derivative_median"":0.00021504999999999962,""first_derivative_samples"":143,""mean"":0.03444033415972222,""median"":0.0278595765,""samples"":144,""second_derivative_mean"":0.00016355021830985906,""second_derivative_median"":-8.859800000000006e-05,""second_derivative_samples"":142}}",7.5803
p_2000.00_2000.00_0.00_2000.00_0.1000_7527.50_0.50_0.50.smt2,2000.00,2000.00,0.00,2000.00,0.1000,7527.50,0.50,0.50,Phaserr,"Success! {""attempt_count"":{""first_derivative_mean"":0.0,""first_derivative_median"":0.0,""first_derivative_samples"":155,""mean"":0.0,""median"":0.0,""samples"":156,""second_derivative_mean"":0.0,""second_derivative_median"":0.0,""second_derivative_samples"":154},""synth_time_seconds"":{""first_derivative_mean"":0.0007354540774193548,""first_derivative_median"":0.0003758850000000003,""first_derivative_samples"":155,""mean"":0.038931423089743594,""median"":0.0335164015,""samples"":156,""second_derivative_mean"":0.0002304374155844156,""second_derivative_median"":0.0003109699999999998,""second_derivative_samples"":154}}",8.6881
p_2000.00_2000.00_0.00_2000.00_0.1000_7527.50_0.50_1.00.smt2,2000.00,2000.00,0.00,2000.00,0.1000,7527.50,0.50,1.00,Phaserr,"Success! {""attempt_count"":{""first_derivative_mean"":0.0,""first_derivative_median"":0.0,""first_derivative_samples"":155,""mean"":0.0,""median"":0.0,""samples"":156,""second_derivative_mean"":0.0,""second_derivative_median"":0.0,""second_derivative_samples"":154},""synth_time_seconds"":{""first_derivative_mean"":0.0007083174387096774,""first_derivative_median"":0.00021973299999999973,""first_derivative_samples"":155,""mean"":0.038799782269230775,""median"":0.0319015315,""samples"":156,""second_derivative_mean"":0.00023012370779220773,""second_derivative_median"":0.00019868800000000025,""second_derivative_samples"":154}}",10.1969
p_2000.00_2000.00_0.00_2000.00_0.1000_7527.50_1.00_0.50.smt2,2000.00,2000.00,0.00,2000.00,0.1000,7527.50,1.00,0.50,Phaserr,"Success! {""attempt_count"":{""first_derivative_mean"":0.0,""first_derivative_median"":0.0,""first_derivative_samples"":143,""mean"":0.0,""median"":0.0,""samples"":144,""second_derivative_mean"":0.0,""second_derivative_median"":0.0,""second_derivative_samples"":142},""synth_time_seconds"":{""first_derivative_mean"":0.0005893585734265735,""first_derivative_median"":0.00040919899999999985,""first_derivative_samples"":143,""mean"":0.03473559386111111,""median"":0.029732642,""samples"":144,""second_derivative_mean"":0.00014187457746478883,""second_derivative_median"":-9.356350000000024e-05,""second_derivative_samples"":142}}",7.6366
p_2000.00_2000.00_0.00_2000.00_0.1000_7527.50_1.00_1.00.smt2,2000.00,2000.00,0.00,2000.00,0.1000,7527.50,1.00,1.00,Phaserr,"Success! {""attempt_count"":{""first_derivative_mean"":0.0,""first_derivative_median"":0.0,""first_derivative_samples"":143,""mean"":0.0,""median"":0.0,""samples"":144,""second_derivative_mean"":0.0,""second_derivative_median"":0.0,""second_derivative_samples"":142},""synth_time_seconds"":{""first_derivative_mean"":0.0006530736293706294,""first_derivative_median"":0.00036277199999999905,""first_derivative_samples"":143,""mean"":0.034332049208333326,""median"":0.0299288865,""samples"":144,""second_derivative_mean"":0.00018755629577464787,""second_derivative_median"":5.0978000000000134e-05,""second_derivative_samples"":142}}",7.4895
p_2000.00_2000.00_0.00_2000.00_0.1200_10000.00_0.50_0.50.smt2,2000.00,2000.00,0.00,2000.00,0.1200,10000.00,0.50,0.50,Phaserr,"Success! {""attempt_count"":{""first_derivative_mean"":0.0,""first_derivative_median"":0.0,""first_derivative_samples"":127,""mean"":0.0,""median"":0.0,""samples"":128,""second_derivative_mean"":0.0,""second_derivative_median"":0.0,""second_derivative_samples"":126},""synth_time_seconds"":{""first_derivative_mean"":0.0006654211653543306,""first_derivative_median"":0.00035767199999999985,""first_derivative_samples"":127,""mean"":0.03256765811718751,""median"":0.0278280645,""samples"":128,""second_derivative_mean"":0.0002096638888888889,""second_derivative_median"":1.9420500000000198e-05,""second_derivative_samples"":126}}",6.8414
p_2000.00_2000.00_0.00_2000.00_0.1200_10000.00_0.50_1.00.smt2,2000.00,2000.00,0.00,2000.00,0.1200,10000.00,0.50,1.00,Phaserr,"Success! {""attempt_count"":{""first_derivative_mean"":0.0,""first_derivative_median"":0.0,""first_derivative_samples"":127,""mean"":0.0,""median"":0.0,""samples"":128,""second_derivative_mean"":0.0,""second_derivative_median"":0.0,""second_derivative_samples"":126},""synth_time_seconds"":{""first_derivative_mean"":0.0006477586850393701,""first_derivative_median"":0.000343828,""first_derivative_samples"":127,""mean"":0.0316413239296875,""median"":0.028231279999999997,""samples"":128,""second_derivative_mean"":0.00020438788095238097,""second_derivative_median"":3.6010000000002117e-06,""second_derivative_samples"":126}}",7.9956
p_2000.00_2000.00_0.00_2000.00_0.1200_10000.00_1.00_0.50.smt2,2000.00,2000.00,0.00,2000.00,0.1200,10000.00,1.00,0.50,Phaserr,"Success! {""attempt_count"":{""first_derivative_mean"":0.0,""first_derivative_median"":0.0,""first_derivative_samples"":117,""mean"":0.0,""median"":0.0,""samples"":118,""second_derivative_mean"":0.0,""second_derivative_median"":0.0,""second_derivative_samples"":116},""synth_time_seconds"":{""first_derivative_mean"":0.0006122250341880341,""first_derivative_median"":0.00016876599999999988,""first_derivative_samples"":117,""mean"":0.028610441796610177,""median"":0.026013098999999998,""samples"":118,""second_derivative_mean"":6.619906896551717e-05,""second_derivative_median"":0.0001757779999999997,""second_derivative_samples"":116}}",5.7668
p_2000.00_2000.00_0.00_2000.00_0.1200_10000.00_1.00_1.00.smt2,2000.00,2000.00,0.00,2000.00,0.1200,10000.00,1.00,1.00,Phaserr,"Success! {""attempt_count"":{""first_derivative_mean"":0.0,""first_derivative_median"":0.0,""first_derivative_samples"":117,""mean"":0.0,""median"":0.0,""samples"":118,""second_derivative_mean"":0.0,""second_derivative_median"":0.0,""second_derivative_samples"":116},""synth_time_seconds"":{""first_derivative_mean"":0.0006071862991452991,""first_derivative_median"":0.00016740600000000015,""first_derivative_samples"":117,""mean"":0.02844331474576272,""median"":0.0262629345,""samples"":118,""second_derivative_mean"":0.0001835788879310345,""second_derivative_median"":-7.533899999999935e-05,""second_derivative_samples"":116}}",5.7772
p_2000.00_2000.00_0.00_2000.00_0.1200_110.00_0.50_0.50.smt2,2000.00,2000.00,0.00,2000.00,0.1200,110.00,0.50,0.50,Phaserr,"Success! {""attempt_count"":{""first_derivative_mean"":0.0,""first_derivative_median"":0.0,""first_derivative_samples"":127,""mean"":0.0,""median"":0.0,""samples"":128,""second_derivative_mean"":0.0,""second_derivative_median"":0.0,""second_derivative_samples"":126},""synth_time_seconds"":{""first_derivative_mean"":0.0006155763307086614,""first_derivative_median"":0.00012839999999999987,""first_derivative_samples"":127,""mean"":0.03160440459374999,""median"":0.027888057,""samples"":128,""second_derivative_mean"":0.00011799361111111105,""second_derivative_median"":0.00013097399999999985,""second_derivative_samples"":126}}",6.5091
p_2000.00_2000.00_0.00_2000.00_0.1200_110.00_0.50_1.00.smt2,2000.00,2000.00,0.00,2000.00,0.1200,110.00,0.50,1.00,Phaserr,"Success! {""attempt_count"":{""first_derivative_mean"":0.0,""first_derivative_median"":0.0,""first_derivative_samples"":127,""mean"":0.0,""median"":0.0,""samples"":128,""second_derivative_mean"":0.0,""second_derivative_median"":0.0,""second_derivative_samples"":126},""synth_time_seconds"":{""first_derivative_mean"":0.000726953,""first_derivative_median"":0.00032322899999999953,""first_derivative_samples"":127,""mean"":0.031599528929687495,""median"":0.026397435,""samples"":128,""second_derivative_mean"":0.0002558080793650792,""second_derivative_median"":0.0001453254999999997,""second_derivative_samples"":126}}",6.6737
p_2000.00_2000.00_0.00_2000.00_0.1200_110.00_1.00_0.50.smt2,2000.00,2000.00,0.00,2000.00,0.1200,110.00,1.00,0.50,Phaserr,"Success! {""attempt_count"":{""first_derivative_mean"":0.0,""first_derivative_median"":0.0,""first_derivative_samples"":117,""mean"":0.0,""median"":0.0,""samples"":118,""second_derivative_mean"":0.0,""second_derivative_median"":0.0,""second_derivative_samples"":116},""synth_time_seconds"":{""first_derivative_mean"":0.0005810764615384616,""first_derivative_median"":0.00019311799999999994,""first_derivative_samples"":117,""mean"":0.027953039008474574,""median"":0.022933103,""samples"":118,""second_derivative_mean"":0.00016053499137931037,""second_derivative_median"":4.790549999999973e-05,""second_derivative_samples"":116}}",7.2641
p_2000.00_2000.00_0.00_2000.00_0.1200_110.00_1.00_1.00.smt2,2000.00,2000.00,0.00,2000.00,0.1200,110.00,1.00,1.00,Phaserr,"Success! {""attempt_count"":{""first_derivative_mean"":0.0,""first_derivative_median"":0.0,""first_derivative_samples"":117,""mean"":0.0,""median"":0.0,""samples"":118,""second_derivative_mean"":0.0,""second_derivative_median"":0.0,""second_derivative_samples"":116},""synth_time_seconds"":{""first_derivative_mean"":0.0005936731794871794,""first_derivative_median"":0.00023798200000000116,""first_derivative_samples"":117,""mean"":0.028379330313559315,""median"":0.022971259,""samples"":118,""second_derivative_mean"":0.00017604526724137925,""second_derivative_median"":0.0001908280000000001,""second_derivative_samples"":116}}",5.7193
p_2000.00_2000.00_0.00_2000.00_0.1200_2582.50_0.50_0.50.smt2,2000.00,2000.00,0.00,2000.00,0.1200,2582.50,0.50,0.50,Phaserr,"Success! {""attempt_count"":{""first_derivative_mean"":0.0,""first_derivative_median"":0.0,""first_derivative_samples"":127,""mean"":0.0,""median"":0.0,""samples"":128,""second_derivative_mean"":0.0,""second_derivative_median"":0.0,""second_derivative_samples"":126},""synth_time_seconds"":{""first_derivative_mean"":0.000648735842519685,""first_derivative_median"":0.000116372,""first_derivative_samples"":127,""mean"":0.03133558215625,""median"":0.0279040215,""samples"":128,""second_derivative_mean"":0.0002367761349206348,""second_derivative_median"":9.04094999999998e-05,""second_derivative_samples"":126}}",6.5224
p_2000.00_2000.00_0.00_2000.00_0.1200_2582.50_0.50_1.00.smt2,2000.00,2000.00,0.00,2000.00,0.1200,2582.50,0.50,1.00,Phaserr,"Success! {""attempt_count"":{""first_derivative_mean"":0.0,""first_derivative_median"":0.0,""first_derivative_samples"":127,""mean"":0.0,""median"":0.0,""samples"":128,""second_derivative_mean"":0.0,""second_derivative_median"":0.0,""second_derivative_samples"":126},""synth_time_seconds"":{""first_derivative_mean"":0.0006556948188976378,""first_derivative_median"":0.00016464799999999988,""first_derivative_samples"":127,""mean"":0.030767594984374997,""median"":0.026831340500000002,""samples"":128,""second_derivative_mean"":0.00021349251587301585,""second_derivative_median"":4.334499999999238e-06,""second_derivative_samples"":126}}",6.4249
p_2000.00_2000.00_0.00_2000.00_0.1200_2582.50_1.00_0.50.smt2,2000.00,2000.00,0.00,2000.00,0.1200,2582.50,1.00,0.50,Phaserr,"Success! {""attempt_count"":{""first_derivative_mean"":0.0,""first_derivative_median"":0.0,""first_derivative_samples"":117,""mean"":0.0,""median"":0.0,""samples"":118,""second_derivative_mean"":0.0,""second_derivative_median"":0.0,""second_derivative_samples"":116},""synth_time_seconds"":{""first_derivative_mean"":0.0005011892136752136,""first_derivative_median"":0.00035559200000000006,""first_derivative_samples"":117,""mean"":0.027968568915254243,""median"":0.025354090000000003,""samples"":118,""second_derivative_mean"":3.555806896551727e-05,""second_derivative_median"":5.663549999999993e-05,""second_derivative_samples"":116}}",5.7030
p_2000.00_2000.00_0.00_2000.00_0.1200_2582.50_1.00_1.00.smt2,2000.00,2000.00,0.00,2000.00,0.1200,2582.50,1.00,1.00,Phaserr,"Success! {""attempt_count"":{""first_derivative_mean"":0.0,""first_derivative_median"":0.0,""first_derivative_samples"":117,""mean"":0.0,""median"":0.0,""samples"":118,""second_derivative_mean"":0.0,""second_derivative_median"":0.0,""second_derivative_samples"":116},""synth_time_seconds"":{""first_derivative_mean"":0.0006309690256410258,""first_derivative_median"":0.00018753699999999977,""first_derivative_samples"":117,""mean"":0.02802753736440678,""median"":0.0243431485,""samples"":118,""second_derivative_mean"":0.00020333193965517245,""second_derivative_median"":0.0002266740000000005,""second_derivative_samples"":116}}",5.7108
p_2000.00_2000.00_0.00_2000.00_0.1200_5055.00_0.50_0.50.smt2,2000.00,2000.00,0.00,2000.00,0.1200,5055.00,0.50,0.50,Phaserr,"Success! {""attempt_count"":{""first_derivative_mean"":0.0,""first_derivative_median"":0.0,""first_derivative_samples"":127,""mean"":0.0,""median"":0.0,""samples"":128,""second_derivative_mean"":0.0,""second_derivative_median"":0.0,""second_derivative_samples"":126},""synth_time_seconds"":{""first_derivative_mean"":0.0006762147007874016,""first_derivative_median"":0.0003441099999999999,""first_derivative_samples"":127,""mean"":0.031941331062499995,""median"":0.0282177625,""samples"":128,""second_derivative_mean"":0.0002189698174603176,""second_derivative_median"":0.00019135599999999973,""second_derivative_samples"":126}}",8.0636
p_2000.00_2000.00_0.00_2000.00_0.1200_5055.00_0.50_1.00.smt2,2000.00,2000.00,0.00,2000.00,0.1200,5055.00,0.50,1.00,Phaserr,"Success! {""attempt_count"":{""first_derivative_mean"":0.0,""first_derivative_median"":0.0,""first_derivative_samples"":127,""mean"":0.0,""median"":0.0,""samples"":128,""second_derivative_mean"":0.0,""second_derivative_median"":0.0,""second_derivative_samples"":126},""synth_time_seconds"":{""first_derivative_mean"":0.000634188283464567,""first_derivative_median"":0.00013151100000000082,""first_derivative_samples"":127,""mean"":0.031370186601562496,""median"":0.028082328,""samples"":128,""second_derivative_mean"":0.00019829474603174613,""second_derivative_median"":0.00016095900000000045,""second_derivative_samples"":126}}",6.4707
p_2000.00_2000.00_0.00_2000.00_0.1200_5055.00_1.00_0.50.smt2,2000.00,2000.00,0.00,2000.00,0.1200,5055.00,1.00,0.50,Phaserr,"Success! {""attempt_count"":{""first_derivative_mean"":0.0,""first_derivative_median"":0.0,""first_derivative_samples"":117,""mean"":0.0,""median"":0.0,""samples"":118,""second_derivative_mean"":0.0,""second_derivative_median"":0.0,""second_derivative_samples"":116},""synth_time_seconds"":{""first_derivative_mean"":0.0006067149230769231,""first_derivative_median"":0.0003274790000000003,""first_derivative_samples"":117,""mean"":0.028106989949152544,""median"":0.025685429500000002,""samples"":118,""second_derivative_mean"":4.100568965517241e-05,""second_derivative_median"":0.00024283600000000061,""second_derivative_samples"":116}}",5.7468
p_2000.00_2000.00_0.00_2000.00_0.1200_5055.00_1.00_1.00.smt2,2000.00,2000.00,0.00,2000.00,0.1200,5055.00,1.00,1.00,Phaserr,"Success! {""attempt_count"":{""first_derivative_mean"":0.0,""first_derivative_median"":0.0,""first_derivative_samples"":117,""mean"":0.0,""median"":0.0,""samples"":118,""second_derivative_mean"":0.0,""second_derivative_median"":0.0,""second_derivative_samples"":116},""synth_time_seconds"":{""first_derivative_mean"":0.0006166986068376068,""first_derivative_median"":0.00023666600000000343,""first_derivative_samples"":117,""mean"":0.02799669727118644,""median"":0.024340366000000002,""samples"":118,""second_derivative_mean"":0.00019624454310344827,""second_derivative_median"":-4.389149999999963e-05,""second_derivative_samples"":116}}",5.6775
p_2000.00_2000.00_0.00_2000.00_0.1200_7527.50_0.50_0.50.smt2,2000.00,2000.00,0.00,2000.00,0.1200,7527.50,0.50,0.50,Phaserr,"Success! {""attempt_count"":{""first_derivative_mean"":0.0,""first_derivative_median"":0.0,""first_derivative_samples"":127,""mean"":0.0,""median"":0.0,""samples"":128,""second_derivative_mean"":0.0,""second_derivative_median"":0.0,""second_derivative_samples"":126},""synth_time_seconds"":{""first_derivative_mean"":0.0006837150866141733,""first_derivative_median"":0.00023456099999999945,""first_derivative_samples"":127,""mean"":0.031381429515624996,""median"":0.0264762865,""samples"":128,""second_derivative_mean"":0.00024824567460317456,""second_derivative_median"":5.5732499999999914e-05,""second_derivative_samples"":126}}",6.4572
p_2000.00_2000.00_0.00_2000.00_0.1200_7527.50_0.50_1.00.smt2,2000.00,2000.00,0.00,2000.00,0.1200,7527.50,0.50,1.00,Phaserr,"Success! {""attempt_count"":{""first_derivative_mean"":0.0,""first_derivative_median"":0.0,""first_derivative_samples"":127,""mean"":0.0,""median"":0.0,""samples"":128,""second_derivative_mean"":0.0,""second_derivative_median"":0.0,""second_derivative_samples"":126},""synth_time_seconds"":{""first_derivative_mean"":0.0005148808661417323,""first_derivative_median"":0.00023930700000000023,""first_derivative_samples"":127,""mean"":0.030490152437499994,""median"":0.025347952,""samples"":128,""second_derivative_mean"":8.544584126984128e-05,""second_derivative_median"":0.00022485749999999948,""second_derivative_samples"":126}}",7.9621
p_2000.00_2000.00_0.00_2000.00_0.1200_7527.50_1.00_0.50.smt2,2000.00,2000.00,0.00,2000.00,0.1200,7527.50,1.00,0.50,Phaserr,"Success! {""attempt_count"":{""first_derivative_mean"":0.0,""first_derivative_median"":0.0,""first_derivative_samples"":117,""mean"":0.0,""median"":0.0,""samples"":118,""second_derivative_mean"":0.0,""second_derivative_median"":0.0,""second_derivative_samples"":116},""synth_time_seconds"":{""first_derivative_mean"":0.000496114,""first_derivative_median"":0.00018696499999999987,""first_derivative_samples"":117,""mean"":0.027771307762711864,""median"":0.023752484,""samples"":118,""second_derivative_mean"":6.862722413793103e-05,""second_derivative_median"":-0.00014117600000000024,""second_derivative_samples"":116}}",5.6679
p_2000.00_2000.00_0.00_2000.00_0.1200_7527.50_1.00_1.00.smt2,2000.00,2000.00,0.00,2000.00,0.1200,7527.50,1.00,1.00,Phaserr,"Success! {""attempt_count"":{""first_derivative_mean"":0.0,""first_derivative_median"":0.0,""first_derivative_samples"":117,""mean"":0.0,""median"":0.0,""samples"":118,""second_derivative_mean"":0.0,""second_derivative_median"":0.0,""second_derivative_samples"":116},""synth_time_seconds"":{""first_derivative_mean"":0.0006171082478632478,""first_derivative_median"":9.521100000000043e-05,""first_derivative_samples"":117,""mean"":0.0282372641779661,""median"":0.023586202,""samples"":118,""second_derivative_mean"":0.0001799579913793103,""second_derivative_median"":0.0002461239999999999,""second_derivative_samples"":116}}",5.7701
p_2000.00_4000.00_0.00_2000.00_0.0800_10000.00_0.50_0.50.smt2,2000.00,4000.00,0.00,2000.00,0.0800,10000.00,0.50,0.50,Phaserr,"Success! {""attempt_count"":{""first_derivative_mean"":0.0,""first_derivative_median"":0.0,""first_derivative_samples"":213,""mean"":0.0,""median"":0.0,""samples"":214,""second_derivative_mean"":0.0,""second_derivative_median"":0.0,""second_derivative_samples"":212},""synth_time_seconds"":{""first_derivative_mean"":0.0011964095539906104,""first_derivative_median"":0.00020009500000000083,""first_derivative_samples"":213,""mean"":0.07243121089719624,""median"":0.052846594499999996,""samples"":214,""second_derivative_mean"":0.0003981507783018869,""second_derivative_median"":0.0002803939999999998,""second_derivative_samples"":212}}",20.4031
p_2000.00_4000.00_0.00_2000.00_0.0800_10000.00_0.50_1.00.smt2,2000.00,4000.00,0.00,2000.00,0.0800,10000.00,0.50,1.00,Phaserr,"Success! {""attempt_count"":{""first_derivative_mean"":0.0,""first_derivative_median"":0.0,""first_derivative_samples"":213,""mean"":0.0,""median"":0.0,""samples"":214,""second_derivative_mean"":0.0,""second_derivative_median"":0.0,""second_derivative_samples"":212},""synth_time_seconds"":{""first_derivative_mean"":0.0010400849483568075,""first_derivative_median"":0.00017911799999999894,""first_derivative_samples"":213,""mean"":0.07334846897196261,""median"":0.054706317500000004,""samples"":214,""second_derivative_mean"":0.0003073167971698112,""second_derivative_median"":-0.00018902700000000003,""second_derivative_samples"":212}}",19.1171
p_2000.00_4000.00_0.00_2000.00_0.0800_10000.00_1.00_0.50.smt2,2000.00,4000.00,0.00,2000.00,0.0800,10000.00,1.00,0.50,Phaserr,"Success! {""attempt_count"":{""first_derivative_mean"":0.0,""first_derivative_median"":0.0,""first_derivative_samples"":197,""mean"":0.0,""median"":0.0,""samples"":198,""second_derivative_mean"":0.0,""second_derivative_median"":0.0,""second_derivative_samples"":196},""synth_time_seconds"":{""first_derivative_mean"":0.0009964765989847716,""first_derivative_median"":0.0004037779999999996,""first_derivative_samples"":197,""mean"":0.06387232630808082,""median"":0.049221226,""samples"":198,""second_derivative_mean"":0.00034765112755102045,""second_derivative_median"":0.00013145599999999985,""second_derivative_samples"":196}}",17.4365
p_2000.00_4000.00_0.00_2000.00_0.0800_10000.00_1.00_1.00.smt2,2000.00,4000.00,0.00,2000.00,0.0800,10000.00,1.00,1.00,Phaserr,"Success! {""attempt_count"":{""first_derivative_mean"":0.0,""first_derivative_median"":0.0,""first_derivative_samples"":197,""mean"":0.0,""median"":0.0,""samples"":198,""second_derivative_mean"":0.0,""second_derivative_median"":0.0,""second_derivative_samples"":196},""synth_time_seconds"":{""first_derivative_mean"":0.0009739665939086294,""first_derivative_median"":0.00026426399999999843,""first_derivative_samples"":197,""mean"":0.0628338227929293,""median"":0.045524400000000007,""samples"":198,""second_derivative_mean"":0.0002963562959183673,""second_derivative_median"":3.420349999999975e-05,""second_derivative_samples"":196}}",15.5959
p_2000.00_4000.00_0.00_2000.00_0.0800_110.00_0.50_0.50.smt2,2000.00,4000.00,0.00,2000.00,0.0800,110.00,0.50,0.50,Phaserr,"Success! {""attempt_count"":{""first_derivative_mean"":0.0,""first_derivative_median"":0.0,""first_derivative_samples"":213,""mean"":0.0,""median"":0.0,""samples"":214,""second_derivative_mean"":0.0,""second_derivative_median"":0.0,""second_derivative_samples"":212},""synth_time_seconds"":{""first_derivative_mean"":0.0011412454178403755,""first_derivative_median"":0.00017773599999999952,""first_derivative_samples"":213,""mean"":0.0723190705280374,""median"":0.0507094245,""samples"":214,""second_derivative_mean"":0.00030105832547169803,""second_derivative_median"":0.0003530169999999993,""second_derivative_samples"":212}}",20.3792
p_2000.00_4000.00_0.00_2000.00_0.0800_110.00_0.50_1.00.smt2,2000.00,4000.00,0.00,2000.00,0.0800,110.00,0.50,1.00,Phaserr,"Success! {""attempt_count"":{""first_derivative_mean"":0.0,""first_derivative_median"":0.0,""first_derivative_samples"":213,""mean"":0.0,""median"":0.0,""samples"":214,""second_derivative_mean"":0.0,""second_derivative_median"":0.0,""second_derivative_samples"":212},""synth_time_seconds"":{""first_derivative_mean"":0.0011053989953051643,""first_derivative_median"":0.0003073959999999997,""first_derivative_samples"":213,""mean"":0.0725584858598131,""median"":0.052796288,""samples"":214,""second_derivative_mean"":0.00040424983018867906,""second_derivative_median"":-2.867949999999994e-05,""second_derivative_samples"":212}}",18.8587
p_2000.00_4000.00_0.00_2000.00_0.0800_110.00_1.00_0.50.smt2,2000.00,4000.00,0.00,2000.00,0.0800,110.00,1.00,0.50,Phaserr,"Success! {""attempt_count"":{""first_derivative_mean"":0.0,""first_derivative_median"":0.0,""first_derivative_samples"":197,""mean"":0.0,""median"":0.0,""samples"":198,""second_derivative_mean"":0.0,""second_derivative_median"":0.0,""second_derivative_samples"":196},""synth_time_seconds"":{""first_derivative_mean"":0.001103805269035533,""first_derivative_median"":0.00022754299999999845,""first_derivative_samples"":197,""mean"":0.06432694387373737,""median"":0.0485037615,""samples"":198,""second_derivative_mean"":0.00043799437244897946,""second_derivative_median"":-0.00015337749999999985,""second_derivative_samples"":196}}",17.4770
p_2000.00_4000.00_0.00_2000.00_0.0800_110.00_1.00_1.00.smt2,2000.00,4000.00,0.00,2000.00,0.0800,110.00,1.00,1.00,Phaserr,"Success! {""attempt_count"":{""first_derivative_mean"":0.0,""first_derivative_median"":0.0,""first_derivative_samples"":197,""mean"":0.0,""median"":0.0,""samples"":198,""second_derivative_mean"":0.0,""second_derivative_median"":0.0,""second_derivative_samples"":196},""synth_time_seconds"":{""first_derivative_mean"":0.0009639975736040609,""first_derivative_median"":0.00033560399999999976,""first_derivative_samples"":197,""mean"":0.061775550646464665,""median"":0.046712338000000006,""samples"":198,""second_derivative_mean"":0.0003158115561224491,""second_derivative_median"":9.505600000000005e-05,""second_derivative_samples"":196}}",15.4094
p_2000.00_4000.00_0.00_2000.00_0.0800_2582.50_0.50_0.50.smt2,2000.00,4000.00,0.00,2000.00,0.0800,2582.50,0.50,0.50,Phaserr,"Success! {""attempt_count"":{""first_derivative_mean"":0.0,""first_derivative_median"":0.0,""first_derivative_samples"":213,""mean"":0.0,""median"":0.0,""samples"":214,""second_derivative_mean"":0.0,""second_derivative_median"":0.0,""second_derivative_samples"":212},""synth_time_seconds"":{""first_derivative_mean"":0.0011919983615023475,""first_derivative_median"":0.00019188400000000067,""first_derivative_samples"":213,""mean"":0.07288604844392524,""median"":0.054312332000000005,""samples"":214,""second_derivative_mean"":0.0004757278632075471,""second_derivative_median"":7.268249999999987e-05,""second_derivative_samples"":212}}",20.4947
p_2000.00_4000.00_0.00_2000.00_0.0800_2582.50_0.50_1.00.smt2,2000.00,4000.00,0.00,2000.00,0.0800,2582.50,0.50,1.00,Phaserr,"Success! {""attempt_count"":{""first_derivative_mean"":0.0,""first_derivative_median"":0.0,""first_derivative_samples"":213,""mean"":0.0,""median"":0.0,""samples"":214,""second_derivative_mean"":0.0,""second_derivative_median"":0.0,""second_derivative_samples"":212},""synth_time_seconds"":{""first_derivative_mean"":0.0011140252065727698,""first_derivative_median"":0.00025749000000000084,""first_derivative_samples"":213,""mean"":0.07189149866822428,""median"":0.0554148825,""samples"":214,""second_derivative_mean"":0.0003900245141509435,""second_derivative_median"":0.00013566349999999958,""second_derivative_samples"":212}}",18.7367
p_2000.00_4000.00_0.00_2000.00_0.0800_2582.50_1.00_0.50.smt2,2000.00,4000.00,0.00,2000.00,0.0800,2582.50,1.00,0.50,Phaserr,"Success! {""attempt_count"":{""first_derivative_mean"":0.0,""first_derivative_median"":0.0,""first_derivative_samples"":197,""mean"":0.0,""median"":0.0,""samples"":198,""second_derivative_mean"":0.0,""second_derivative_median"":0.0,""second_derivative_samples"":196},""synth_time_seconds"":{""first_derivative_mean"":0.001062026187817259,""first_derivative_median"":0.0003290910000000001,""first_derivative_samples"":197,""mean"":0.06430857178787878,""median"":0.0504778825,""samples"":198,""second_derivative_mean"":0.00039986645918367337,""second_derivative_median"":0.00033861649999999965,""second_derivative_samples"":196}}",17.6054
p_2000.00_4000.00_0.00_2000.00_0.0800_2582.50_1.00_1.00.smt2,2000.00,4000.00,0.00,2000.00,0.0800,2582.50,1.00,1.00,Phaserr,"Success! {""attempt_count"":{""first_derivative_mean"":0.0,""first_derivative_median"":0.0,""first_derivative_samples"":197,""mean"":0.0,""median"":0.0,""samples"":198,""second_derivative_mean"":0.0,""second_derivative_median"":0.0,""second_derivative_samples"":196},""synth_time_seconds"":{""first_derivative_mean"":0.0011077817055837563,""first_derivative_median"":0.00022586199999999942,""first_derivative_samples"":197,""mean"":0.06344900275252524,""median"":0.0457746385,""samples"":198,""second_derivative_mean"":0.00044593568367346935,""second_derivative_median"":-0.0001173725000000003,""second_derivative_samples"":196}}",15.7742
p_2000.00_4000.00_0.00_2000.00_0.0800_5055.00_0.50_0.50.smt2,2000.00,4000.00,0.00,2000.00,0.0800,5055.00,0.50,0.50,Phaserr,"Success! {""attempt_count"":{""first_derivative_mean"":0.0,""first_derivative_median"":0.0,""first_derivative_samples"":213,""mean"":0.0,""median"":0.0,""samples"":214,""second_derivative_mean"":0.0,""second_derivative_median"":0.0,""second_derivative_samples"":212},""synth_time_seconds"":{""first_derivative_mean"":0.0011314282394366197,""first_derivative_median"":0.00019033899999999944,""first_derivative_samples"":213,""mean"":0.07366814228504676,""median"":0.054653921,""samples"":214,""second_derivative_mean"":0.0004249262641509436,""second_derivative_median"":-5.387849999999956e-05,""second_derivative_samples"":212}}",20.7958
p_2000.00_4000.00_0.00_2000.00_0.0800_5055.00_0.50_1.00.smt2,2000.00,4000.00,0.00,2000.00,0.0800,5055.00,0.50,1.00,Phaserr,"Success! {""attempt_count"":{""first_derivative_mean"":0.0,""first_derivative_median"":0.0,""first_derivative_samples"":213,""mean"":0.0,""median"":0.0,""samples"":214,""second_derivative_mean"":0.0,""second_derivative_median"":0.0,""second_derivative_samples"":212},""synth_time_seconds"":{""first_derivative_mean"":0.0011069594131455397,""first_derivative_median"":0.00028107099999999906,""first_derivative_samples"":213,""mean"":0.07347413606542057,""median"":0.054788514999999996,""samples"":214,""second_derivative_mean"":0.0003603243490566039,""second_derivative_median"":0.0001535515000000002,""second_derivative_samples"":212}}",20.7192
p_2000.00_4000.00_0.00_2000.00_0.0800_5055.00_1.00_0.50.smt2,2000.00,4000.00,0.00,2000.00,0.0800,5055.00,1.00,0.50,Phaserr,"Success! {""attempt_count"":{""first_derivative_mean"":0.0,""first_derivative_median"":0.0,""first_derivative_samples"":197,""mean"":0.0,""median"":0.0,""samples"":198,""second_derivative_mean"":0.0,""second_derivative_median"":0.0,""second_derivative_samples"":196},""synth_time_seconds"":{""first_derivative_mean"":0.0009353579949238578,""first_derivative_median"":0.00027429299999999924,""first_derivative_samples"":197,""mean"":0.06114450361111113,""median"":0.0468397,""samples"":198,""second_derivative_mean"":0.0003263365459183672,""second_derivative_median"":-3.738600000000036e-05,""second_derivative_samples"":196}}",15.3208
p_2000.00_4000.00_0.00_2000.00_0.0800_5055.00_1.00_1.00.smt2,2000.00,4000.00,0.00,2000.00,0.0800,5055.00,1.00,1.00,Phaserr,"Success! {""attempt_count"":{""first_derivative_mean"":0.0,""first_derivative_median"":0.0,""first_derivative_samples"":197,""mean"":0.0,""median"":0.0,""samples"":198,""second_derivative_mean"":0.0,""second_derivative_median"":0.0,""second_derivative_samples"":196},""synth_time_seconds"":{""first_derivative_mean"":0.0010285281522842639,""first_derivative_median"":0.0003089579999999998,""first_derivative_samples"":197,""mean"":0.06380770463131312,""median"":0.047022127,""samples"":198,""second_derivative_mean"":0.0003268723112244898,""second_derivative_median"":-9.567499999999993e-05,""second_derivative_samples"":196}}",17.4795
p_2000.00_4000.00_0.00_2000.00_0.0800_7527.50_0.50_0.50.smt2,2000.00,4000.00,0.00,2000.00,0.0800,7527.50,0.50,0.50,Phaserr,"Success! {""attempt_count"":{""first_derivative_mean"":0.0,""first_derivative_median"":0.0,""first_derivative_samples"":213,""mean"":0.0,""median"":0.0,""samples"":214,""second_derivative_mean"":0.0,""second_derivative_median"":0.0,""second_derivative_samples"":212},""synth_time_seconds"":{""first_derivative_mean"":0.001137260896713615,""first_derivative_median"":0.0002418429999999994,""first_derivative_samples"":213,""mean"":0.07038442388785048,""median"":0.052663218,""samples"":214,""second_derivative_mean"":0.0004203311745283017,""second_derivative_median"":-1.2385000000003643e-06,""second_derivative_samples"":212}}",18.4789
p_2000.00_4000.00_0.00_2000.00_0.0800_7527.50_0.50_1.00.smt2,2000.00,4000.00,0.00,2000.00,0.0800,7527.50,0.50,1.00,Phaserr,"Success! {""attempt_count"":{""first_derivative_mean"":0.0,""first_derivative_median"":0.0,""first_derivative_samples"":213,""mean"":0.0,""median"":0.0,""samples"":214,""second_derivative_mean"":0.0,""second_derivative_median"":0.0,""second_derivative_samples"":212},""synth_time_seconds"":{""first_derivative_mean"":0.0011056385633802816,""first_derivative_median"":0.000299611,""first_derivative_samples"":213,""mean"":0.07331580288317759,""median"":0.053945782,""samples"":214,""second_derivative_mean"":0.0003926965801886792,""second_derivative_median"":-0.0001370764999999996,""second_derivative_samples"":212}}",20.6490
p_2000.00_4000.00_0.00_2000.00_0.0800_7527.50_1.00_0.50.smt2,2000.00,4000.00,0.00,2000.00,0.0800,7527.50,1.00,0.50,Phaserr,"Success! {""attempt_count"":{""first_derivative_mean"":0.0,""first_derivative_median"":0.0,""first_derivative_samples"":197,""mean"":0.0,""median"":0.0,""samples"":198,""second_derivative_mean"":0.0,""second_derivative_median"":0.0,""second_derivative_samples"":196},""synth_time_seconds"":{""first_derivative_mean"":0.000992063030456853,""first_derivative_median"":0.00025982599999999946,""first_derivative_samples"":197,""mean"":0.0614046884848485,""median"":0.0457253345,""samples"":198,""second_derivative_mean"":0.0003397822704081633,""second_derivative_median"":0.00013983099999999998,""second_derivative_samples"":196}}",15.3143
p_2000.00_4000.00_0.00_2000.00_0.0800_7527.50_1.00_1.00.smt2,2000.00,4000.00,0.00,2000.00,0.0800,7527.50,1.00,1.00,Phaserr,"Success! {""attempt_count"":{""first_derivative_mean"":0.0,""first_derivative_median"":0.0,""first_derivative_samples"":197,""mean"":0.0,""median"":0.0,""samples"":198,""second_derivative_mean"":0.0,""second_derivative_median"":0.0,""second_derivative_samples"":196},""synth_time_seconds"":{""first_derivative_mean"":0.001085177005076142,""first_derivative_median"":0.000298937,""first_derivative_samples"":197,""mean"":0.06430339243939394,""median"":0.048544016,""samples"":198,""second_derivative_mean"":0.00042023942346938763,""second_derivative_median"":9.666999999999228e-06,""second_derivative_samples"":196}}",17.5400
p_2000.00_4000.00_0.00_2000.00_0.1000_10000.00_0.50_0.50.smt2,2000.00,4000.00,0.00,2000.00,0.1000,10000.00,0.50,0.50,Phaserr,"Success! {""attempt_count"":{""first_derivative_mean"":0.0,""first_derivative_median"":0.0,""first_derivative_samples"":169,""mean"":0.0,""median"":0.0,""samples"":170,""second_derivative_mean"":0.0,""second_derivative_median"":0.0,""second_derivative_samples"":168},""synth_time_seconds"":{""first_derivative_mean"":0.0006194592189349113,""first_derivative_median"":0.0002676409999999999,""first_derivative_samples"":169,""mean"":0.04313520722352943,""median"":0.0347503895,""samples"":170,""second_derivative_mean"":8.851582738095244e-05,""second_derivative_median"":-1.3500000000266771e-08,""second_derivative_samples"":168}}",10.0861
p_2000.00_4000.00_0.00_2000.00_0.1000_10000.00_0.50_1.00.smt2,2000.00,4000.00,0.00,2000.00,0.1000,10000.00,0.50,1.00,Phaserr,"Success! {""attempt_count"":{""first_derivative_mean"":0.0,""first_derivative_median"":0.0,""first_derivative_samples"":169,""mean"":0.0,""median"":0.0,""samples"":170,""second_derivative_mean"":0.0,""second_derivative_median"":0.0,""second_derivative_samples"":168},""synth_time_seconds"":{""first_derivative_mean"":0.000611949976331361,""first_derivative_median"":0.0003080670000000004,""first_derivative_samples"":169,""mean"":0.04447918437058823,""median"":0.036626291,""samples"":170,""second_derivative_mean"":7.647408928571439e-05,""second_derivative_median"":7.450100000000025e-05,""second_derivative_samples"":168}}",10.3924
p_2000.00_4000.00_0.00_2000.00_0.1000_10000.00_1.00_0.50.smt2,2000.00,4000.00,0.00,2000.00,0.1000,10000.00,1.00,0.50,Phaserr,"Success! {""attempt_count"":{""first_derivative_mean"":0.0,""first_derivative_median"":0.0,""first_derivative_samples"":155,""mean"":0.0,""median"":0.0,""samples"":156,""second_derivative_mean"":0.0,""second_derivative_median"":0.0,""second_derivative_samples"":154},""synth_time_seconds"":{""first_derivative_mean"":0.0006350027741935483,""first_derivative_median"":0.0003118890000000001,""first_derivative_samples"":155,""mean"":0.03840198824358975,""median"":0.033048985,""samples"":156,""second_derivative_mean"":0.0001389873766233766,""second_derivative_median"":0.00013815050000000025,""second_derivative_samples"":154}}",10.3303
p_2000.00_4000.00_0.00_2000.00_0.1000_10000.00_1.00_1.00.smt2,2000.00,4000.00,0.00,2000.00,0.1000,10000.00,1.00,1.00,Phaserr,"Success! {""attempt_count"":{""first_derivative_mean"":0.0,""first_derivative_median"":0.0,""first_derivative_samples"":155,""mean"":0.0,""median"":0.0,""samples"":156,""second_derivative_mean"":0.0,""second_derivative_median"":0.0,""second_derivative_samples"":154},""synth_time_seconds"":{""first_derivative_mean"":0.0007230618129032257,""first_derivative_median"":0.0002683570000000003,""first_derivative_samples"":155,""mean"":0.03898187376923077,""median"":0.033207967500000005,""samples"":156,""second_derivative_mean"":0.0002351547207792208,""second_derivative_median"":5.5150500000000074e-05,""second_derivative_samples"":154}}",8.7489
p_2000.00_4000.00_0.00_2000.00_0.1000_110.00_0.50_0.50.smt2,2000.00,4000.00,0.00,2000.00,0.1000,110.00,0.50,0.50,Phaserr,"Success! {""attempt_count"":{""first_derivative_mean"":0.0,""first_derivative_median"":0.0,""first_derivative_samples"":169,""mean"":0.0,""median"":0.0,""samples"":170,""second_derivative_mean"":0.0,""second_derivative_median"":0.0,""second_derivative_samples"":168},""synth_time_seconds"":{""first_derivative_mean"":0.0006015719822485207,""first_derivative_median"":0.00019351000000000004,""first_derivative_samples"":169,""mean"":0.0437198108764706,""median"":0.036798825,""samples"":170,""second_derivative_mean"":7.849835714285718e-05,""second_derivative_median"":0.00011958399999999984,""second_derivative_samples"":168}}",10.4241
p_2000.00_4000.00_0.00_2000.00_0.1000_110.00_0.50_1.00.smt2,2000.00,4000.00,0.00,2000.00,0.1000,110.00,0.50,1.00,Phaserr,"Success! {""attempt_count"":{""first_derivative_mean"":0.0,""first_derivative_median"":0.0,""first_derivative_samples"":169,""mean"":0.0,""median"":0.0,""samples"":170,""second_derivative_mean"":0.0,""second_derivative_median"":0.0,""second_derivative_samples"":168},""synth_time_seconds"":{""first_derivative_mean"":0.0006383007041420118,""first_derivative_median"":0.00025484900000000057,""first_derivative_samples"":169,""mean"":0.04450884931764705,""median"":0.03735896599999999,""samples"":170,""second_derivative_mean"":6.470589880952381e-05,""second_derivative_median"":2.2726499999999993e-05,""second_derivative_samples"":168}}",12.1641
p_2000.00_4000.00_0.00_2000.00_0.1000_110.00_1.00_0.50.smt2,2000.00,4000.00,0.00,2000.00,0.1000,110.00,1.00,0.50,Phaserr,"Success! {""attempt_count"":{""first_derivative_mean"":0.0,""first_derivative_median"":0.0,""first_derivative_samples"":155,""mean"":0.0,""median"":0.0,""samples"":156,""second_derivative_mean"":0.0,""second_derivative_median"":0.0,""second_derivative_samples"":154},""synth_time_seconds"":{""first_derivative_mean"":0.0006941822000000001,""first_derivative_median"":0.00021708600000000002,""first_derivative_samples"":155,""mean"":0.038308797987179496,""median"":0.031523716,""samples"":156,""second_derivative_mean"":0.0002070920584415584,""second_derivative_median"":0.00015346250000000108,""second_derivative_samples"":154}}",8.7303
p_2000.00_4000.00_0.00_2000.00_0.1000_110.00_1.00_1.00.smt2,2000.00,4000.00,0.00,2000.00,0.1000,110.00,1.00,1.00,Phaserr,"Success! {""attempt_count"":{""first_derivative_mean"":0.0,""first_derivative_median"":0.0,""first_derivative_samples"":155,""mean"":0.0,""median"":0.0,""samples"":156,""second_derivative_mean"":0.0,""second_derivative_median"":0.0,""second_derivative_samples"":154},""synth_time_seconds"":{""first_derivative_mean"":0.0007343547677419355,""first_derivative_median"":0.00027542099999999965,""first_derivative_samples"":155,""mean"":0.03855781196153845,""median"":0.033276937,""samples"":156,""second_derivative_mean"":0.0002261746753246754,""second_derivative_median"":6.4649999999997695e-06,""second_derivative_samples"":154}}",8.5762
p_2000.00_4000.00_0.00_2000.00_0.1000_2582.50_0.50_0.50.smt2,2000.00,4000.00,0.00,2000.00,0.1000,2582.50,0.50,0.50,Phaserr,"Success! {""attempt_count"":{""first_derivative_mean"":0.0,""first_derivative_median"":0.0,""first_derivative_samples"":169,""mean"":0.0,""median"":0.0,""samples"":170,""second_derivative_mean"":0.0,""second_derivative_median"":0.0,""second_derivative_samples"":168},""synth_time_seconds"":{""first_derivative_mean"":0.0007730037396449705,""first_derivative_median"":0.0002970890000000004,""first_derivative_samples"":169,""mean"":0.04472360899411766,""median"":0.035981570500000004,""samples"":170,""second_derivative_mean"":0.00022140734523809524,""second_derivative_median"":-5.053550000000016e-05,""second_derivative_samples"":168}}",10.4103
p_2000.00_4000.00_0.00_2000.00_0.1000_2582.50_0.50_1.00.smt2,2000.00,4000.00,0.00,2000.00,0.1000,2582.50,0.50,1.00,Phaserr,"Success! {""attempt_count"":{""first_derivative_mean"":0.0,""first_derivative_median"":0.0,""first_derivative_samples"":169,""mean"":0.0,""median"":0.0,""samples"":170,""second_derivative_mean"":0.0,""second_derivative_median"":0.0,""second_derivative_samples"":168},""synth_time_seconds"":{""first_derivative_mean"":0.0006089315207100592,""first_derivative_median"":0.00026428400000000005,""first_derivative_samples"":169,""mean"":0.044648792758823545,""median"":0.037802425,""samples"":170,""second_derivative_mean"":7.256649404761905e-05,""second_derivative_median"":0.00020561600000000005,""second_derivative_samples"":168}}",12.1531
p_2000.00_4000.00_0.00_2000.00_0.1000_2582.50_1.00_0.50.smt2,2000.00,4000.00,0.00,2000.00,0.1000,2582.50,1.00,0.50,Phaserr,"Success! {""attempt_count"":{""first_derivative_mean"":0.0,""first_derivative_median"":0.0,""first_derivative_samples"":155,""mean"":0.0,""median"":0.0,""samples"":156,""second_derivative_mean"":0.0,""second_derivative_median"":0.0,""second_derivative_samples"":154},""synth_time_seconds"":{""first_derivative_mean"":0.0005476495096774194,""first_derivative_median"":0.00020349799999999987,""first_derivative_samples"":155,""mean"":0.03725365455128205,""median"":0.0312904415,""samples"":156,""second_derivative_mean"":6.571262987012987e-05,""second_derivative_median"":5.475499999999748e-06,""second_derivative_samples"":154}}",8.4506
p_2000.00_4000.00_0.00_2000.00_0.1000_2582.50_1.00_1.00.smt2,2000.00,4000.00,0.00,2000.00,0.1000,2582.50,1.00,1.00,Phaserr,"Success! {""attempt_count"":{""first_derivative_mean"":0.0,""first_derivative_median"":0.0,""first_derivative_samples"":155,""mean"":0.0,""median"":0.0,""samples"":156,""second_derivative_mean"":0.0,""second_derivative_median"":0.0,""second_derivative_samples"":154},""synth_time_seconds"":{""first_derivative_mean"":0.000661981929032258,""first_derivative_median"":0.00011508899999999964,""first_derivative_samples"":155,""mean"":0.03814402494871794,""median"":0.0332915425,""samples"":156,""second_derivative_mean"":0.00015451057142857138,""second_derivative_median"":-6.271750000000093e-05,""second_derivative_samples"":154}}",8.5560
p_2000.00_4000.00_0.00_2000.00_0.1000_5055.00_0.50_0.50.smt2,2000.00,4000.00,0.00,2000.00,0.1000,5055.00,0.50,0.50,Phaserr,"Success! {""attempt_count"":{""first_derivative_mean"":0.0,""first_derivative_median"":0.0,""first_derivative_samples"":169,""mean"":0.0,""median"":0.0,""samples"":170,""second_derivative_mean"":0.0,""second_derivative_median"":0.0,""second_derivative_samples"":168},""synth_time_seconds"":{""first_derivative_mean"":0.0006134231538461539,""first_derivative_median"":0.00018671900000000012,""first_derivative_samples"":169,""mean"":0.04520367303529413,""median"":0.0372393325,""samples"":170,""second_derivative_mean"":9.21694047619048e-05,""second_derivative_median"":3.5784500000001114e-05,""second_derivative_samples"":168}}",12.2444
p_2000.00_4000.00_0.00_2000.00_0.1000_5055.00_0.50_1.00.smt2,2000.00,4000.00,0.00,2000.00,0.1000,5055.00,0.50,1.00,Phaserr,"Success! {""attempt_count"":{""first_derivative_mean"":0.0,""first_derivative_median"":0.0,""first_derivative_samples"":169,""mean"":0.0,""median"":0.0,""samples"":170,""second_derivative_mean"":0.0,""second_derivative_median"":0.0,""second_derivative_samples"":168},""synth_time_seconds"":{""first_derivative_mean"":0.0005877435207100592,""first_derivative_median"":0.00024088600000000005,""first_derivative_samples"":169,""mean"":0.043312991205882334,""median"":0.0364834505,""samples"":170,""second_derivative_mean"":6.939748809523815e-05,""second_derivative_median"":5.687649999999971e-05,""second_derivative_samples"":168}}",10.1581
p_2000.00_4000.00_0.00_2000.00_0.1000_5055.00_1.00_0.50.smt2,2000.00,4000.00,0.00,2000.00,0.1000,5055.00,1.00,0.50,Phaserr,"Success! {""attempt_count"":{""first_derivative_mean"":0.0,""first_derivative_median"":0.0,""first_derivative_samples"":155,""mean"":0.0,""median"":0.0,""samples"":156,""second_derivative_mean"":0.0,""second_derivative_median"":0.0,""second_derivative_samples"":154},""synth_time_seconds"":{""first_derivative_mean"":0.000641741464516129,""first_derivative_median"":0.00040428800000000004,""first_derivative_samples"":155,""mean"":0.03862329850641025,""median"":0.033169139,""samples"":156,""second_derivative_mean"":0.00014758949999999993,""second_derivative_median"":-0.00013143399999999928,""second_derivative_samples"":154}}",8.7253
p_2000.00_4000.00_0.00_2000.00_0.1000_5055.00_1.00_1.00.smt2,2000.00,4000.00,0.00,2000.00,0.1000,5055.00,1.00,1.00,Phaserr,"Success! {""attempt_count"":{""first_derivative_mean"":0.0,""first_derivative_median"":0.0,""first_derivative_samples"":155,""mean"":0.0,""median"":0.0,""samples"":156,""second_derivative_mean"":0.0,""second_derivative_median"":0.0,""second_derivative_samples"":154},""synth_time_seconds"":{""first_derivative_mean"":0.0007137617032258064,""first_derivative_median"":0.00021778000000000075,""first_derivative_samples"":155,""mean"":0.039347071153846155,""median"":0.0331307065,""samples"":156,""second_derivative_mean"":0.00020014380519480516,""second_derivative_median"":0.0002485310000000006,""second_derivative_samples"":154}}",8.7963
p_2000.00_4000.00_0.00_2000.00_0.1000_7527.50_0.50_0.50.smt2,2000.00,4000.00,0.00,2000.00,0.1000,7527.50,0.50,0.50,Phaserr,"Success! {""attempt_count"":{""first_derivative_mean"":0.0,""first_derivative_median"":0.0,""first_derivative_samples"":169,""mean"":0.0,""median"":0.0,""samples"":170,""second_derivative_mean"":0.0,""second_derivative_median"":0.0,""second_derivative_samples"":168},""synth_time_seconds"":{""first_derivative_mean"":0.0007822566863905326,""first_derivative_median"":0.00034565799999999956,""first_derivative_samples"":169,""mean"":0.04389184319411765,""median"":0.035379472499999995,""samples"":170,""second_derivative_mean"":0.0002601520595238096,""second_derivative_median"":8.539450000000053e-05,""second_derivative_samples"":168}}",11.9213
p_2000.00_4000.00_0.00_2000.00_0.1000_7527.50_0.50_1.00.smt2,2000.00,4000.00,0.00,2000.00,0.1000,7527.50,0.50,1.00,Phaserr,"Success! {""attempt_count"":{""first_derivative_mean"":0.0,""first_derivative_median"":0.0,""first_derivative_samples"":169,""mean"":0.0,""median"":0.0,""samples"":170,""second_derivative_mean"":0.0,""second_derivative_median"":0.0,""second_derivative_samples"":168},""synth_time_seconds"":{""first_derivative_mean"":0.0006235601420118341,""first_derivative_median"":0.00027553500000000036,""first_derivative_samples"":169,""mean"":0.043600871882352926,""median"":0.035859985999999996,""samples"":170,""second_derivative_mean"":9.41355952380952e-05,""second_derivative_median"":4.2889999999999855e-05,""second_derivative_samples"":168}}",10.2081
p_2000.00_4000.00_0.00_2000.00_0.1000_7527.50_1.00_0.50.smt2,2000.00,4000.00,0.00,2000.00,0.1000,7527.50,1.00,0.50,Phaserr,"Success! {""attempt_count"":{""first_derivative_mean"":0.0,""first_derivative_median"":0.0,""first_derivative_samples"":155,""mean"":0.0,""median"":0.0,""samples"":156,""second_derivative_mean"":0.0,""second_derivative_median"":0.0,""second_derivative_samples"":154},""synth_time_seconds"":{""first_derivative_mean"":0.0005618855548387096,""first_derivative_median"":0.0001406840000000003,""first_derivative_samples"":155,""mean"":0.03866127145512821,""median"":0.0322399175,""samples"":156,""second_derivative_mean"":5.8304084415584375e-05,""second_derivative_median"":0.00021169649999999967,""second_derivative_samples"":154}}",8.7939
p_2000.00_4000.00_0.00_2000.00_0.1000_7527.50_1.00_1.00.smt2,2000.00,4000.00,0.00,2000.00,0.1000,7527.50,1.00,1.00,Phaserr,"Success! {""attempt_count"":{""first_derivative_mean"":0.0,""first_derivative_median"":0.0,""first_derivative_samples"":155,""mean"":0.0,""median"":0.0,""samples"":156,""second_derivative_mean"":0.0,""second_derivative_median"":0.0,""second_derivative_samples"":154},""synth_time_seconds"":{""first_derivative_mean"":0.0006635900129032257,""first_derivative_median"":0.000176397,""first_derivative_samples"":155,""mean"":0.03890184918589743,""median"":0.0328116215,""samples"":156,""second_derivative_mean"":0.00016326587662337654,""second_derivative_median"":0.0001602684999999996,""second_derivative_samples"":154}}",10.4178
p_2000.00_4000.00_0.00_2000.00_0.1200_10000.00_0.50_0.50.smt2,2000.00,4000.00,0.00,2000.00,0.1200,10000.00,0.50,0.50,Phaserr,"Success! {""attempt_count"":{""first_derivative_mean"":0.0,""first_derivative_median"":0.0,""first_derivative_samples"":139,""mean"":0.0,""median"":0.0,""samples"":140,""second_derivative_mean"":0.0,""second_derivative_median"":0.0,""second_derivative_samples"":138},""synth_time_seconds"":{""first_derivative_mean"":0.0006761314532374101,""first_derivative_median"":0.0005114160000000006,""first_derivative_samples"":139,""mean"":0.03581450109285713,""median"":0.029256465,""samples"":140,""second_derivative_mean"":0.0002047811811594203,""second_derivative_median"":-9.829300000000103e-05,""second_derivative_samples"":138}}",7.6200
p_2000.00_4000.00_0.00_2000.00_0.1200_10000.00_0.50_1.00.smt2,2000.00,4000.00,0.00,2000.00,0.1200,10000.00,0.50,1.00,Phaserr,"Success! {""attempt_count"":{""first_derivative_mean"":0.0,""first_derivative_median"":0.0,""first_derivative_samples"":139,""mean"":0.0,""median"":0.0,""samples"":140,""second_derivative_mean"":0.0,""second_derivative_median"":0.0,""second_derivative_samples"":138},""synth_time_seconds"":{""first_derivative_mean"":0.0005610719352517985,""first_derivative_median"":0.00041271500000000013,""first_derivative_samples"":139,""mean"":0.03554627753571428,""median"":0.0294081945,""samples"":140,""second_derivative_mean"":7.100450724637676e-05,""second_derivative_median"":0.00031010350000000055,""second_derivative_samples"":138}}",7.5168
p_2000.00_4000.00_0.00_2000.00_0.1200_10000.00_1.00_0.50.smt2,2000.00,4000.00,0.00,2000.00,0.1200,10000.00,1.00,0.50,Phaserr,"Success! {""attempt_count"":{""first_derivative_mean"":0.0,""first_derivative_median"":0.0,""first_derivative_samples"":127,""mean"":0.0,""median"":0.0,""samples"":128,""second_derivative_mean"":0.0,""second_derivative_median"":0.0,""second_derivative_samples"":126},""synth_time_seconds"":{""first_derivative_mean"":0.0005340377952755906,""first_derivative_median"":0.00023688099999999955,""first_derivative_samples"":127,""mean"":0.03145870213281251,""median"":0.0281205245,""samples"":128,""second_derivative_mean"":6.560256349206361e-05,""second_derivative_median"":0.00012665300000000044,""second_derivative_samples"":126}}",6.4925
p_2000.00_4000.00_0.00_2000.00_0.1200_10000.00_1.00_1.00.smt2,2000.00,4000.00,0.00,2000.00,0.1200,10000.00,1.00,1.00,Phaserr,"Success! {""attempt_count"":{""first_derivative_mean"":0.0,""first_derivative_median"":0.0,""first_derivative_samples"":127,""mean"":0.0,""median"":0.0,""samples"":128,""second_derivative_mean"":0.0,""second_derivative_median"":0.0,""second_derivative_samples"":126},""synth_time_seconds"":{""first_derivative_mean"":0.000672183440944882,""first_derivative_median"":0.00018567199999999957,""first_derivative_samples"":127,""mean"":0.03147181280468749,""median"":0.0302566055,""samples"":128,""second_derivative_mean"":0.00024096300793650789,""second_derivative_median"":0.0001206474999999995,""second_derivative_samples"":126}}",7.9580
p_2000.00_4000.00_0.00_2000.00_0.1200_110.00_0.50_0.50.smt2,2000.00,4000.00,0.00,2000.00,0.1200,110.00,0.50,0.50,Phaserr,"Success! {""attempt_count"":{""first_derivative_mean"":0.0,""first_derivative_median"":0.0,""first_derivative_samples"":139,""mean"":0.0,""median"":0.0,""samples"":140,""second_derivative_mean"":0.0,""second_derivative_median"":0.0,""second_derivative_samples"":138},""synth_time_seconds"":{""first_derivative_mean"":0.0006946079136690647,""first_derivative_median"":0.00023514799999999926,""first_derivative_samples"":139,""mean"":0.03573569449285714,""median"":0.030927489500000002,""samples"":140,""second_derivative_mean"":0.00022586635507246383,""second_derivative_median"":9.970850000000017e-05,""second_derivative_samples"":138}}",7.5682
p_2000.00_4000.00_0.00_2000.00_0.1200_110.00_0.50_1.00.smt2,2000.00,4000.00,0.00,2000.00,0.1200,110.00,0.50,1.00,Phaserr,"Success! {""attempt_count"":{""first_derivative_mean"":0.0,""first_derivative_median"":0.0,""first_derivative_samples"":139,""mean"":0.0,""median"":0.0,""samples"":140,""second_derivative_mean"":0.0,""second_derivative_median"":0.0,""second_derivative_samples"":138},""synth_time_seconds"":{""first_derivative_mean"":0.0005701775755395683,""first_derivative_median"":0.00025700599999999973,""first_derivative_samples"":139,""mean"":0.036814689385714285,""median"":0.030351603999999997,""samples"":140,""second_derivative_mean"":7.480371014492746e-05,""second_derivative_median"":5.1400000000000924e-05,""second_derivative_samples"":138}}",7.7641
p_2000.00_4000.00_0.00_2000.00_0.1200_110.00_1.00_0.50.smt2,2000.00,4000.00,0.00,2000.00,0.1200,110.00,1.00,0.50,Phaserr,"Success! {""attempt_count"":{""first_derivative_mean"":0.0,""first_derivative_median"":0.0,""first_derivative_samples"":127,""mean"":0.0,""median"":0.0,""samples"":128,""second_derivative_mean"":0.0,""second_derivative_median"":0.0,""second_derivative_samples"":126},""synth_time_seconds"":{""first_derivative_mean"":0.0006441759133858268,""first_derivative_median"":0.00023916500000000125,""first_derivative_samples"":127,""mean"":0.030919850125,""median"":0.028044062,""samples"":128,""second_derivative_mean"":0.0002097424603174603,""second_derivative_median"":0.000357703,""second_derivative_samples"":126}}",6.4742
p_2000.00_4000.00_0.00_2000.00_0.1200_110.00_1.00_1.00.smt2,2000.00,4000.00,0.00,2000.00,0.1200,110.00,1.00,1.00,Phaserr,"Success! {""attempt_count"":{""first_derivative_mean"":0.0,""first_derivative_median"":0.0,""first_derivative_samples"":127,""mean"":0.0,""median"":0.0,""samples"":128,""second_derivative_mean"":0.0,""second_derivative_median"":0.0,""second_derivative_samples"":126},""synth_time_seconds"":{""first_derivative_mean"":0.0008034083464566928,""first_derivative_median"":0.00023075000000000005,""first_derivative_samples"":127,""mean"":0.03209765985937501,""median"":0.029398751,""samples"":128,""second_derivative_mean"":0.00037121525396825397,""second_derivative_median"":0.00017331500000000027,""second_derivative_samples"":126}}",6.5943
p_2000.00_4000.00_0.00_2000.00_0.1200_2582.50_0.50_0.50.smt2,2000.00,4000.00,0.00,2000.00,0.1200,2582.50,0.50,0.50,Phaserr,"Success! {""attempt_count"":{""first_derivative_mean"":0.0,""first_derivative_median"":0.0,""first_derivative_samples"":139,""mean"":0.0,""median"":0.0,""samples"":140,""second_derivative_mean"":0.0,""second_derivative_median"":0.0,""second_derivative_samples"":138},""synth_time_seconds"":{""first_derivative_mean"":0.0007408264964028778,""first_derivative_median"":0.0002601280000000001,""first_derivative_samples"":139,""mean"":0.03600703344285715,""median"":0.031674021999999996,""samples"":140,""second_derivative_mean"":0.0002584497028985507,""second_derivative_median"":1.0130500000000726e-05,""second_derivative_samples"":138}}",9.1565
p_2000.00_4000.00_0.00_2000.00_0.1200_2582.50_0.50_1.00.smt2,2000.00,4000.00,0.00,2000.00,0.1200,2582.50,0.50,1.00,Phaserr,"Success! {""attempt_count"":{""first_derivative_mean"":0.0,""first_derivative_median"":0.0,""first_derivative_samples"":139,""mean"":0.0,""median"":0.0,""samples"":140,""second_derivative_mean"":0.0,""second_derivative_median"":0.0,""second_derivative_samples"":138},""synth_time_seconds"":{""first_derivative_mean"":0.0007202344460431654,""first_derivative_median"":0.00015103800000000004,""first_derivative_samples"":139,""mean"":0.036770564557142844,""median"":0.030933531,""samples"":140,""second_derivative_mean"":0.00021482061594202905,""second_derivative_median"":0.00029894800000000027,""second_derivative_samples"":138}}",7.7600
p_2000.00_4000.00_0.00_2000.00_0.1200_2582.50_1.00_0.50.smt2,2000.00,4000.00,0.00,2000.00,0.1200,2582.50,1.00,0.50,Phaserr,"Success! {""attempt_count"":{""first_derivative_mean"":0.0,""first_derivative_median"":0.0,""first_derivative_samples"":127,""mean"":0.0,""median"":0.0,""samples"":128,""second_derivative_mean"":0.0,""second_derivative_median"":0.0,""second_derivative_samples"":126},""synth_time_seconds"":{""first_derivative_mean"":0.0005953232598425196,""first_derivative_median"":0.00016006600000000037,""first_derivative_samples"":127,""mean"":0.032891358992187515,""median"":0.029000421999999998,""samples"":128,""second_derivative_mean"":0.00014521623015873011,""second_derivative_median"":0.00015512099999999938,""second_derivative_samples"":126}}",6.7329
p_2000.00_4000.00_0.00_2000.00_0.1200_2582.50_1.00_1.00.smt2,2000.00,4000.00,0.00,2000.00,0.1200,2582.50,1.00,1.00,Phaserr,"Success! {""attempt_count"":{""first_derivative_mean"":0.0,""first_derivative_median"":0.0,""first_derivative_samples"":127,""mean"":0.0,""median"":0.0,""samples"":128,""second_derivative_mean"":0.0,""second_derivative_median"":0.0,""second_derivative_samples"":126},""synth_time_seconds"":{""first_derivative_mean"":0.0007319511889763781,""first_derivative_median"":0.00029319700000000025,""first_derivative_samples"":127,""mean"":0.031857911875,""median"":0.025606714500000002,""samples"":128,""second_derivative_mean"":0.00023732410317460308,""second_derivative_median"":-0.0001716749999999996,""second_derivative_samples"":126}}",6.6978
p_2000.00_4000.00_0.00_2000.00_0.1200_5055.00_0.50_0.50.smt2,2000.00,4000.00,0.00,2000.00,0.1200,5055.00,0.50,0.50,Phaserr,"Success! {""attempt_count"":{""first_derivative_mean"":0.0,""first_derivative_median"":0.0,""first_derivative_samples"":139,""mean"":0.0,""median"":0.0,""samples"":140,""second_derivative_mean"":0.0,""second_derivative_median"":0.0,""second_derivative_samples"":138},""synth_time_seconds"":{""first_derivative_mean"":0.0006900921654676258,""first_derivative_median"":0.00018067900000000043,""first_derivative_samples"":139,""mean"":0.03597375394999999,""median"":0.029832811,""samples"":140,""second_derivative_mean"":0.00021402010144927532,""second_derivative_median"":-0.00010852150000000005,""second_derivative_samples"":138}}",9.1760
p_2000.00_4000.00_0.00_2000.00_0.1200_5055.00_0.50_1.00.smt2,2000.00,4000.00,0.00,2000.00,0.1200,5055.00,0.50,1.00,Phaserr,"Success! {""attempt_count"":{""first_derivative_mean"":0.0,""first_derivative_median"":0.0,""first_derivative_samples"":139,""mean"":0.0,""median"":0.0,""samples"":140,""second_derivative_mean"":0.0,""second_derivative_median"":0.0,""second_derivative_samples"":138},""synth_time_seconds"":{""first_derivative_mean"":0.0005971039496402878,""first_derivative_median"":0.00035098400000000037,""first_derivative_samples"":139,""mean"":0.03540739787142859,""median"":0.0312169185,""samples"":140,""second_derivative_mean"":0.00011075715217391303,""second_derivative_median"":0.0003936570000000008,""second_derivative_samples"":138}}",7.5667
p_2000.00_4000.00_0.00_2000.00_0.1200_5055.00_1.00_0.50.smt2,2000.00,4000.00,0.00,2000.00,0.1200,5055.00,1.00,0.50,Phaserr,"Success! {""attempt_count"":{""first_derivative_mean"":0.0,""first_derivative_median"":0.0,""first_derivative_samples"":127,""mean"":0.0,""median"":0.0,""samples"":128,""second_derivative_mean"":0.0,""second_derivative_median"":0.0,""second_derivative_samples"":126},""synth_time_seconds"":{""first_derivative_mean"":0.0006795616692913386,""first_derivative_median"":0.0001349950000000006,""first_derivative_samples"":127,""mean"":0.030857639124999996,""median"":0.0283191125,""samples"":128,""second_derivative_mean"":0.00023454941269841266,""second_derivative_median"":2.822849999999967e-05,""second_derivative_samples"":126}}",6.4514
p_2000.00_4000.00_0.00_2000.00_0.1200_5055.00_1.00_1.00.smt2,2000.00,4000.00,0.00,2000.00,0.1200,5055.00,1.00,1.00,Phaserr,"Success! {""attempt_count"":{""first_derivative_mean"":0.0,""first_derivative_median"":0.0,""first_derivative_samples"":127,""mean"":0.0,""median"":0.0,""samples"":128,""second_derivative_mean"":0.0,""second_derivative_median"":0.0,""second_derivative_samples"":126},""synth_time_seconds"":{""first_derivative_mean"":0.0006729299291338582,""first_derivative_median"":0.00028874,""first_derivative_samples"":127,""mean"":0.03156827672656251,""median"":0.029126674499999998,""samples"":128,""second_derivative_mean"":0.0001909737063492064,""second_derivative_median"":0.00010132249999999978,""second_derivative_samples"":126}}",6.5024
p_2000.00_4000.00_0.00_2000.00_0.1200_7527.50_0.50_0.50.smt2,2000.00,4000.00,0.00,2000.00,0.1200,7527.50,0.50,0.50,Phaserr,"Success! {""attempt_count"":{""first_derivative_mean"":0.0,""first_derivative_median"":0.0,""first_derivative_samples"":139,""mean"":0.0,""median"":0.0,""samples"":140,""second_derivative_mean"":0.0,""second_derivative_median"":0.0,""second_derivative_samples"":138},""synth_time_seconds"":{""first_derivative_mean"":0.0007404852877697841,""first_derivative_median"":0.00026921400000000026,""first_derivative_samples"":139,""mean"":0.036042921514285696,""median"":0.029489881,""samples"":140,""second_derivative_mean"":0.0002563002246376811,""second_derivative_median"":0.00013381899999999987,""second_derivative_samples"":138}}",7.5665
p_2000.00_4000.00_0.00_2000.00_0.1200_7527.50_0.50_1.00.smt2,2000.00,4000.00,0.00,2000.00,0.1200,7527.50,0.50,1.00,Phaserr,"Success! {""attempt_count"":{""first_derivative_mean"":0.0,""first_derivative_median"":0.0,""first_derivative_samples"":139,""mean"":0.0,""median"":0.0,""samples"":140,""second_derivative_mean"":0.0,""second_derivative_median"":0.0,""second_derivative_samples"":138},""synth_time_seconds"":{""first_derivative_mean"":0.000698313345323741,""first_derivative_median"":0.0001815549999999999,""first_derivative_samples"":139,""mean"":0.03633207304999999,""median"":0.031441402,""samples"":140,""second_derivative_mean"":0.000199784231884058,""second_derivative_median"":1.99120000000004e-05,""second_derivative_samples"":138}}",9.2902
p_2000.00_4000.00_0.00_2000.00_0.1200_7527.50_1.00_0.50.smt2,2000.00,4000.00,0.00,2000.00,0.1200,7527.50,1.00,0.50,Phaserr,"Success! {""attempt_count"":{""first_derivative_mean"":0.0,""first_derivative_median"":0.0,""first_derivative_samples"":127,""mean"":0.0,""median"":0.0,""samples"":128,""second_derivative_mean"":0.0,""second_derivative_median"":0.0,""second_derivative_samples"":126},""synth_time_seconds"":{""first_derivative_mean"":0.0005335681811023623,""first_derivative_median"":0.00013480399999999965,""first_derivative_samples"":127,""mean"":0.0318680251015625,""median"":0.026393876,""samples"":128,""second_derivative_mean"":8.666740476190481e-05,""second_derivative_median"":0.00013097599999999012,""second_derivative_samples"":126}}",6.6030
p_2000.00_4000.00_0.00_2000.00_0.1200_7527.50_1.00_1.00.smt2,2000.00,4000.00,0.00,2000.00,0.1200,7527.50,1.00,1.00,Phaserr,"Success! {""attempt_count"":{""first_derivative_mean"":0.0,""first_derivative_median"":0.0,""first_derivative_samples"":127,""mean"":0.0,""median"":0.0,""samples"":128,""second_derivative_mean"":0.0,""second_derivative_median"":0.0,""second_derivative_samples"":126},""synth_time_seconds"":{""first_derivative_mean"":0.0006798782834645669,""first_derivative_median"":0.0003426330000000002,""first_derivative_samples"":127,""mean"":0.03163281905468749,""median"":0.028573927,""samples"":128,""second_derivative_mean"":0.00021335733333333333,""second_derivative_median"":-0.00017798799999999958,""second_derivative_samples"":126}}",6.5020
